Book Id,Title,Author,Author l-f,Additional Authors,ISBN,ISBN13,My Rating,Publisher,Binding,Number of Pages,Year Published,Original Publication Year,Date Read,Date Added,Bookshelves,Bookshelves with positions,Exclusive Shelf,My Review,Spoiler,Private Notes,Read Count,Owned Copies
240019660,Heather,Caitlin Mullen,"Mullen, Caitlin",,"=""1250400570""","=""9781250400574""",2.0,Celadon Books,Hardcover,352,2026,2026,2026/07/23,2026/07/23,,,read,,,,1,0
217204419,I See You've Called in Dead,John Kenney,"Kenney, John",,"=""""","=""9798989923014""",2.0,Zibby Publishing,Hardcover,294,2025,2025,2026/07/22,2026/07/21,,,read,,,,1,0
238226950,My Dear You,Rachel Khong,"Khong, Rachel",,"=""0593803698""","=""9780593803691""",4.0,Knopf,Hardcover,240,2026,2026,2026/07/21,2026/07/21,,,read,,,,1,0
242678102,Homebound,Portia Elan,"Elan, Portia",,"=""1668201739""","=""9781668201732""",0,Scribner,Hardcover,304,2026,2026,,2026/07/21,to-read,to-read (#343),to-read,,,,0,0
240019585,Tenderness,Rowan Beaird,"Beaird, Rowan",,"=""1250386691""","=""9781250386694""",0,Flatiron Books,Hardcover,304,2026,2026,,2026/07/21,to-read,to-read (#342),to-read,,,,0,0
216522711,The Eights,Joanna  Miller,"Miller, Joanna",,"=""0593851412""","=""9780593851418""",0,G.P. Putnam's Sons,Hardcover,384,2025,2025,,2026/07/21,to-read,to-read (#341),to-read,,,,0,0
243497082,Alan Opts Out,Courtney Maum,"Maum, Courtney",,"=""0316599107""","=""9780316599108""",4.0,"Little, Brown and Company",Hardcover,352,2026,2026,2026/07/20,2026/07/21,,,read,,,,1,0
243039897,Famous Men,Julie Buntin,"Buntin, Julie",,"=""0593229959""","=""9780593229958""",4.0,Random House,Hardcover,380,2026,2026,2026/07/19,2026/07/19,,,read,,,,1,0
240114287,Nerve Damage,Annakeara Stinson,"Stinson, Annakeara",,"=""0593803779""","=""9780593803776""",4.0,Knopf,Hardcover,240,2026,2026,2026/07/17,2026/07/17,,,read,,,,1,0
241392662,I Want You to Be Happy,Jem  Calder,"Calder, Jem",,"=""0374620555""","=""9780374620554""",4.0,"Farrar, Straus and Giroux",Hardcover,272,2026,2026,2026/07/16,2026/07/16,,,read,,,,1,0
240019567,The Great Wherever,Shannon Sanders,"Sanders, Shannon",,"=""1250421675""","=""9781250421678""",2.0,Henry Holt and Co.,Hardcover,416,2026,2026,2026/07/15,2026/07/15,,,read,,,,1,0
242978423,The Simp: A Novel Without a Hero,Roshan Sethi,"Sethi, Roshan",,"=""1668211025""","=""9781668211021""",4.0,Simon & Schuster,Hardcover,304,2026,2026,2026/07/13,2026/07/12,,,read,,,,1,0
242518677,Country People,Daniel       Mason,"Mason, Daniel",,"=""""","=""9798217197453""",4.0,Random House,Hardcover,320,2026,2026,2026/07/13,2026/07/12,,,read,,,,1,0
240688584,Waiting on a Friend,Natalie Adler,"Adler, Natalie",,"=""0593734025""","=""9780593734025""",5.0,Hogarth,Hardcover,288,2026,2026,2026/07/10,2026/07/10,,,read,,,,1,0
239744702,Frida Slattery as Herself,Ana Kinsella,"Kinsella, Ana",,"=""0063465205""","=""9780063465206""",4.0,Ecco,Hardcover,496,2026,2026,2026/07/07,2026/07/07,,,read,,,,1,0
242252957,The Shampoo Effect,Jenny   Jackson,"Jackson, Jenny",,"=""""","=""9798217059959""",4.0,Pamela Dorman Books,Hardcover,352,2026,2026,2026/07/06,2026/07/07,,,read,,,,1,0
221228031,My Sister and Other Lovers,Esther Freud,"Freud, Esther",,"=""0063434474""","=""9780063434479""",0,Ecco,Hardcover,288,2025,,,2026/07/06,to-read,to-read (#340),to-read,,,,0,0
224076369,Drayton and Mackenzie,Alexander Starritt,"Starritt, Alexander",,"=""1800755279""","=""9781800755277""",5.0,Swift Press,Kindle Edition,579,2025,2025,2026/07/05,2026/07/05,,,read,,,,1,0
47780,Hunting and Gathering,Anna Gavalda,"Gavalda, Anna",,"=""159448144X""","=""9781594481444""",0,Penguin Publishing Group,Paperback,488,2007,2004,,2026/06/27,to-read,to-read (#339),to-read,,,,0,0
208511270,On the Calculation of Volume I,Solvej Balle,"Balle, Solvej",Barbara J. Haveland,"=""0811237257""","=""9780811237253""",5.0,New Directions,Paperback,176,2024,2020,2026/06/15,2026/06/16,,,read,,,,1,0
244713921,Back Where We Started,Becca Freeman,"Freeman, Becca",,"=""0143138049""","=""9780143138044""",0,Penguin Books,Paperback,368,2026,2026,2026/06/13,2026/06/13,,,read,,,,1,0
113744,Samuel Johnson Is Indignant,Lydia Davis,"Davis, Lydia",,"=""0312420560""","=""9780312420567""",5.0,Picador,Paperback,201,2002,2001,2026/06/05,2026/06/11,,,read,,,,1,0
239433082,Boring Asian Female,Canwen Xu,"Xu, Canwen",,"=""0593954580""","=""9780593954584""",3.0,Berkley,Hardcover,336,2026,2026,2026/06/10,2026/06/11,,,read,,,,1,0
44177960,Chances Are . . .,Richard Russo,"Russo, Richard",,"=""""","=""""",3.0,Knopf,ebook,320,2019,2017,2019/09/07,2019/09/07,,,read,,,,1,0
242693052,Whistler,Ann Patchett,"Patchett, Ann",,"=""0063511630""","=""9780063511637""",5.0,Harper,Hardcover,304,2026,2026,2026/06/06,2026/06/06,,,read,,,,1,0
234943545,More Than Enough,Anna Quindlen,"Quindlen, Anna",,"=""0593734602""","=""9780593734605""",4.0,Random House,Hardcover,256,2026,2026,2026/05/31,2025/11/11,26-releases,26-releases (#1),read,,,,1,0
5705182,The Long Prospect,Elizabeth Harrower,"Harrower, Elizabeth",Fiona McGregor,"=""020713846X""","=""9780207138461""",0,Text Publishing,Paperback,277,2012,1958,,2026/05/24,to-read,to-read (#338),to-read,,,,0,0
238766796,Dear Monica Lewinsky,Julia Langbein,"Langbein, Julia",,"=""0385551509""","=""9780385551502""",5.0,Doubleday,Hardcover,320,2026,2026,2026/05/23,2026/05/23,,,read,,,,1,0
214537791,A Sharp Endless Need,Mac (Marisa) Crane,"Crane, Mac (Marisa)",,"=""0593733649""","=""9780593733646""",0,The Dial Press,Hardcover,256,2025,2025,,2026/05/19,to-read,to-read (#337),to-read,,,,0,0
238226991,London Falling: A Mysterious Death in a Gilded City and a Family's Search for Truth,Patrick Radden Keefe,"Keefe, Patrick Radden",,"=""0385548532""","=""9780385548533""",0,Doubleday,Hardcover,361,2026,2026,,2026/05/19,to-read,to-read (#336),to-read,,,,0,0
235672456,Lake Effect,Cynthia D'Aprix Sweeney,"Sweeney, Cynthia D'Aprix",,"=""0063377683""","=""9780063377684""",4.0,Ecco,Hardcover,288,2026,2026,2026/05/17,2026/04/25,,,read,,,,1,0
223908226,Heap Earth Upon It,Chloe Michelle Howarth,"Howarth, Chloe Michelle",,"=""0857309064""","=""9780857309068""",0,VERVE Books,Kindle Edition,281,2025,2025,,2026/05/15,to-read,to-read (#335),to-read,,,,0,0
75715117,Sunburn,Chloe Michelle Howarth,"Howarth, Chloe Michelle",,"=""0857308416""","=""9780857308412""",0,VERVE Books,Paperback,288,2023,2023,,2026/05/15,to-read,to-read (#334),to-read,,,,0,0
52545816,Famesick,Lena Dunham,"Dunham, Lena",,"=""1460713052""","=""9781460713051""",4.0,HarperCollins,ebook,288,,2026,2026/05/14,2026/05/14,,,read,,,,1,0
239152335,Go Gentle,Maria Semple,"Semple, Maria",,"=""""","=""9798217176632""",3.0,G.P. Putnam's Sons,Hardcover,384,2026,2026,2026/05/11,2026/05/12,,,read,,,,1,0
216384422,Living Expenses,Teri Vlassopoulos,"Vlassopoulos, Teri",,"=""1778430678""","=""9781778430671""",4.0,Invisible Books,Paperback,320,2025,,2026/05/02,2026/05/02,,,read,,,,1,0
235992501,Permanence,Sophie Mackintosh,"Mackintosh, Sophie",,"=""1668206528""","=""9781668206522""",5.0,Avid Reader Press / Simon & Schuster,Hardcover,240,2026,2026,2026/04/29,2026/04/30,,,read,,,,1,0
62951865,Night Watch,Jayne Anne Phillips,"Phillips, Jayne Anne",,"=""0451493338""","=""9780451493330""",0,Knopf,Hardcover,276,2023,2023,,2026/04/26,to-read,to-read (#333),to-read,,,,0,0
235992685,"Like This, But Funnier",Hallie Cantor,"Cantor, Hallie",,"=""1668088584""","=""9781668088586""",4.0,Simon & Schuster,Hardcover,304,2026,2026,2026/04/25,2026/04/25,,,read,,,,1,0
216371549,The Pretender,Jo Harkin,"Harkin, Jo",,"=""0593803302""","=""9780593803301""",3.0,"Knopf, Pantheon, Vintage, and Anchor",Hardcover,496,2025,2025,2026/04/22,2026/03/01,,,read,,,,1,0
220114865,Gunk,Saba Sams,"Sams, Saba",,"=""1526621819""","=""9781526621818""",4.0,Bloomsbury Circus,Kindle Edition,224,2025,2025,2026/04/22,2026/04/23,,,read,,,,1,0
236117071,Clutch,Emily Nemens,"Nemens, Emily",,"=""1963108663""","=""9781963108668""",0,Tin House,Hardcover,400,2026,2026,,2026/04/22,to-read,to-read (#332),to-read,,,,0,0
214152261,Flesh,David Szalay,"Szalay, David",,"=""198212279X""","=""9781982122799""",5.0,Scribner,Hardcover,368,2025,2025,2026/04/20,2026/02/25,,,read,,,,1,0
2471029,The Georges' wife,Elizabeth Jolley,"Jolley, Elizabeth",,"=""0670852651""","=""9780670852659""",5.0,,Hardcover,182,1993,1993,2026/04/19,2026/04/18,,,read,,,,1,0
239051491,American Fantasy,Emma Straub,"Straub, Emma",,"=""""","=""9798217046850""",3.0,Riverhead Books,Hardcover,304,2026,2026,2026/04/17,2026/04/17,,,read,,,,1,0
238226942,Yesteryear,Caro Claire Burke,"Burke, Caro Claire",,"=""""","=""""",4.0,Knopf,Hardcover,400,2026,2026,2026/04/13,2026/04/13,,,read,,,,1,0
220239083,"A Marriage at Sea: A True Story of Love, Obsession, and Shipwreck",Sophie Elmhirst,"Elmhirst, Sophie",,"=""0593854284""","=""9780593854280""",4.0,Riverhead Books,Hardcover,256,2025,2024,,2026/04/12,,,read,,,,1,0
235992281,I Am Agatha: A Novel,Nancy Foley,"Foley, Nancy",,"=""1668098571""","=""9781668098578""",0,Avid Reader Press / Simon & Schuster,Hardcover,256,2026,,,2026/04/12,to-read,to-read (#331),to-read,,,,0,0
235992675,"So Old, So Young",Grant Ginder,"Ginder, Grant",,"=""166805177X""","=""9781668051771""",4.0,Gallery/Scout Press,Hardcover,384,2026,2026,2026/04/03,2026/04/03,,,read,,,,1,0
129972,"Mrs. Bridge (Mrs and Mr Bridge, #1)",Evan S. Connell,"Connell, Evan S.",,"=""0865470561""","=""9780865470569""",0,North Point Press,Paperback,246,1981,1959,,2026/03/30,to-read,to-read (#330),to-read,,,,0,0
217387701,The Sisters,Jonas Hassen Khemiri,"Khemiri, Jonas Hassen",,"=""0374618895""","=""9780374618896""",4.0,"Farrar, Straus and Giroux",Hardcover,656,2025,2023,2026/03/28,2025/06/26,,,read,,,,1,0
221251742,Moderation,Elaine Castillo,"Castillo, Elaine",,"=""0593489667""","=""9780593489666""",0,Viking,Hardcover,320,2025,2025,,2026/03/29,to-read,to-read (#329),to-read,,,,0,0
191746386,"The Wide Wide Sea: Imperial Ambition, First Contact and the Fateful Final Voyage of Captain James Cook",Hampton Sides,"Sides, Hampton",,"=""0385544766""","=""9780385544764""",0,Doubleday,Hardcover,408,2024,2024,,2026/03/21,to-read,to-read (#328),to-read,,,,0,0
220161058,Apple in China: The Capture of the World's Greatest Company,Patrick  McGee,"McGee, Patrick",,"=""1668053373""","=""9781668053379""",0,Scribner,Hardcover,448,2025,2025,,2026/03/21,to-read,to-read (#327),to-read,,,,0,0
203708995,The Friday Afternoon Club: A Family Memoir,Griffin Dunne,"Dunne, Griffin",,"=""0593652827""","=""9780593652824""",0,Penguin Press,Hardcover,400,2024,2024,,2026/03/21,to-read,to-read (#326),to-read,,,,0,0
100787,"When Hollywood Had a King: The Reign of Lew Wasserman, Who Leveraged Talent into Power and Influence",Connie Bruck,"Bruck, Connie",,"=""0812972171""","=""9780812972177""",0,Random House Publishing Group,Paperback,528,2004,2003,,2026/03/21,to-read,to-read (#325),to-read,,,,0,0
35734069,The Best Cook in the World,Rick Bragg,"Bragg, Rick",,"=""0525588663""","=""9780525588665""",0,Books on Tape,Audio CD,,2018,2018,,2026/03/21,to-read,to-read (#324),to-read,,,,0,0
220160387,The Director,Daniel Kehlmann,"Kehlmann, Daniel",Ross Benjamin,"=""1668087790""","=""9781668087794""",4.0,S&S/Summit Books,Hardcover,352,2025,2023,2026/03/14,2025/12/26,,,read,,,,1,0
222376558,Before I Forget,Tory Henwood Hoen,"Hoen, Tory Henwood",,"=""1250276799""","=""9781250276797""",3.0,St. Martin's Press,Hardcover,274,2025,2025,2026/03/09,2026/03/09,,,read,,,,1,0
185826406,French Windows,Antoine Laurain,"Laurain, Antoine",,"=""1913547752""","=""9781913547752""",0,Gallic Books,Hardcover,175,2024,2023,,2026/02/25,to-read,to-read (#323),to-read,,,,0,0
231127175,Lost Lambs,Madeline Cash,"Cash, Madeline",,"=""0374619239""","=""9780374619237""",4.0,"Farrar, Straus and Giroux",Hardcover,323,2026,2026,2026/02/23,2026/02/23,,,read,,,,1,0
231681778,Discipline,Larissa Pham,"Pham, Larissa",,"=""0593979648""","=""9780593979648""",0,Random House,Hardcover,224,2026,2026,,2026/02/22,to-read,to-read (#322),to-read,,,,0,0
7632696,The Cookbook Collector,Allegra Goodman,"Goodman, Allegra",,"=""0385340850""","=""9780385340854""",3.0,The Dial Press,Hardcover,394,2010,2010,2026/02/18,2026/02/19,,,read,,,,1,0
3636,"The Giver (Giver, #1)",Lois Lowry,"Lowry, Lois",,"=""0385732554""","=""9780385732550""",4.0,Ember,Paperback,208,2006,1993,2026/02/16,2013/01/06,,,read,,,,1,0
241042892,Good News,Alexa Yasemin Brahme,"Brahme, Alexa Yasemin",,"=""1643757423""","=""9781643757421""",0,Algonquin Books,Hardcover,288,2026,2026,2026/02/14,2026/02/14,,,read,,,,1,0
14963,A Wedding in December,Anita Shreve,"Shreve, Anita",,"=""0316154512""","=""9780316154512""",4.0,Back Bay Books,Paperback,352,2005,2005,2026/02/13,2026/02/14,,,read,,,,1,0
36373372,Ohio,Stephen Markley,"Markley, Stephen",,"=""1501174479""","=""9781501174476""",0,Simon & Schuster,Hardcover,484,2018,2018,,2026/02/11,to-read,to-read (#321),to-read,,,,0,0
12823480,The Forgotten Waltz,Anne Enright,"Enright, Anne",,"=""0393342581""","=""9780393342581""",0,W. W. Norton & Company,Paperback,272,2012,2011,,2026/02/11,to-read,to-read (#320),to-read,,,,0,0
168632462,Stone Yard Devotional,Charlotte  Wood,"Wood, Charlotte",,"=""""","=""""",3.0,Allen & Unwin,ebook,320,2023,2023,2026/02/08,2026/02/11,,,read,,,,1,0
212806636,Isola,Allegra Goodman,"Goodman, Allegra",,"=""""","=""""",0,The Dial Press,Hardcover,346,2025,2025,,2026/02/07,to-read,to-read (#319),to-read,,,,0,0
233717140,Good People,Patmeena Sabit,"Sabit, Patmeena",,"=""0593801067""","=""9780593801062""",0,Crown,Hardcover,400,2026,2026,,2026/02/07,to-read,to-read (#318),to-read,,,,0,0
19100997,The Arsonist,Sue Miller,"Miller, Sue",,"=""0307594793""","=""9780307594792""",5.0,Knopf,Hardcover,320,2014,2014,2026/02/04,2026/02/05,,,read,,,,1,0
231126811,Best Offer Wins,Marisa Kashino,"Kashino, Marisa",,"=""1250400546""","=""9781250400543""",0,Celadon Books,Hardcover,288,2025,2025,2026/01/31,2026/01/31,,,read,,,,1,0
240424526,Half His Age,Jennette McCurdy,"McCurdy, Jennette",,"=""0593723732""","=""9780593723739""",0,Ballantine Books,Hardcover,288,2026,2026,2026/01/30,2026/01/16,26-releases,26-releases (#6),read,,,,1,0
222683974,The Loneliness of Sonia and Sunny,Kiran Desai,"Desai, Kiran",,"=""0307700151""","=""9780307700155""",2.0,Hogarth,Hardcover,670,2025,2025,2026/01/27,2026/01/27,,,read,,,,1,0
41977,Circle of Friends,Maeve Binchy,"Binchy, Maeve",,"=""0099498596""","=""9780099498599""",5.0,Arrow,Paperback,722,2006,1990,2026/01/24,2026/01/05,friendship,friendship (#4),read,,,,1,0
231108670,Strangers: A Memoir of Marriage,Belle Burden,"Burden, Belle",,"=""0593733312""","=""9780593733318""",4.0,The Dial Press,Hardcover,241,2026,2026,2026/01/23,2026/01/23,,,read,,,,1,0
110200674,Something About Her,Clementine Taylor,"Taylor, Clementine",,"=""0593544307""","=""9780593544303""",0,G.P. Putnam's Sons,Kindle Edition,288,2023,2023,,2026/01/18,to-read,to-read (#317),to-read,,,,0,0
157669,The Distance Between Us,Maggie O'Farrell,"O'Farrell, Maggie",,"=""0755302664""","=""9780755302666""",0,Headline Review,Paperback,384,2005,2004,,2026/01/18,to-read,to-read (#316),to-read,,,,0,0
220160476,Slanting Towards the Sea,Lidija Hilje,"Hilje, Lidija",,"=""1668078678""","=""9781668078679""",0,Simon & Schuster,Hardcover,336,2025,2025,,2026/01/18,to-read,to-read (#315),to-read,,,,0,0
235993013,Is This a Cry for Help?,Emily R. Austin,"Austin, Emily R.",,"=""1668200236""","=""9781668200230""",0,Atria Books,Hardcover,304,2026,2026,,2026/01/18,to-read,to-read (#314),to-read,,,,0,0
213870076,The Strange Case of Jane O.,Karen Thompson Walker,"Walker, Karen Thompson",,"=""1984853945""","=""9781984853943""",4.0,Random House,Hardcover,278,2025,2025,2026/01/17,2025/11/29,,,read,,,,1,0
233008942,Crux,Gabriel Tallent,"Tallent, Gabriel",,"=""0593714180""","=""9780593714188""",0,Riverhead Books,Hardcover,416,2026,2026,,2026/01/16,to-read,to-read (#313),to-read,,,,0,0
235992790,The Old Fire,Elisa Shua Dusapin,"Dusapin, Elisa Shua",Aneesa Abbas Higgins,"=""1668212218""","=""9781668212219""",0,S&S/Summit Books,Hardcover,192,2026,2023,,2026/01/16,to-read,to-read (#312),to-read,,,,0,0
231363320,Scavengers,Kathleen  Boland,"Boland, Kathleen",,"=""0593834488""","=""9780593834480""",0,Viking,Hardcover,304,2026,2026,,2026/01/16,"to-read, 26-releases","to-read (#311), 26-releases (#5)",to-read,,,,0,0
242569586,"Sophie, Standing There",Meg Mason,"Mason, Meg",,"=""1526663996""","=""9781526663993""",0,Bloomsbury Publishing,Kindle Edition,352,2026,2026,,2026/01/16,"to-read, 26-releases","to-read (#310), 26-releases (#4)",to-read,,,,0,0
244969690,Switzy,Emma Cline,"Cline, Emma",,"=""0593595246""","=""9780593595244""",0,Random House,Hardcover,352,2026,2026,,2026/01/16,"to-read, 26-releases","to-read (#309), 26-releases (#3)",to-read,,,,0,0
238226943,This Is Not About Us,Allegra Goodman,"Goodman, Allegra",,"=""0593447840""","=""9780593447840""",0,The Dial Press,Hardcover,336,2026,2026,,2025/11/11,"to-read, 26-releases","to-read (#283), 26-releases (#2)",to-read,,,,0,0
214269337,Raising Hare: A Memoir,Chloe Dalton,"Dalton, Chloe",,"=""0593701844""","=""9780593701843""",5.0,Pantheon,Hardcover,285,2025,2025,2026/01/14,2026/01/15,,,read,,,,1,0
62646531,Kiss Me in the Coral Lounge: Intimate Confessions from a Happy Marriage,Helen Ellis,"Ellis, Helen",,"=""0385548206""","=""9780385548205""",4.0,Doubleday,Hardcover,224,2023,2023,2026/01/12,2025/11/30,,,read,,,,1,0
220160925,Mailman: My Wild Ride Delivering the Mail in Appalachia and Finally Finding Home,Stephen Starring Grant,"Grant, Stephen Starring",,"=""1668018047""","=""9781668018040""",4.0,Simon & Schuster,Hardcover,304,2025,2025,2026/01/10,2025/11/23,,,read,"A beautiful and comforting read. Gave me new insight/appreciation for USPS, Appalachia, and the profundity of nature and service.<br/><br/>Some minor quibbles: <br/>- I wish the editor had caught some repetition (Grant uses “cast-iron certainty”) at least three times; an affluent neighborhood is described the same way in two different chapters, etc.)<br/>- Grant’s relationship with his parents, particularly his dad, is consistently alluded to without any true exploration. We know it was somewhat dysfunctional and his dad plays a very important role in Grant’s personality, choices, and more, but he could’ve gone much deeper. <br/>",,,2,0
25242224,"The Story of the Lost Child (Neapolitan Novels, #4)",Elena Ferrante,"Ferrante, Elena",Ann Goldstein,"=""1609452860""","=""9781609452865""",4.0,Europa Editions,Paperback,473,2015,2014,2026/01/07,2026/01/08,,,read,,,,1,0
46456,The Women's Room,Marilyn French,"French, Marilyn",,"=""1860492827""","=""9781860492822""",0,Little Brown and Company,Paperback,526,1997,1977,,2026/01/05,"to-read, friendship","to-read (#308), friendship (#7)",to-read,,,,0,0
398352,The Enchanted April,Elizabeth von Arnim,"Arnim, Elizabeth von",,"=""1590172256""","=""9781590172254""",0,NYRB Classics,Paperback,247,2007,1922,,2026/01/05,"to-read, friendship","to-read (#307), friendship (#6)",to-read,,,,0,0
127390,Talk Before Sleep,Elizabeth Berg,"Berg, Elizabeth",,"=""0345491254""","=""9780345491251""",0,Random House Publishing Group,Paperback,240,2006,1993,,2026/01/05,to-read,to-read (#306),to-read,,,,0,0
17650,The Robber Bride,Margaret Atwood,"Atwood, Margaret",,"=""""","=""""",0,Vintage,Paperback,528,1998,1993,,2026/01/05,"to-read, friendship","to-read (#305), friendship (#5)",to-read,,,,0,0
11486,"The Color Purple (The Color Purple, #1)",Alice Walker,"Walker, Alice",,"=""""","=""""",0,Pocket,Paperback,295,2004,1982,,2026/01/05,"friendship, to-read","friendship (#3), to-read (#304)",to-read,,,,0,0
56197486,Inseparable,Simone de Beauvoir,"Beauvoir, Simone de","Sandra  Smith, Margaret Atwood","=""0063075040""","=""9780063075047""",0,Ecco,Hardcover,176,2021,2020,,2026/01/05,"to-read, friendship","to-read (#303), friendship (#2)",to-read,,,,0,0
11346,Sula,Toni Morrison,"Morrison, Toni",,"=""0452283868""","=""9780452283862""",0,Plume,Paperback,174,2002,1973,,2026/01/05,"to-read, friendship","to-read (#302), friendship (#1)",to-read,,,,0,0
23156040,"Those Who Leave and Those Who Stay (Neapolitan Novels, #3)",Elena Ferrante,"Ferrante, Elena",Ann Goldstein,"=""""","=""""",4.0,Europa Editions,Paperback,418,2014,2013,2026/01/03,2026/01/03,,,read,,,,1,0
17465515,"The Story of a New Name (Neapolitan Novels, #2)",Elena Ferrante,"Ferrante, Elena",Ann Goldstein,"=""""","=""""",5.0,Europa Editions,Paperback,471,2013,2012,2026/01/01,2025/12/30,,,read,,,,1,0
35036409,"My Brilliant Friend (Neapolitan Novels, #1)",Elena Ferrante,"Ferrante, Elena",Ann Goldstein,"=""""","=""""",4.0,Penguin Random House ,Paperback,331,2012,2011,2025/12/26,2025/12/26,,,read,,,,1,0
216247518,Audition,Katie Kitamura,"Kitamura, Katie",,"=""059385232X""","=""9780593852323""",4.0,Riverhead Books,Hardcover,197,2025,2025,2025/04/13,2025/04/13,,,read,,,,1,0
219520678,Among Friends,Hal Ebbott,"Ebbott, Hal",,"=""0593854195""","=""9780593854198""",3.0,Riverhead Books,Hardcover,309,2025,2025,2025/06/30,2025/06/21,,,read,"I don’t think I can rate this one because while from a technical POV it was extremely well-done, I hated almost every second of it",,,1,0
211004034,Workhorse,Caroline Palmer,"Palmer, Caroline",,"=""1250360080""","=""9781250360083""",3.0,Flatiron Books,Hardcover,560,2025,2025,2025/11/07,2025/11/07,,,read,,,,1,0
226747123,Like Family,Erin O. White,"White, Erin O.",,"=""0593978552""","=""9780593978559""",3.0,The Dial Press,Hardcover,320,2025,2025,2025/12/02,2025/11/11,,,read,,,,1,0
212806663,Bibliophobia,Sarah Chihaya,"Chihaya, Sarah",,"=""059359472X""","=""9780593594728""",3.0,Random House,Hardcover,240,2025,2025,2025/11/30,2025/11/30,,,read,,,,1,0
52085140,The Unselected Journals of Emma M. Lion: Vol. 1,Beth Brower,"Brower, Beth",,"=""0998063614""","=""9780998063614""",4.0,Rhysdon Press,Paperback,107,2019,2019,2025/12/18,2025/12/20,,,read,,,,1,0
6033525,The Indifferent Stars Above: The Harrowing Saga of a Donner Party Bride,Daniel James Brown,"Brown, Daniel James",,"=""0061348104""","=""9780061348105""",4.0,William Morrow,Hardcover,352,2009,2009,2025/12/14,2025/12/14,,,read,,,,1,0
10306358,We the Animals,Justin Torres,"Torres, Justin",,"=""0547576722""","=""9780547576725""",0,Houghton Mifflin Harcourt,Hardcover,128,2011,2011,,2025/12/13,to-read,to-read (#301),to-read,,,,0,0
213918847,What a Time to Be Alive,Jenny Mustard,"Mustard, Jenny",,"=""1399740849""","=""9781399740845""",0,Sceptre,Kindle Edition,304,2025,2025,,2025/12/12,to-read,to-read (#300),to-read,,,,0,0
200479141,Pity Party,Daisy Buchanan,"Buchanan, Daisy",,"=""1408725622""","=""9781408725627""",0,Sphere,Hardcover,352,2024,2024,,2025/12/12,to-read,to-read (#299),to-read,,,,0,0
30658435,One Day We'll All Be Dead and None of This Will Matter,Scaachi Koul,"Koul, Scaachi",,"=""0385685351""","=""9780385685351""",0,Doubleday Canada,Hardcover,241,2017,2017,,2025/12/10,to-read,to-read (#298),to-read,,,,0,0
432082,Sweet Talk,Stephanie Vaughn,"Vaughn, Stephanie",,"=""0517091135""","=""9780517091135""",0,Random House Value Publishing,Hardcover,194,1992,1990,,2025/12/10,to-read,to-read (#297),to-read,,,,0,0
228665865,The Award,Matthew Pearl,"Pearl, Matthew",,"=""0063445271""","=""9780063445277""",3.0,Harper,Hardcover,256,2025,2025,2025/12/07,2025/12/07,,,read,,,,1,0
218185743,Bat Eater and Other Names for Cora Zeng,Kylie Lee Baker,"Baker, Kylie Lee",,"=""0778368459""","=""9780778368458""",0,MIRA,Hardcover,304,2025,2025,,2025/12/05,to-read,to-read (#296),to-read,,,,0,0
23281949,The Life and Death of Sophie Stark,Anna North,"North, Anna",,"=""0399173390""","=""9780399173394""",0,Blue Rider Press,Hardcover,288,2015,2015,,2025/12/02,to-read,to-read (#295),to-read,,,,0,0
222376836,"Life, and Death, and Giants",Ron Rindo,"Rindo, Ron",,"=""1250375339""","=""9781250375339""",0,St. Martin's Press,Hardcover,336,2025,2025,,2025/12/02,to-read,to-read (#294),to-read,,,,0,0
216325984,The Float Test,Lynn Steger Strong,"Strong, Lynn Steger",,"=""0063390736""","=""9780063390737""",3.0,Mariner Books,Hardcover,272,2025,2025,2025/11/12,2025/11/12,,,read,,,,1,0
59629744,Diary of a Void,Emi Yagi,"Yagi, Emi","David  Boyd, Lucy North","=""0143136879""","=""9780143136873""",0,Viking,Hardcover,213,2022,2020,,2025/11/30,to-read,to-read (#293),to-read,,,,0,0
58284121,Love & Saffron,Kim Fay,"Fay, Kim",,"=""0593419332""","=""9780593419335""",0,G.P. Putnam's Sons,Hardcover,208,2022,2022,,2025/11/30,to-read,to-read (#292),to-read,,,,0,0
61358640,Old God's Time,Sebastian Barry,"Barry, Sebastian",,"=""0593296109""","=""9780593296103""",0,Viking,Hardcover,261,2023,2023,,2025/11/30,to-read,to-read (#291),to-read,,,,0,0
224003979,Year of the Water Horse: A Memoir,Janice Page,"Page, Janice",,"=""""","=""9798897100095""",0,Pegasus Books,Hardcover,272,2025,,,2025/11/30,to-read,to-read (#290),to-read,,,,0,0
177185879,Green Frog: Stories,Gina Chung,"Chung, Gina",,"=""0593469364""","=""9780593469361""",0,Vintage,Paperback,240,2024,2024,,2025/11/30,to-read,to-read (#289),to-read,,,,0,0
218695937,The Dream Hotel,Laila Lalami,"Lalami, Laila",,"=""0593317602""","=""9780593317600""",0,Pantheon,Hardcover,336,2025,2025,,2025/11/28,to-read,to-read (#288),to-read,,,,0,0
216970882,Favorite Daughter,Morgan Dick,"Dick, Morgan",,"=""0593832264""","=""9780593832264""",0,Viking,Hardcover,344,2025,2025,,2025/11/26,to-read,to-read (#287),to-read,,,,0,0
45186556,The Other Bennet Sister,Janice Hadlow,"Hadlow, Janice",,"=""1250129419""","=""9781250129413""",5.0,Henry Holt and Co.,Hardcover,463,2020,2020,2025/05/29,2025/05/08,smart-but-easy,smart-but-easy (#15),read,,,,1,0
31204493,Lillian Boxfish Takes a Walk,Kathleen Rooney,"Rooney, Kathleen",,"=""1250113334""","=""9781250113337""",5.0,St. Martin's Press,Kindle Edition,304,2017,2017,2018/12/29,2018/01/16,smart-but-easy,smart-but-easy (#14),read,,,,1,0
199124697,Sandwich,Catherine Newman,"Newman, Catherine",,"=""0063345188""","=""9780063345188""",5.0,Harper,Kindle Edition,236,2024,2024,2024/06/19,2024/06/18,smart-but-easy,smart-but-easy (#13),read,,,,1,0
195372149,The Husbands,Holly Gramazio,"Gramazio, Holly",,"=""0385550626""","=""9780385550628""",5.0,Vintage,Kindle Edition,352,2024,2024,2024/04/28,2024/04/26,smart-but-easy,smart-but-easy (#12),read,,,,1,0
199796715,Margo's Got Money Troubles,Rufi Thorpe,"Thorpe, Rufi",,"=""0063356600""","=""9780063356603""",5.0,William Morrow,Kindle Edition,298,2024,2024,2024/07/04,2024/04/09,smart-but-easy,smart-but-easy (#11),read,,,,1,0
127282939,Beautyland,Marie-Helene Bertino,"Bertino, Marie-Helene",,"=""0374109281""","=""9780374109288""",5.0,"Farrar, Straus and Giroux",Hardcover,327,2024,2024,2025/01/26,2024/01/15,smart-but-easy,smart-but-easy (#10),read,,,,1,0
126849,At Weddings and Wakes,Alice McDermott,"McDermott, Alice",,"=""0747563942""","=""9780747563945""",5.0,Bloomsbury Publishing PLC,Paperback,224,2003,1992,2025/01/08,2025/01/08,smart-but-easy,smart-but-easy (#9),read,,,,1,0
44527740,Nothing to See Here,Kevin    Wilson,"Wilson, Kevin",,"=""""","=""""",5.0,Ecco,Kindle Edition,277,2019,2019,2019/11/24,2019/11/24,smart-but-easy,smart-but-easy (#8),read,,,,1,0
28251002,The Nix,Nathan  Hill,"Hill, Nathan",,"=""110194661X""","=""9781101946619""",5.0,Knopf,Hardcover,625,2016,2016,,2018/11/18,smart-but-easy,smart-but-easy (#7),read,,,,1,0
25852870,Eligible,Curtis Sittenfeld,"Sittenfeld, Curtis",,"=""1400068320""","=""9781400068326""",5.0,Random House Publishing Group,Hardcover,492,2016,2016,,2016/05/13,smart-but-easy,smart-but-easy (#6),read,,,,1,0
12415486,Heartburn,Nora Ephron,"Ephron, Nora",,"=""""","=""""",5.0,,Kindle Edition,194,,1983,2023/03/22,2023/03/19,smart-but-easy,smart-but-easy (#5),read,,,,1,0
15764,The Amateur Marriage,Anne Tyler,"Tyler, Anne",,"=""0345472454""","=""9780345472458""",5.0,Ballantine Books,Mass Market Paperback,352,2006,2004,,2024/12/08,smart-but-easy,smart-but-easy (#4),read,God I love Anne Tyler,,,2,0
211025449,The Heart of Winter,Jonathan Evison,"Evison, Jonathan",,"=""059347354X""","=""9780593473542""",5.0,Dutton,Hardcover,368,2025,2025,2025/07/08,2025/07/09,smart-but-easy,smart-but-easy (#3),read,,,,1,0
218460347,The Road to Tender Hearts,Annie  Hartnett,"Hartnett, Annie",,"=""0593873440""","=""9780593873441""",4.0,Ballantine Books,Hardcover,384,2025,2025,2025/09/24,2025/06/13,smart-but-easy,smart-but-easy (#2),read,,,,1,0
228110489,Heart the Lover,Lily King,"King, Lily",,"=""0802165176""","=""9780802165176""",5.0,Grove Press,Hardcover,256,2025,2025,2025/10/03,2025/09/20,smart-but-easy,smart-but-easy (#1),read,,,,1,0
239295204,The Artist,Lucy   Steeds,"Steeds, Lucy",,"=""1399832662""","=""9781399832663""",0,John Murray,Hardcover,304,2025,2025,,2025/11/23,to-read,to-read (#286),to-read,,,,0,0
221133694,Ordinary Saints,Niamh Ni Mhaoileoin,"Mhaoileoin, Niamh Ni",,"=""1786584239""","=""9781786584236""",0,Manilla Press,Hardcover,368,2025,2025,,2025/11/21,to-read,to-read (#285),to-read,,,,0,0
221188099,Thirst Trap,Gráinne O'Hare,"O'Hare, Gráinne",,"=""1035046229""","=""9781035046225""",4.0,Picador,Kindle Edition,288,2025,2025,2025/11/19,2025/11/21,,,read,,,,1,0
40604658,"Jurassic Park (Jurassic Park, #1)",Michael Crichton,"Crichton, Michael",,"=""0307763056""","=""9780307763051""",0,Ballantine Books,Kindle Edition,466,2012,1990,,2025/11/18,to-read,to-read (#284),to-read,,,,0,0
227967141,Wreck,Catherine Newman,"Newman, Catherine",,"=""0063453916""","=""9780063453913""",4.0,Harper,Hardcover,215,2025,2025,2025/11/10,2025/11/10,,,read,,,,1,0
224003127,The Ten Year Affair,Erin Somers,"Somers, Erin",,"=""166808144X""","=""9781668081440""",4.0,Simon & Schuster,Hardcover,304,2025,2025,2025/11/01,2025/11/02,,,read,,,,1,0
218539300,"Births, Deaths and Marriages",Laura Barnett,"Barnett, Laura",,"=""1529912504""","=""9781529912500""",4.0,Transworld Digital,Kindle Edition,368,2025,2025,2025/10/25,2025/10/26,,,read,,,,1,0
27833670,Dark Matter,Blake Crouch,"Crouch, Blake",,"=""1101904224""","=""9781101904220""",0,Ballantine Books,Hardcover,342,2016,2016,,2025/10/24,to-read,to-read (#282),to-read,,,,0,0
49127514,"Good Morning, Monster: A Therapist Shares Five Heroic Stories of Emotional Recovery",Catherine Gildiner,"Gildiner, Catherine",,"=""1250271487""","=""9781250271488""",0,St. Martin's Press,Hardcover,368,2020,2019,,2025/10/24,to-read,to-read (#281),to-read,,,,0,0
214537763,All the Other Mothers Hate Me,Sarah  Harman,"Harman, Sarah",,"=""0593851463""","=""9780593851463""",2.0,G.P. Putnam's Sons,Hardcover,384,2025,2025,2025/10/16,2025/10/17,,,read,,,,1,0
235364773,Finding My Way: A Memoir,Malala Yousafzai,"Yousafzai, Malala",,"=""1668054272""","=""9781668054277""",5.0,Atria Books,Hardcover,305,2025,2025,2025/10/15,2025/10/15,,,read,,,,1,0
222139714,Seduction Theory,Emily Adrian,"Adrian, Emily",,"=""0316584517""","=""9780316584517""",3.0,"Little, Brown and Company",Hardcover,224,2025,2025,2025/10/12,2025/06/21,,,read,,,,1,0
43188104,Sweet Sorrow,David Nicholls,"Nicholls, David",,"=""1444715410""","=""9781444715415""",4.0,Hachette,Paperback,405,2019,2019,2025/10/10,2025/10/12,,,read,,,,1,0
61885029,Starter Villain,John Scalzi,"Scalzi, John",,"=""""","=""""",0,Tor Books,Hardcover,264,2023,2023,,2025/10/07,"to-read, audiobook","to-read (#280), audiobook (#1)",to-read,,,,0,0
217245582,The Original Daughter,Jemimah Wei,"Wei, Jemimah",,"=""0385551010""","=""9780385551014""",4.0,Doubleday,Hardcover,368,2025,2025,2025/10/04,2025/10/04,,,read,,,,1,0
216797535,The Order of Things: A Memoir About Chasing Joy,Sarah  Gormley,"Gormley, Sarah",,"=""""","=""9798990642515""",0,Salt Creek Publishing,Kindle Edition,284,2024,,,2025/10/04,to-read,to-read (#279),to-read,,,,0,0
61387955,The Last Animal,Ramona Ausubel,"Ausubel, Ramona",,"=""0593420527""","=""9780593420522""",0,Riverhead Books,Hardcover,278,2023,2023,,2025/10/03,to-read,to-read (#278),to-read,,,,0,0
217387664,The Island of Last Things,Emma Sloley,"Sloley, Emma",,"=""1250329248""","=""9781250329240""",0,Flatiron Books,Hardcover,272,2025,2025,,2025/10/03,to-read,to-read (#277),to-read,,,,0,0
222925700,Boy from the North Country,Sam Sussman,"Sussman, Sam",,"=""0593835050""","=""9780593835050""",0,Penguin Press,Hardcover,336,2025,,,2025/10/01,to-read,to-read (#276),to-read,,,,0,0
199377201,Probably Nothing,Lauren Bravo,"Bravo, Lauren",,"=""1398510718""","=""9781398510715""",0,Simon & Schuster UK,Kindle Edition,400,2024,2024,,2025/10/01,to-read,to-read (#275),to-read,,,,0,0
197863218,Homesick,Silvia Saunders,"Saunders, Silvia",,"=""0008667020""","=""9780008667023""",0,HarperCollins,Kindle Edition,381,2025,,,2025/10/01,to-read,to-read (#274),to-read,,,,0,0
63880836,The Postcard,Anne Berest,"Berest, Anne",Tina Kover,"=""""","=""""",0,Europa Editions,Hardcover,464,2023,2021,,2025/09/28,to-read,to-read (#273),to-read,,,,0,0
212342605,Hungerstone,Kat Dunn,"Dunn, Kat",,"=""1638932166""","=""9781638932161""",3.0,Zando,Hardcover,336,2025,2025,2025/09/25,2025/06/21,,,read,,,,1,0
213870083,Show Don't Tell,Curtis Sittenfeld,"Sittenfeld, Curtis",,"=""0593446739""","=""9780593446737""",4.0,Random House,Hardcover,320,2025,2025,2025/09/24,2025/09/24,,,read,,,,1,0
208584952,Rental House,Weike Wang,"Wang, Weike",,"=""0593545540""","=""9780593545546""",3.0,Riverhead Books,Hardcover,224,2024,2024,2025/09/24,2025/09/24,,,read,,,,1,0
201626978,The Most,Jessica  Anthony,"Anthony, Jessica",,"=""0316576379""","=""9780316576376""",4.0,"Little, Brown and Company",Paperback,144,2024,2024,2025/09/22,2025/09/22,,,read,,,,1,0
222658339,The Wilderness,Angela Flournoy,"Flournoy, Angela",,"=""0063318776""","=""9780063318779""",4.0,Mariner Books,Hardcover,304,2025,2025,2025/09/21,2025/09/21,,,read,,,,1,0
234639464,Sunbirth,An Yu,"Yu, An",,"=""1787304973""","=""9781787304970""",0,Harvill Secker,Hardcover,320,2025,2025,,2025/09/20,to-read,to-read (#272),to-read,,,,0,0
217388273,Park Avenue,Renée Ahdieh,"Ahdieh, Renée",,"=""1250897955""","=""9781250897954""",2.0,Flatiron Books,Hardcover,320,2025,2025,2025/09/20,2025/09/20,,,read,,,,1,0
214151342,Happiness and Love,Zoe Dubno,"Dubno, Zoe",,"=""166806295X""","=""9781668062951""",3.0,Scribner,Hardcover,224,2025,2025,2025/09/19,2025/09/19,,,read,,,,1,0
55711726,The People We Keep,Allison Larkin,"Larkin, Allison",,"=""1982171294""","=""9781982171292""",3.0,Gallery Books,Hardcover,368,2021,2021,2025/09/17,2025/09/17,,,read,,,,1,0
256008,"Lonesome Dove (Lonesome Dove, #1)",Larry McMurtry,"McMurtry, Larry",,"=""067168390X""","=""9780671683900""",4.0,Pocket Books,Mass Market Paperback,960,1999,1985,2025/09/16,2022/09/17,,,read,,,,1,0
214152211,The Bright Years,Sarah Damoff,"Damoff, Sarah",,"=""1668061449""","=""9781668061442""",0,Simon & Schuster,Hardcover,288,2025,2025,,2025/09/11,to-read,to-read (#271),to-read,,,,0,0
53835,The Age of Innocence,Edith Wharton,"Wharton, Edith",Maureen Howard,"=""159308143X""","=""9781593081430""",0,Barnes & Noble Classics,Paperback,293,2004,1920,,2025/08/24,to-read,to-read (#270),to-read,,,,0,0
203578896,Disney High: The Untold Story of the Rise and Fall of Disney Channel's Tween Empire,Ashley  Spencer,"Spencer, Ashley",,"=""1250283450""","=""9781250283450""",4.0,St. Martin's Press,Hardcover,315,2024,2024,2025/08/17,2025/08/17,,,read,,,,1,0
34842610,Recitatif,Toni Morrison,"Morrison, Toni",,"=""""","=""""",0,,Audiobook,19,1983,1983,,2025/08/16,to-read,to-read (#269),to-read,,,,0,0
220160852,"Maggie; or, A Man and a Woman Walk Into a Bar",Katie Yee,"Yee, Katie",,"=""166808421X""","=""9781668084212""",3.0,S&S/Summit Books,Hardcover,200,2025,2025,2025/08/15,2025/08/15,,,read,,,,1,0
220239075,These Summer Storms,Sarah MacLean,"MacLean, Sarah",,"=""0593972252""","=""9780593972250""",2.0,Ballantine Books,Hardcover,384,2025,2025,2025/08/08,2025/08/10,,,read,,,,1,0
221251872,When the Cranes Fly South,Lisa Ridzén,"Ridzén, Lisa",Alice Menzies,"=""""","=""9798217006731""",0,Vintage,Paperback,320,2025,2024,,2025/08/03,to-read,to-read (#268),to-read,,,,0,0
216247494,Mỹ Documents,Kevin  Nguyen,"Nguyen, Kevin",,"=""0593731689""","=""9780593731680""",0,One World,Hardcover,352,2025,2025,,2025/08/03,to-read,to-read (#267),to-read,,,,0,0
220160649,The Satisfaction Café,Kathy Wang,"Wang, Kathy",,"=""1668068923""","=""9781668068922""",3.0,Scribner,Hardcover,352,2025,2025,2025/07/31,2025/08/02,,,read,,,,1,0
60277011,Small Game,Blair Braverman,"Braverman, Blair",,"=""0063066173""","=""9780063066175""",5.0,Ecco,Hardcover,288,2022,2022,2025/07/30,2025/07/30,,,read,,,,1,0
220239090,Nice Girls Don't Win: How I Burned It All Down to Claim My Power,Parvati Shallow,"Shallow, Parvati",,"=""0593730577""","=""9780593730577""",3.0,The Dial Press,Hardcover,256,2025,2025,2025/07/26,2025/07/26,,,read,,,,1,0
202165946,Little Rot,Akwaeke Emezi,"Emezi, Akwaeke",,"=""0525541632""","=""9780525541639""",2.0,Riverhead Books,Hardcover,276,2024,2024,2025/07/24,2025/07/24,,,read,,,,1,0
220239049,"You Wanna Be on Top?: A Memoir of Makeovers, Manipulation, and Not Becoming America's Next Top Model",Sarah Hartshorne,"Hartshorne, Sarah",,"=""0593735242""","=""9780593735244""",4.0,Crown,Hardcover,272,2025,2025,2025/07/23,2025/07/23,,,read,,,,1,0
215089363,The Salt Stones: Seasons of a Shepherd's Life,Helen Whybrow,"Whybrow, Helen",,"=""1571311629""","=""9781571311627""",0,Milkweed Editions,Hardcover,256,2025,2025,,2025/07/22,to-read,to-read (#266),to-read,,,,0,0
212806569,Memorial Days,Geraldine Brooks,"Brooks, Geraldine",,"=""059365398X""","=""9780593653982""",4.0,Viking,Hardcover,224,2025,2025,2025/07/20,2024/12/15,,,read,,,,1,0
214151301,Tilt,Emma Pattee,"Pattee, Emma",,"=""1668055473""","=""9781668055472""",4.0,Scribner,Hardcover,229,2025,2025,2025/07/19,2025/04/16,,,read,,,,1,0
12878667,The Red House,Mark Haddon,"Haddon, Mark",,"=""0385535775""","=""9780385535779""",3.0,Doubleday,Hardcover,264,2012,2012,2025/07/17,2025/07/17,,,read,,,,1,0
52894214,The New One: Painfully True Stories from a Reluctant Dad,Mike Birbiglia,"Birbiglia, Mike",,"=""1538701510""","=""9781538701515""",5.0,Grand Central Publishing,Hardcover,256,2020,2020,2025/07/17,2022/02/20,,,read,,,,1,0
227858430,Exit Lane,Erika Veurink,"Veurink, Erika",,"=""""","=""9798893310627""",5.0,831 Stories,Kindle Edition,222,2025,2025,2025/07/13,2025/07/13,,,read,SO GOOD AND NUANCED AND BELIEVABLE AND ROMANTIC. Read it!!!!,,,1,0
60766886,Wait,Gabriella Burnham,"Burnham, Gabriella",,"=""0593596501""","=""9780593596500""",3.0,One World,Hardcover,272,2024,2024,2025/07/12,2025/07/12,,,read,,,,1,0
237031256,"Best, First, and Last",Amy T. Matthews,"Matthews, Amy T.",,"=""1761425056""","=""9781761425059""",0,Simon & Schuster (Australia),Paperback,320,2025,2024,,2025/07/11,to-read,to-read (#265),to-read,,,,0,0
228345,The Orchid Thief,Susan Orlean,"Orlean, Susan",,"=""044900371X""","=""9780449003718""",0,Ballantine Books,Paperback,300,2000,1998,,2025/07/11,to-read,to-read (#264),to-read,,,,0,0
39507318,The Library Book,Susan Orlean,"Orlean, Susan",,"=""1476740186""","=""9781476740188""",0,Simon & Schuster,Hardcover,317,2018,2018,,2025/07/11,to-read,to-read (#263),to-read,,,,0,0
220259184,Heartwood,Amity Gaige,"Gaige, Amity",,"=""1668063603""","=""9781668063606""",3.0,Simon & Schuster,Hardcover,309,2025,2025,2025/07/10,2025/07/10,,,read,,,,1,0
52654925,The House on Fripp Island,Rebecca Kauffman,"Kauffman, Rebecca",,"=""0358041538""","=""9780358041535""",3.0,Mariner Books,Kindle Edition,336,2020,2020,2025/07/09,2025/07/10,,,read,,,,1,0
219848315,The Emperor of Gladness,Ocean Vuong,"Vuong, Ocean",,"=""059383187X""","=""9780593831878""",3.0,Penguin Press,Hardcover,402,2025,2025,2025/07/08,2025/07/08,,,read,,,,1,0
218460342,The Dry Season: A Memoir of Pleasure in a Year Without Sex,Melissa Febos,"Febos, Melissa",,"=""0593537238""","=""9780593537237""",4.0,Knopf,Hardcover,276,2025,2025,2025/07/05,2025/07/05,,,read,,,,1,0
218671850,So Far Gone,Jess Walter,"Walter, Jess",,"=""0062868144""","=""9780062868145""",0,Harper,Hardcover,257,2025,2025,,2025/07/02,to-read,to-read (#262),to-read,,,,0,0
220239062,El Dorado Drive,Megan Abbott,"Abbott, Megan",,"=""0593084969""","=""9780593084960""",3.0,G.P. Putnam's Sons,Hardcover,368,2025,2025,2025/07/02,2025/07/02,,,read,,,,1,0
218460337,The Compound,Aisling Rawle,"Rawle, Aisling",,"=""0593977270""","=""9780593977279""",4.0,Random House,Hardcover,292,2025,2025,2025/06/30,2025/06/30,,,read,,,,1,0
406235,Giovanni’s Room,James Baldwin,"Baldwin, James",,"=""""","=""""",0,Laurel,Paperback,178,1988,1956,,2025/06/28,to-read,to-read (#261),to-read,,,,0,0
138505710,Doppelganger: A Trip into the Mirror World,Naomi Klein,"Klein, Naomi",,"=""0374610320""","=""9780374610326""",4.0,"Farrar, Straus and Giroux",Hardcover,416,2023,2023,2025/06/26,2025/06/26,,,read,,,,1,0
108505,"The Emperor of Ocean Park (Elm Harbor, #1)",Stephen L. Carter,"Carter, Stephen L.",,"=""0375712925""","=""9780375712920""",0,Vintage,Paperback,672,2003,2002,,2025/06/25,to-read,to-read (#260),to-read,,,,0,0
214269394,Deep Cuts,Holly Brickley,"Brickley, Holly",,"=""0593799089""","=""9780593799086""",4.0,Crown,Hardcover,277,2025,2025,2025/06/24,2025/03/25,,,read,,,,1,0
219301719,Bug Hollow,Michelle Huneven,"Huneven, Michelle",,"=""0593834879""","=""9780593834879""",4.0,Penguin Press,Hardcover,288,2025,2025,2025/06/22,2025/06/17,,,read,,,,1,0
195391751,The Anthropologists,Aysegül Savas,"Savas, Aysegül",,"=""163973306X""","=""9781639733064""",3.0,Bloomsbury Publishing,Hardcover,183,2024,2024,2025/06/21,2025/06/22,,,read,,,,1,0
216684509,These Days,Lucy Caldwell,"Caldwell, Lucy",,"=""1638931836""","=""9781638931836""",0,SJP Lit,Hardcover,288,2025,2022,,2025/06/21,to-read,to-read (#259),to-read,,,,0,0
212923993,Mothers and Sons,Adam Haslett,"Haslett, Adam",,"=""0316574716""","=""9780316574716""",0,"Little, Brown and Company",Hardcover,336,2025,2025,,2025/06/21,to-read,to-read (#258),to-read,,,,0,0
60127763,Draco Malfoy and the Mortifying Ordeal of Being in Love,isthisselfcare,"isthisselfcare, isthisselfcare",Brigitte Knightley,"=""""","=""""",1.0,ao3,ebook,593,2022,2021,2025/06/21,2025/06/21,,,read,Unfortunately fan fiction is not for me,,,1,0
218460289,Consider Yourself Kissed,Jessica  Stanley,"Stanley, Jessica",,"=""""","=""9798217044993""",4.0,Riverhead Books,Hardcover,336,2025,2025,2025/06/16,2025/05/24,,,read,,,,1,0
217245609,Second Life: Having a Child in the Digital Age,Amanda  Hess,"Hess, Amanda",,"=""0385549733""","=""9780385549738""",4.0,Doubleday,Hardcover,272,2025,2025,2025/06/16,2025/05/24,,,read,,,,1,0
223001257,The Correspondent,Virginia      Evans,"Evans, Virginia",,"=""0593798430""","=""9780593798430""",5.0,Crown Publishing,Hardcover,285,2025,2025,2025/06/11,2025/06/13,,,read,,,,1,0
368916,"84, Charing Cross Road",Helene Hanff,"Hanff, Helene",,"=""""","=""""",0,Penguin Books,Paperback,106,1990,1970,,2025/06/11,to-read,to-read (#257),to-read,,,,0,0
217245618,The Names,Florence Knapp,"Knapp, Florence",,"=""0593833902""","=""9780593833902""",4.0,Pamela Dorman Books,Hardcover,328,2025,2025,2025/06/09,2025/06/11,,,read,,,,1,0
215362651,Dream State,Eric Puchner,"Puchner, Eric",,"=""0385550669""","=""9780385550666""",4.0,Doubleday,Hardcover,448,2025,2025,2025/06/01,2025/06/01,,,read,,,,1,0
216497043,Care and Feeding,Laurie Woolever,"Woolever, Laurie",,"=""0063327600""","=""9780063327603""",4.0,Ecco,Hardcover,352,2025,,2025/05/31,2025/05/31,,,read,,,,1,0
211399784,The Favorites,Layne Fargo,"Fargo, Layne",,"=""0593732049""","=""9780593732045""",4.0,Random House,Hardcover,437,2025,2025,2025/05/31,2025/05/31,,,read,,,,1,0
59232998,You Made a Fool of Death with Your Beauty,Akwaeke Emezi,"Emezi, Akwaeke",,"=""1982188707""","=""9781982188702""",3.0,Atria Books,Hardcover,288,2022,2022,2025/05/27,2023/07/22,,,read,,,,1,0
216970859,All That Life Can Afford,Emily  Everett,"Everett, Emily",,"=""0593545141""","=""9780593545140""",3.0,G.P. Putnam's Sons,Hardcover,384,2025,2025,2025/05/25,2025/04/18,,,read,,,,1,0
218569834,Gingko Season,Naomi Xu Elegant,"Elegant, Naomi Xu",,"=""1324086149""","=""9781324086147""",0,W. W. Norton & Company,Paperback,264,2025,2025,,2025/05/24,to-read,to-read (#256),to-read,,,,0,0
211004089,Wild Dark Shore,Charlotte McConaghy,"McConaghy, Charlotte",,"=""""","=""""",3.0,Flatiron Books,Hardcover,298,2025,2025,2025/05/24,2025/05/24,,,read,,,,1,0
216247502,The Life Cycle of the Common Octopus,Emma   Knight,"Knight, Emma",,"=""0593830458""","=""9780593830451""",3.0,Pamela Dorman Books,Hardcover,384,2025,2025,2025/05/24,2025/05/24,,,read,,,,1,0
40364332,"Inheritance: A Memoir of Genealogy, Paternity, and Love",Dani Shapiro,"Shapiro, Dani",,"=""1524732710""","=""9781524732714""",0,Knopf,Hardcover,252,2019,2019,2025/02/27,2025/05/24,,,read,,,,1,0
400361,The Pumpkin Eater (Bloomsbury Classics),Penelope Mortimer,"Mortimer, Penelope",,"=""0747518874""","=""9780747518877""",0,Bloomsbury Publishing PLC,Hardcover,185,1995,1962,,2025/05/17,to-read,to-read (#255),to-read,,,,0,0
209036289,Cascade,Julia Hannafin,"Hannafin, Julia",,"=""1950987582""","=""9781950987580""",0,Great Place Books,Paperback,180,2024,,,2025/05/14,to-read,to-read (#254),to-read,,,,0,0
214269353,I Leave It Up to You,Jinwoo Chong,"Chong, Jinwoo",,"=""0593727053""","=""9780593727058""",3.0,Ballantine Books,Hardcover,311,2025,2025,,2025/05/13,,,read,"This started SO strong, but started losing momentum when JJ starts working at the restaurant again. It felt unrealistic to have him restart his life with so little strife. I would’ve also taken way more time to get over my ex considering we were engaged one day and the next (from JJ’s perspective) strangers",true,,1,0
201632539,The Unmothers,Leslie J. Anderson,"Anderson, Leslie J.",,"=""1683694295""","=""9781683694298""",0,Quirk Books,Paperback,317,2024,2024,,2025/05/13,to-read,to-read (#253),to-read,,,,0,0
222725518,Empire of AI: Dreams and Nightmares in Sam Altman's OpenAI,Karen Hao,"Hao, Karen",,"=""0593657519""","=""9780593657515""",0,Penguin Press,Kindle Edition,501,2025,2025,,2025/05/09,to-read,to-read (#252),to-read,,,,0,0
2666,The Bonfire of the Vanities,Tom Wolfe,"Wolfe, Tom",,"=""""","=""""",0,Dial Press Trade Paperback,Paperback,690,2001,1987,,2025/05/07,to-read,to-read (#251),to-read,,,,0,0
223436601,"Careless People: A Cautionary Tale of Power, Greed, and Lost Idealism",Sarah Wynn-Williams,"Wynn-Williams, Sarah",,"=""1250391237""","=""9781250391230""",4.0,Flatiron Books,Hardcover,382,2025,2025,2025/05/07,2025/05/07,,,read,,,,1,0
62039259,Open Throat,Henry Hoke,"Hoke, Henry",,"=""037460987X""","=""9780374609870""",3.0,MCD,Hardcover,160,2023,2023,2025/05/05,2025/05/06,,,read,,,,1,0
213558038,"Every Tom, Dick & Harry",Elinor Lipman,"Lipman, Elinor",,"=""0063322250""","=""9780063322257""",3.0,Harper,Hardcover,312,2025,2025,2025/05/04,2025/05/04,,,read,"Elinor Lipman books are always my comfort reads but sadly this one dragged. Her main character is the same every time, but that no longer works when the protagonist is 33. In tone, sensibility, etc. Emma felt like she was in her late forties.",,,1,0
199126293,Caledonian Road,Andrew O'Hagan,"O'Hagan, Andrew",,"=""1324074876""","=""9781324074878""",0,W. W. Norton & Company,Hardcover,614,2024,2024,,2025/05/03,to-read,to-read (#250),to-read,,,,0,0
791345,"Picnic at Hanging Rock (Hanging Rock, #1)",Joan Lindsay,"Lindsay, Joan",,"=""0099750619""","=""9780099750611""",0,Vintage,Paperback,189,1998,1967,,2025/05/03,to-read,to-read (#249),to-read,,,,0,0
203200544,Perfection,Vincenzo Latronico,"Latronico, Vincenzo",Sophie Hughes,"=""1804271055""","=""9781804271056""",4.0,Fitzcarraldo Editions,Kindle Edition,137,2025,2022,2025/05/01,2025/05/02,,,read,,,,1,0
223843176,Bring the House Down,Charlotte Runcie,"Runcie, Charlotte",,"=""000868801X""","=""9780008688011""",0,The Borough Press,Hardcover,320,2025,2025,,2025/05/01,to-read,to-read (#248),to-read,,,,0,0
77156,"Plainsong (Plainsong, #1)",Kent Haruf,"Haruf, Kent",,"=""0375705856""","=""9780375705854""",4.0,Vintage,Paperback,301,2000,1999,2025/04/30,2025/03/30,,,read,,,,1,0
211642069,Confessions,Catherine Airey,"Airey, Catherine",,"=""0063380137""","=""9780063380134""",0,Mariner Books,Hardcover,480,2025,2025,,2025/04/28,to-read,to-read (#247),to-read,,,,0,0
214151202,Broken Country,Clare Leslie Hall,"Hall, Clare Leslie",,"=""166807818X""","=""9781668078181""",0,Simon & Schuster,Hardcover,319,2025,2025,,2025/04/28,to-read,to-read (#246),to-read,,,,0,0
195790637,Vantage Point,Sara Sligar,"Sligar, Sara",,"=""0374282293""","=""9780374282295""",2.0,MCD,Hardcover,400,2025,2025,2025/04/27,2025/04/27,,,read,,,,1,0
61272703,Old Flame,Molly Prentiss,"Prentiss, Molly",,"=""1501121588""","=""9781501121586""",2.0,Gallery/Scout Press,Hardcover,320,2023,2023,2025/04/22,2025/02/22,,,read,,,,1,0
30297153,All You Can Ever Know,Nicole Chung,"Chung, Nicole",,"=""1936787970""","=""9781936787975""",0,Catapult,Hardcover,240,2018,2018,,2025/04/13,to-read,to-read (#245),to-read,,,,0,0
215805897,Cat's People,Tanya Guerrero,"Guerrero, Tanya",,"=""059387384X""","=""9780593873847""",0,Delacorte Press,Hardcover,304,2025,2025,,2025/04/13,to-read,to-read (#244),to-read,,,,0,0
16034245,Flora,Gail Godwin,"Godwin, Gail",,"=""1620401207""","=""9781620401200""",3.0,Bloomsbury USA,Hardcover,278,2013,2013,2025/04/10,2025/04/10,,,read,,,,1,0
214152259,Early Thirties,Josh Duboff,"Duboff, Josh",,"=""1668059932""","=""9781668059937""",3.0,Gallery/Scout Press,Hardcover,336,2025,2025,2025/04/10,2025/04/10,,,read,,,,1,0
14241,The Liars' Club,Mary Karr,"Karr, Mary",,"=""0143035746""","=""9780143035749""",0,Penguin Books,Paperback,352,2005,1995,,2025/03/31,to-read,to-read (#243),to-read,,,,0,0
202897,Foreign Affairs,Alison Lurie,"Lurie, Alison",,"=""0812976312""","=""9780812976311""",0,Random House Publishing Group,Paperback,292,2006,1984,,2025/03/30,to-read,to-read (#242),to-read,,,,0,0
31181,Breathing Lessons,Anne Tyler,"Tyler, Anne",,"=""0345485599""","=""9780345485595""",0,Ballantine Books,Mass Market Paperback,368,2006,1988,,2025/03/30,to-read,to-read (#241),to-read,,,,0,0
5196,Tara Road,Maeve Binchy,"Binchy, Maeve",,"=""0440235596""","=""9780440235590""",0,Dell,Paperback,648,1988,1998,,2025/03/30,to-read,to-read (#240),to-read,,,,0,0
23602562,Our Souls at Night,Kent Haruf,"Haruf, Kent",,"=""1101875895""","=""9781101875896""",0,Alfred A. Knopf,Hardcover,179,2015,2015,,2025/03/30,to-read,to-read (#239),to-read,,,,0,0
52623750,Wintering: The Power of Rest and Retreat in Difficult Times,Katherine May,"May, Katherine",,"=""""","=""""",0,Riverhead Books,Hardcover,256,2020,2020,,2025/03/30,to-read,to-read (#238),to-read,,,,0,0
214331246,"Sunrise on the Reaping (The Hunger Games, #0.5)",Suzanne Collins,"Collins, Suzanne",,"=""1546171460""","=""9781546171461""",0,Scholastic Press,Hardcover,387,2025,2025,2025/03/30,2025/03/30,,,read,,,,1,0
46014983,Redhead by the Side of the Road,Anne Tyler,"Tyler, Anne",,"=""0525658416""","=""9780525658412""",4.0,Knopf Publishing Group,Hardcover,178,2020,2020,2025/03/29,2025/03/29,,,read,,,,1,0
167216,Amy and Isabelle,Elizabeth Strout,"Strout, Elizabeth",,"=""0375705198""","=""9780375705199""",4.0,Vintage,Paperback,304,2000,1998,2025/03/27,2025/03/28,,,read,,,,1,0
75584918,Cahokia Jazz,Francis Spufford,"Spufford, Francis",,"=""0571336876""","=""9780571336876""",0,Faber & Faber,Hardcover,496,2023,2023,,2025/03/24,to-read,to-read (#237),to-read,,,,0,0
205436030,Don't Be a Stranger,Susan Minot,"Minot, Susan",,"=""0593802446""","=""9780593802441""",3.0,Knopf,Hardcover,320,2024,2024,2025/03/24,2024/12/12,,,read,,,,1,0
17287054,Duplex,Kathryn Davis,"Davis, Kathryn",,"=""1555976530""","=""9781555976538""",0,Graywolf Press,Hardcover,208,2013,2013,,2025/03/23,to-read,to-read (#236),to-read,,,,0,0
199797799,The Genius of Judy: How Judy Blume Rewrote Childhood for All of Us,Rachelle Bergstein,"Bergstein, Rachelle",,"=""1668010909""","=""9781668010907""",4.0,Atria/One Signal Publishers,Hardcover,288,2024,2024,2025/03/23,2025/03/23,,,read,,,,1,0
208931300,Intermezzo,Sally Rooney,"Rooney, Sally",,"=""0374602638""","=""9780374602635""",4.0,"Farrar, Straus and Giroux",Hardcover,464,2024,2024,2025/03/22,2025/03/22,,,read,,,,1,0
214151357,The Motherload: Episodes from the Brink of Motherhood,Sarah   Hoover,"Hoover, Sarah",,"=""1668010135""","=""9781668010136""",3.0,S&S/Simon Element,Hardcover,352,2025,,2025/03/15,2025/03/16,,,read,"Very divided on this one — some parts were brilliant, others were painfully lacking in self-awareness… all of it was incredibly honest (to Hoover’s credit.) I’d recommend with caveats (must be able to tolerate eye-rolling privilege.)",,,1,0
61192679,Commitment,Mona Simpson,"Simpson, Mona",,"=""0593319273""","=""9780593319277""",5.0,Knopf,Hardcover,416,2023,2023,2025/03/14,2025/03/14,,,read,,,,1,0
62874129,On Earth as It Is on Television,Emily  Jane,"Jane, Emily",,"=""1368092993""","=""9781368092999""",0,Hyperion Avenue,Hardcover,352,2023,2023,,2025/03/13,to-read,to-read (#235),to-read,,,,0,0
96861,"Anywhere But Here (Mayan Stevenson, #1)",Mona Simpson,"Simpson, Mona",,"=""1843542161""","=""9781843542162""",0,Atlantic Books,Paperback,416,2004,1986,,2025/03/13,to-read,to-read (#234),to-read,,,,0,0
214537784,Goddess Complex,Sanjena Sathian,"Sathian, Sanjena",,"=""0593489772""","=""9780593489772""",0,Penguin Press,Hardcover,304,2025,2025,,2025/03/11,to-read,to-read (#233),to-read,,,,0,0
202102022,The Hypocrite,Jo Hamya,"Hamya, Jo",,"=""0593701038""","=""9780593701034""",2.0,Pantheon,Hardcover,240,2024,2024,2025/03/10,2025/01/29,,,read,,,,1,0
36645972,Clock Dance,Anne Tyler,"Tyler, Anne",,"=""1784742449""","=""9781784742447""",5.0,Alfred A. Knopf,Paperback,292,2018,2018,2025/03/08,2025/03/08,,,read,,,,1,0
220715452,Set Piece,Lana Schwartz,"Schwartz, Lana",,"=""""","=""9798893310351""",5.0,831 Stories,Paperback,224,2025,,2025/03/08,2025/03/08,,,read,,,,1,0
25814429,Heart of Glass,Wendy Lawless,"Lawless, Wendy",,"=""1476749809""","=""9781476749808""",0,Gallery Books,Hardcover,368,2016,2016,,2025/03/07,to-read,to-read (#232),to-read,,,,0,0
201102398,Colored Television,Danzy Senna,"Senna, Danzy",,"=""""","=""""",4.0,Riverhead Books,Hardcover,277,2024,2024,2025/03/06,2024/05/13,,,read,,,,1,0
15990489,A Week in Winter,Maeve Binchy,"Binchy, Maeve",,"=""140911399X""","=""9781409113997""",4.0,Orion,Hardcover,464,2012,2012,2025/03/04,2025/03/04,,,read,,,,1,0
213458857,Hardly Strangers: An 831 Stories Romance,A.C. Robinson,"Robinson, A.C.",,"=""""","=""9798893310207""",0,831 Stories,Paperback,160,2024,,2025/03/02,2025/03/02,,,read,,,,1,0
217951320,Comedic Timing,Upasna Barath,"Barath, Upasna",,"=""""","=""9798893310276""",0,831 Stories,Paperback,176,2025,2025,2025/03/01,2025/03/01,,,read,,,,1,0
203578763,"The Sequel (The Book Series, #2)",Jean Hanff Korelitz,"Korelitz, Jean Hanff",,"=""1250875471""","=""9781250875471""",3.0,Celadon Books,Hardcover,304,2024,2024,2025/02/11,2025/03/01,,,read,,,,1,0
37095,The Shell Seekers,Rosamunde Pilcher,"Pilcher, Rosamunde",,"=""051722285X""","=""9780517222850""",4.0,Gramercy,Hardcover,544,2004,1987,2025/02/27,2025/02/25,,,read,,,,1,0
195888522,Whale Fall,Elizabeth  O'Connor,"O'Connor, Elizabeth",,"=""0593700910""","=""9780593700914""",0,Pantheon,Hardcover,210,2024,2024,,2025/02/18,to-read,to-read (#231),to-read,,,,0,0
139400713,Martyr!,Kaveh Akbar,"Akbar, Kaveh",,"=""0593537610""","=""9780593537619""",3.0,Knopf,Hardcover,332,2024,2024,2025/02/08,2025/02/08,,,read,,,,1,0
220364490,Rapture,Emily Maguire,"Maguire, Emily",,"=""1761470892""","=""9781761470899""",0,Allen & Unwin,Paperback,310,2024,2024,,2025/01/23,to-read,to-read (#230),to-read,,,,0,0
62929342,Real Americans,Rachel Khong,"Khong, Rachel",,"=""0593537254""","=""9780593537251""",3.0,Knopf,Hardcover,416,2024,2024,2025/01/21,2024/04/06,,,read,,,,1,0
41160292,Exhalation,Ted Chiang,"Chiang, Ted",,"=""""","=""""",4.0,Knopf,ebook,368,2019,2019,2025/01/20,2025/01/20,,,read,,,,1,0
138556,The New Girls,Beth Gutcheon,"Gutcheon, Beth",,"=""0060977027""","=""9780060977023""",4.0,William Morrow Paperbacks,Paperback,352,1996,1979,2025/01/19,2023/04/16,,,read,,,,1,0
199797615,Kissing Girls on Shabbat: A Memoir,Sara Glass,"Glass, Sara",,"=""1668031213""","=""9781668031216""",3.0,Atria/One Signal Publishers,Hardcover,304,2024,2024,2025/01/19,2024/11/24,,,read,,,,1,0
58283993,Loved and Missed,Susie Boyt,"Boyt, Susie",,"=""""","=""""",5.0,,Unknown Binding,,2021,2023,2025/01/14,2025/01/18,,,read,,,,1,0
1796643,The Garrick Year,Margaret Drabble,"Drabble, Margaret",,"=""0452262828""","=""9780452262829""",5.0,Plume,Paperback,221,1984,1964,2025/01/11,2024/12/28,,,read,,,,1,0
54621096,"The Appeal (The Appeal, #1)",Janice Hallett,"Hallett, Janice",,"=""1788165292""","=""9781788165297""",0,Viper,Paperback,447,2021,2021,,2025/01/07,to-read,to-read (#229),to-read,,,,0,0
160696464,Glass Houses,Francesca Reece,"Reece, Francesca",,"=""1472272242""","=""9781472272249""",0,Tinder Press,Kindle Edition,323,2024,,,2025/01/05,to-read,to-read (#228),to-read,,,,0,0
35711376,Elmet,Fiona Mozley,"Mozley, Fiona",,"=""1473660548""","=""9781473660540""",0,JM Originals,Paperback,311,2017,2017,,2025/01/05,to-read,to-read (#227),to-read,,,,0,0
6855699,Let's Take the Long Way Home: A Memoir of Friendship,Gail Caldwell,"Caldwell, Gail",,"=""1400067383""","=""9781400067381""",0,Random House,Hardcover,190,2010,2010,,2025/01/02,to-read,to-read (#226),to-read,,,,0,0
195888551,First Love: Essays on Friendship,Lilly Dancyger,"Dancyger, Lilly",,"=""0593447573""","=""9780593447574""",4.0,The Dial Press,Hardcover,224,2024,2024,2025/01/02,2024/06/08,,,read,,,,1,0
199531653,Sister Snake,Amanda Lee  Koe,"Koe, Amanda Lee",,"=""006335506X""","=""9780063355064""",3.0,Ecco,Hardcover,261,2024,2024,2025/01/01,2024/12/15,,,read,,,,2,0
206318521,Just Kids,Patti Smith,"Smith, Patti",,"=""006621131X""","=""9780066211312""",3.0,Ecco,Hardcover,262,2010,2010,2024/12/31,2024/12/31,,,read,,,,1,0
117833,The Master and Margarita,Mikhail Bulgakov,"Bulgakov, Mikhail","Diana Lewis Burgin, Katherine Tiernan O'Connor, Ellendea Proffer, Hans Fronius, Михаил Булгаков","=""0679760806""","=""9780679760801""",0,Vintage International,Paperback,372,1996,1967,,2024/12/30,to-read,to-read (#225),to-read,,,,0,0
40164365,The Friend,Sigrid Nunez,"Nunez, Sigrid",,"=""0735219451""","=""9780735219458""",4.0,Riverhead Books,Paperback,212,2019,2018,2024/12/30,2024/12/30,,,read,"A lot to mull over around being a writer: what does it mean, what are its ethics, how has it evolved, grieving, and loving a dog vs. humans.",,,1,0
56898313,The Fortnight in September,R.C. Sherriff,"Sherriff, R.C.",,"=""1982184787""","=""9781982184780""",0,Scribner,Paperback,304,2021,1931,,2024/12/27,to-read,to-read (#224),to-read,,,,0,0
566993,Black Narcissus,Rumer Godden,"Godden, Rumer",,"=""0330324705""","=""9780330324700""",0,Pan Books,Paperback,224,1994,1939,,2024/12/27,to-read,to-read (#223),to-read,,,,0,0
897867,The Greengage Summer,Rumer Godden,"Godden, Rumer",,"=""033032778X""","=""9780330327787""",5.0,Macmillan Pub Ltd,Paperback,187,1995,1958,2024/12/27,2024/12/27,,,read,,,,1,0
36692478,There There,Tommy Orange,"Orange, Tommy",,"=""""","=""""",4.0,Knopf,Hardcover,294,2018,2018,2024/12/25,2024/06/08,,,read,,,,1,0
54860443,One Last Stop,Casey McQuiston,"McQuiston, Casey",,"=""1250244498""","=""9781250244499""",0,Griffin,Paperback,418,2021,2021,2024/12/22,2024/12/22,,,read,,,,1,0
62601701,Ordinary Human Failings,Megan Nolan,"Nolan, Megan",,"=""1787332500""","=""9781787332508""",5.0,Jonathan Cape Ltd,Hardcover,218,2023,2023,2024/12/20,2024/12/20,,,read,,,,1,0
8143909,Foster,Claire Keegan,"Keegan, Claire",,"=""0571255655""","=""9780571255658""",5.0,Faber & Faber,Paperback,101,2010,2010,2024/12/18,2024/12/08,,,read,,,,1,0
63247365,How to End a Love Story,Yulin Kuang,"Kuang, Yulin",,"=""""","=""""",4.0,Avon,Paperback,384,2024,2024,2024/12/18,2024/04/11,,,read,,,,1,0
52873094,Mexican Gothic,Silvia Moreno-Garcia,"Moreno-Garcia, Silvia",,"=""""","=""""",5.0,Del Rey,Kindle Edition,301,2020,2020,2020/08/23,2020/08/03,,,read,,,,1,0
355862,Erasure,Percival Everett,"Everett, Percival",,"=""0786888156""","=""9780786888153""",4.0,Hyperion,Paperback,280,2002,2001,2024/12/17,2024/12/15,,,read,,,,1,0
62606735,All the Little Bird-Hearts,Viktoria Lloyd-Barlow,"Lloyd-Barlow, Viktoria",,"=""1472288009""","=""9781472288004""",4.0,Tinder Press,Hardcover,297,2023,2023,2024/12/12,2024/12/08,,,read,,,,1,0
213870133,Fundamentally,Nussaibah Younis,"Younis, Nussaibah",,"=""0593851382""","=""9780593851388""",0,Tiny Reparations Books,Hardcover,352,2025,2025,,2024/12/10,to-read,to-read (#222),to-read,,,,0,0
5890,The Woman in White,Wilkie Collins,"Collins, Wilkie",Matthew Sweet,"=""""","=""""",5.0,Penguin Classics,Paperback,672,2003,1859,2024/12/07,2023/04/16,,,read,,,,1,0
38311414,House of Sand and Fog,Andre Dubus III,"III, Andre Dubus",,"=""0393356345""","=""9780393356342""",0,W. W. Norton & Company,Paperback,384,2018,1999,,2024/12/10,to-read,to-read (#221),to-read,,,,0,0
203579088,Cabin: Off the Grid Adventures with a Clueless Craftsman,Patrick Hutchison,"Hutchison, Patrick",,"=""1250285704""","=""9781250285706""",0,St. Martin's Press,Hardcover,294,2024,2024,,2024/12/08,to-read,to-read (#220),to-read,,,,0,0
12329637,Good Strategy Bad Strategy: The Difference and Why It Matters,Richard P. Rumelt,"Rumelt, Richard P.",,"=""""","=""""",0,,Kindle Edition,338,,2011,2024/12/08,2023/08/05,,,read,,,,1,0
12590,One Writer's Beginnings,Eudora Welty,"Welty, Eudora",,"=""0674639278""","=""9780674639270""",0,Harvard University Press,Paperback,128,1998,1983,,2024/12/08,to-read,to-read (#219),to-read,,,,0,0
31180,Celestial Navigation,Anne Tyler,"Tyler, Anne",,"=""0449911802""","=""9780449911808""",0,Vintage,Paperback,288,1996,1974,,2024/12/08,to-read,to-read (#218),to-read,,,,0,0
233904,Searching for Caleb,Anne Tyler,"Tyler, Anne",,"=""0449911748""","=""9780449911747""",0,Vintage,Paperback,328,1996,1975,,2024/12/08,to-read,to-read (#217),to-read,,,,0,0
35717661,"Beginner's Luck (Chance of a Lifetime, #1)",Kate Clayborn,"Clayborn, Kate",,"=""""","=""""",0,Lyrical Shine,ebook,246,2017,2017,,2024/12/01,to-read,to-read (#216),to-read,,,,0,0
13239376,What Happened to Sophie Wilder,Christopher R. Beha,"Beha, Christopher R.",,"=""1935639315""","=""9781935639312""",3.0,Tin House,Paperback,256,2012,2012,2024/12/01,2024/12/01,,,read,,,,1,0
59808037,How Not to Drown in a Glass of Water,Angie Cruz,"Cruz, Angie",,"=""1250208459""","=""9781250208453""",5.0,Flatiron Books,Hardcover,191,2022,2022,2024/11/29,2024/11/30,,,read,,,,1,0
176442861,A Very Private School: A Memoir,Charles     Spencer,"Spencer, Charles",,"=""1668046385""","=""9781668046388""",0,Gallery Books,Hardcover,304,2024,2024,,2024/11/29,to-read,to-read (#215),to-read,,,,0,0
119073,The Name of the Rose,Umberto Eco,"Eco, Umberto",William Weaver,"=""0156001314""","=""9780156001311""",0,Houghton Mifflin Harcourt,Paperback,552,1994,1980,,2024/11/26,to-read,to-read (#214),to-read,,,,0,0
209801563,City of Night Birds,Juhea Kim,"Kim, Juhea",,"=""0063394758""","=""9780063394759""",0,Ecco,Hardcover,320,2024,2024,,2024/11/23,to-read,to-read (#213),to-read,,,,0,0
220517410,Wanting,Claire Jia,"Jia, Claire",,"=""1963108272""","=""9781963108279""",0,Tin House,Paperback,361,2025,,,2024/11/23,to-read,to-read (#212),to-read,,,,0,0
101404407,Absolution,Alice McDermott,"McDermott, Alice",,"=""0374610487""","=""9780374610487""",5.0,"Farrar, Straus and Giroux",Hardcover,324,2023,2023,2024/11/19,2024/11/16,,,read,,,,1,0
195853578,Reunion,Elise Juska,"Juska, Elise",,"=""0063346761""","=""9780063346765""",4.0,Harper,Hardcover,304,2024,2024,2024/10/12,2024/10/10,,,read,,,,1,0
18630531,My Salinger Year,Joanna Rakoff,"Rakoff, Joanna",,"=""0307958000""","=""9780307958006""",4.0,Knopf,Hardcover,252,2014,2008,2024/10/19,2024/09/07,,,read,,,,1,0
214312329,What Does It Feel Like?,Sophie Kinsella,"Kinsella, Sophie",,"=""0593977564""","=""9780593977569""",4.0,The Dial Press,Hardcover,133,2024,2024,2024/10/19,2024/10/14,,,read,,,,1,0
198509143,Such a Bad Influence,Olivia Muenter,"Muenter, Olivia",,"=""1683694015""","=""9781683694014""",5.0,Quirk Books,Hardcover,331,2024,2024,2024/11/02,2024/11/01,,,read,,,,1,0
199531966,Shy Creatures,Clare Chambers,"Chambers, Clare",,"=""0063258226""","=""9780063258228""",4.0,Mariner Books,Hardcover,400,2024,2024,2024/11/18,2024/11/19,,,read,,,,1,0
199898067,Ambition Monster: A Memoir,Jennifer Romolini,"Romolini, Jennifer",,"=""1668056607""","=""9781668056608""",3.0,Atria Books,Kindle Edition,303,2024,2024,2024/11/17,2024/02/11,,,read,,,,1,0
17332207,Someone,Alice McDermott,"McDermott, Alice",,"=""0374281092""","=""9780374281090""",0,"Farrar, Straus and Giroux",Hardcover,232,2013,2013,,2024/11/16,to-read,to-read (#211),to-read,,,,0,0
202475960,The Unwilding,Marina Kemp,"Kemp, Marina",,"=""0008637873""","=""9780008637873""",0,Fourth Estate,Kindle Edition,404,2024,,,2024/11/16,to-read,to-read (#210),to-read,,,,0,0
196842,The Best of Everything,Rona Jaffe,"Jaffe, Rona",,"=""0143035290""","=""9780143035299""",0,Penguin Publishing Group,Paperback,448,2005,1958,,2024/11/10,to-read,to-read (#209),to-read,,,,0,0
41880608,Rules for Visiting,Jessica Francis Kane,"Kane, Jessica Francis",,"=""0525559221""","=""9780525559221""",4.0,Penguin Press,Hardcover,290,2019,2019,2024/11/09,2024/02/04,,,read,,,,1,0
53341634,Unsettled Ground,Claire Fuller,"Fuller, Claire",,"=""0241457440""","=""9780241457443""",4.0,Fig Tree,Hardcover,289,2021,2021,2024/10/31,2024/11/08,,,read,,,,1,0
76990876,"The Road to Dalton (Dalton, Maine, #1)",Shannon Bowring,"Bowring, Shannon",,"=""""","=""""",0,Europa Editions,Paperback,250,2023,2023,,2024/11/03,to-read,to-read (#208),to-read,,,,0,0
144415131,Ava Anna Ada,Ali Millar,"Millar, Ali",,"=""1399613529""","=""9781399613521""",0,White Rabbit,Kindle Edition,256,2024,,,2024/10/30,to-read,to-read (#207),to-read,,,,0,0
216346598,The Group,Sigge Eklund,"Eklund, Sigge",Rachel Willson-Broyles,"=""""","=""""",0,Ithaka,Kindle Edition,299,2024,,,2024/10/30,to-read,to-read (#206),to-read,,,,0,0
203019740,All the Colors of the Dark,Chris  Whitaker,"Whitaker, Chris",,"=""0593798872""","=""9780593798874""",0,Crown,Hardcover,595,2024,2024,,2024/10/29,to-read,to-read (#205),to-read,,,,0,0
58794688,The River,Peter Heller,"Heller, Peter",,"=""""","=""""",4.0,Vintage,Kindle Edition,274,2019,2019,2024/10/17,2021/10/02,,,read,,,,1,0
203579186,The Book of George,Kate Greathead,"Greathead, Kate",,"=""1250351022""","=""9781250351029""",0,Henry Holt and Co.,Hardcover,288,2024,2024,,2024/10/08,to-read,to-read (#204),to-read,,,,0,0
210351739,And Then? And Then? What Else?: A Writer's Life,Daniel Handler,"Handler, Daniel",,"=""0861549430""","=""9780861549436""",0,Oneworld Publications,Kindle Edition,237,2024,2024,,2024/10/02,to-read,to-read (#203),to-read,,,,0,0
208107364,Shred Sisters,Betsy Lerner,"Lerner, Betsy",,"=""080216370X""","=""9780802163707""",0,Grove Press,Hardcover,272,2024,2024,,2024/09/30,to-read,to-read (#202),to-read,,,,0,0
54719856,Gold Diggers,Sanjena Sathian,"Sathian, Sanjena",,"=""1984882031""","=""9781984882035""",0,Penguin Press,Hardcover,352,2021,2021,,2024/09/29,to-read,to-read (#201),to-read,,,,0,0
210246743,"Eden Undone: A True Story of Sex, Murder, and Utopia at the Dawn of World War II",Abbott Kahler,"Kahler, Abbott",,"=""0451498658""","=""9780451498656""",0,Crown,Hardcover,352,2024,2024,,2024/09/28,to-read,to-read (#200),to-read,,,,0,0
62918566,"Glossy: Ambition, Beauty, and the Inside Story of Emily Weiss's Glossier",Marisa Meltzer,"Meltzer, Marisa",,"=""1982190620""","=""9781982190620""",2.0,Atria/One Signal Publishers,Kindle Edition,300,2023,2023,2023/09/21,2023/07/16,,,read,,,,1,0
43452911,Privilege,Mary  Adkins,"Adkins, Mary",,"=""0062887114""","=""9780062887115""",3.0,Harper,Kindle Edition,362,2020,2020,2020/03/21,2020/02/23,requested-from-hubs,requested-from-hubs (#3),read,,,,1,0
41088578,Devotion,Madeline  Stevens,"Stevens, Madeline",,"=""0062883240""","=""9780062883247""",3.0,Ecco,Kindle Edition,273,2019,2019,2019/09/08,2019/09/08,,,read,,,,1,0
35068581,The Heart Is a Shifting Sea: Love and Marriage in Mumbai – An Intimate Work of Reportage on Three Couples in India,Elizabeth  Flock,"Flock, Elizabeth",,"=""0062456504""","=""9780062456502""",5.0,Harper,Kindle Edition,389,2018,2018,2018/03/11,2024/09/24,,,read,,,,2,0
203958661,Health and Safety: A Breakdown,Emily Witt,"Witt, Emily",,"=""0593317653""","=""9780593317655""",3.0,Vintage,Kindle Edition,264,2024,2024,2024/09/22,2024/09/17,,,read,,,,1,0
31933063,"Heather, the Totality",Matthew Weiner,"Weiner, Matthew",,"=""0316435309""","=""9780316435307""",3.0,"Little, Brown and Company",Kindle Edition,145,2017,2017,2018/12/29,2024/09/23,,,read,,,,2,0
45306328,Inclusify: The Power of Uniqueness and Belonging to Build Innovative Teams,Stefanie K. Johnson,"Johnson, Stefanie K.",,"=""0062947281""","=""9780062947284""",4.0,Harper Business,Kindle Edition,280,2020,2020,2020/11/25,2020/11/08,,,read,,,,1,0
57411118,The Pessimists,Bethany Ball,"Ball, Bethany",,"=""0802158897""","=""9780802158895""",3.0,Grove Press,Kindle Edition,304,2021,2021,2021/10/30,2021/10/26,,,read,,,,1,0
214479927,Big Fan: A Modern Romance,Alexandra Romanoff,"Romanoff, Alexandra",,"=""""","=""9798893310191""",5.0,831 Stories,Kindle Edition,171,2024,,2024/09/15,2024/09/15,,,read,,,,1,0
195431722,Blue Sisters,Coco Mellors,"Mellors, Coco",,"=""0593723775""","=""9780593723777""",3.0,Ballantine Books,Kindle Edition,272,2024,2024,2024/09/15,2024/02/19,,,read,,,,1,0
177058836,The Other Valley,Scott Alexander Howard,"Howard, Scott Alexander",,"=""1668015498""","=""9781668015490""",5.0,Atria Books,Kindle Edition,304,2024,2024,2024/09/04,2024/05/22,,,read,,,,1,0
123434112,The Trio: A Novel,Johanna Hedman,"Hedman, Johanna",Kira Josefsson,"=""1609459539""","=""9781609459536""",2.0,Europa Editions,Kindle Edition,338,2023,2021,2024/08/31,2024/08/28,,,read,,,,1,0
199373500,Anyone's Ghost,August Thompson,"Thompson, August",,"=""0593656563""","=""9780593656563""",0,Penguin Press,Hardcover,320,2024,2024,,2024/08/31,to-read,to-read (#199),to-read,,,,0,0
199743722,"Hampton Heights: One Harrowing Night in the Most Haunted Neighborhood in Milwaukee, Wisconsin",Dan Kois,"Kois, Dan",,"=""0063358751""","=""9780063358751""",0,Harper Perennial,Paperback,208,2024,2024,,2024/08/30,to-read,to-read (#198),to-read,,,,0,0
201750794,The Bright Sword,Lev Grossman,"Grossman, Lev",,"=""0735224048""","=""9780735224049""",4.0,Viking,Hardcover,688,2024,2024,2024/08/28,2024/07/21,,,read,,,,1,0
26256492,Half an Inch of Water,Percival Everett,"Everett, Percival",,"=""1555979092""","=""9781555979096""",4.0,Graywolf Press,Kindle Edition,175,2015,2015,2024/08/26,2024/08/26,,,read,,,,1,0
205524927,"Wanted: Toddler's Personal Assistant: How Nannying for the 1% Taught Me about the Myths of Equality, Motherhood, and Upward Mobility in America",Stephanie Kiser,"Kiser, Stephanie",,"=""1728298172""","=""9781728298177""",4.0,Sourcebooks,Kindle Edition,320,2024,2024,2024/08/24,2024/08/23,,,read,,,,1,0
60556912,"The Housemaid (The Housemaid, #1)",Freida McFadden,"McFadden, Freida",,"=""1803144378""","=""9781803144375""",1.0,Bookouture,Kindle Edition,338,2022,2022,,2024/02/03,,,read,,,,1,0
199897944,The Safekeep,Yael van der Wouden,"Wouden, Yael van der",,"=""1668034360""","=""9781668034361""",4.0,Avid Reader Press / Simon & Schuster,Kindle Edition,272,2024,2024,2024/08/23,2024/05/28,,,read,,,,1,0
55675439,Long Island Compromise,Taffy Brodesser-Akner,"Brodesser-Akner, Taffy",,"=""0593133501""","=""9780593133507""",0,Random House,Kindle Edition,480,2024,2024,2024/08/20,2024/07/11,,,read,,,,1,0
200555235,Liars,Sarah Manguso,"Manguso, Sarah",,"=""0593241258""","=""9780593241257""",0,Hogarth,Hardcover,272,2024,2024,2024/09/01,2024/07/30,,,read,,,,1,0
24358257,The Woman Who Stole My Life,Marian Keyes,"Keyes, Marian",,"=""0698197658""","=""9780698197657""",0,Penguin,Kindle Edition,466,2015,2014,,2024/08/20,,,read,,,,1,0
200174139,"Zero Stars, Do Not Recommend",M.J. Wassmer,"Wassmer, M.J.",,"=""1464218021""","=""9781464218026""",3.0,Sourcebooks Landmark,Paperback,384,2024,2024,,2024/08/11,,,read,,,,1,0
62066104,I Hope This Finds You Well,Natalie Sue,"Sue, Natalie",,"=""006332038X""","=""9780063320383""",3.0,William Morrow,Kindle Edition,349,2024,2024,2024/08/10,2024/08/10,,,read,,,,1,0
9300,"Watermelon (Walsh Family, #1)",Marian Keyes,"Keyes, Marian",,"=""0099489988""","=""9780099489986""",0,Arrow,Paperback,520,2006,1995,,2024/08/07,to-read,to-read (#197),to-read,,,,0,0
59063942,The Bean Trees,Barbara Kingsolver,"Kingsolver, Barbara",,"=""""","=""""",0,HarperCollins ,Kindle Edition,342,,1988,2024/08/05,2023/11/04,,,read,,,,1,0
177328214,The Wedding People,Alison Espach,"Espach, Alison",,"=""1250899567""","=""9781250899569""",4.0,Henry Holt and Co.,Kindle Edition,384,2024,2024,2024/08/04,2024/07/03,,,read,,,,1,0
318906,The Flight of the Maidens,Jane Gardam,"Gardam, Jane",,"=""0452283345""","=""9780452283343""",0,Plume,Paperback,278,2002,2000,,2024/07/27,"to-read, library","to-read (#196), library (#1)",to-read,,,,0,0
54436125,Lorna Mott Comes Home,Diane Johnson,"Johnson, Diane",,"=""0525521089""","=""9780525521082""",0,Knopf,Hardcover,336,2021,2021,,2024/07/25,to-read,to-read (#195),to-read,,,,0,0
459335,The Ladies' Man,Elinor Lipman,"Lipman, Elinor",,"=""1841151394""","=""9781841151397""",3.0,Fourth Estate,Paperback,275,2000,1998,2024/07/25,2023/01/27,,,read,,,,1,0
5768839,Family Man,Elinor Lipman,"Lipman, Elinor",,"=""0618644660""","=""9780618644667""",0,HMH,Hardcover,305,2009,2009,2024/07/25,2024/07/25,to-read,to-read (#194),to-read,,,,1,0
16131025,Beautiful Day,Elin Hilderbrand,"Hilderbrand, Elin",,"=""0316099783""","=""9780316099783""",4.0,"Little, Brown and Company",Hardcover,416,2013,2013,2024/07/30,2024/07/20,,,read,,,,1,0
99575,Half a Life: A Memoir,Jill Ciment,"Ciment, Jill",,"=""0385488912""","=""9780385488914""",0,Knopf Doubleday Publishing Group,Paperback,224,1997,1996,,2024/07/16,to-read,to-read (#193),to-read,,,,0,0
204297685,Gold Rush,Olivia Petter,"Petter, Olivia",,"=""0008606439""","=""9780008606435""",0,Fourth Estate,Kindle Edition,385,2024,2024,,2024/07/15,to-read,to-read (#192),to-read,,,,0,0
199897935,You're Safe Here,Leslie   Stephens,"Stephens, Leslie",,"=""""","=""""",5.0,Gallery/Scout Press,Kindle Edition,320,2024,2024,2024/07/15,2024/06/25,,,read,,,,1,0
55077697,"The Blacktongue Thief (Blacktongue, #1)",Christopher Buehlman,"Buehlman, Christopher",,"=""1250621194""","=""9781250621191""",0,Tor Books,Hardcover,416,2021,2021,,2024/07/14,to-read,to-read (#191),to-read,,,,0,0
23168277,"The Sympathizer (The Sympathizer, #1)",Viet Thanh Nguyen,"Nguyen, Viet Thanh",,"=""0802123457""","=""9780802123459""",0,Grove Press,Hardcover,384,2015,2015,,2024/07/12,to-read,to-read (#190),to-read,,,,0,0
59227941,The Hotel Nantucket,Elin Hilderbrand,"Hilderbrand, Elin",,"=""0316258679""","=""9780316258678""",4.0,"Little, Brown and Company",Hardcover,416,2022,2022,,2024/07/09,,,read,,,,1,0
154985516,The Cautious Traveller's Guide to the Wastelands,Sarah  Brooks,"Brooks, Sarah",,"=""1250878616""","=""9781250878618""",0,Flatiron Books,Hardcover,316,2024,2024,,2024/07/06,to-read,to-read (#189),to-read,,,,0,0
102880,"Generation Loss (Cass Neary, #1)",Elizabeth Hand,"Hand, Elizabeth",,"=""1931520216""","=""9781931520218""",0,Small Beer Pr,Hardcover,265,2007,2007,,2024/07/06,to-read,to-read (#188),to-read,,,,0,0
31661,Vintage Munro,Alice Munro,"Munro, Alice",,"=""1400033950""","=""9781400033959""",5.0,Vintage,Paperback,208,2004,2004,2024/07/27,2024/07/04,,,read,,,,1,0
199698485,The God of the Woods,Liz    Moore,"Moore, Liz",,"=""""","=""""",5.0,Riverhead Books,Kindle Edition,562,2024,2024,2024/07/02,2024/07/02,,,read,,,,1,0
199345782,Same As It Ever Was,Claire Lombardo,"Lombardo, Claire",,"=""""","=""""",4.0,Vintage,Kindle Edition,512,2024,2024,2024/07/01,2024/06/19,,,read,,,,1,0
14284,The Beggar Maid: Stories of Flo and Rose,Alice Munro,"Munro, Alice",,"=""0679732713""","=""9780679732716""",0,Knopf Doubleday Publishing Group,Paperback,210,1991,1978,,2024/06/28,to-read,to-read (#187),to-read,,,,0,0
198563695,When Women Ran Fifth Avenue: Glamour and Power at the Dawn of American Fashion,Julie Satow,"Satow, Julie",,"=""0385548753""","=""9780385548755""",0,Doubleday,Hardcover,295,2024,2024,,2024/06/22,to-read,to-read (#186),to-read,,,,0,0
198123433,The Winner,Teddy Wayne,"Wayne, Teddy",,"=""0063353628""","=""9780063353626""",4.0,Harper,Kindle Edition,288,2024,2024,2024/06/19,2024/06/19,,,read,,,,1,0
62357986,The Bird Hotel,Joyce Maynard,"Maynard, Joyce",,"=""1956763740""","=""9781956763744""",3.0,Arcade,Kindle Edition,457,2023,2023,2024/06/18,2024/01/03,,,read,,,,1,0
196848594,Swimming in Paris: A Life in Three Stories,Colombe Schneck,"Schneck, Colombe","Lauren Elkin, Natasha Lehrer","=""0593655931""","=""9780593655931""",0,Penguin Press,Hardcover,240,2024,,,2024/06/18,to-read,to-read (#185),to-read,,,,0,0
58184393,On Earth We're Briefly Gorgeous,Ocean Vuong,"Vuong, Ocean",,"=""""","=""""",4.0,Penguin Books,Kindle Edition,252,2019,2019,2024/06/09,2024/06/09,,,read,,,,1,0
129263635,Happening,Annie Ernaux,"Ernaux, Annie",Tanya Leslie,"=""1609809483""","=""9781609809485""",0,Seven Stories Press,Paperback,96,2022,2000,,2024/06/08,to-read,to-read (#184),to-read,,,,0,0
196845475,We Were the Universe,Kimberly King Parsons,"Parsons, Kimberly King",,"=""0525521852""","=""9780525521853""",0,Knopf,Hardcover,288,2024,2024,,2024/06/08,to-read,to-read (#183),to-read,,,,0,0
13651,The Dispossessed: An Ambiguous Utopia,Ursula K. Le Guin,"Guin, Ursula K. Le",,"=""""","=""""",0,Harper Voyager,Paperback,387,1994,1974,,2024/06/08,to-read,to-read (#182),to-read,,,,0,0
6456073,The Shipping News,Annie Proulx,"Proulx, Annie",,"=""""","=""""",5.0,Scribner,ebook,354,2008,1993,2024/06/05,2024/06/05,,,read,,,,1,0
60838158,Small World,Laura Zigman,"Zigman, Laura",,"=""0063088282""","=""9780063088283""",3.0,Ecco,Hardcover,304,2023,2023,2023/03/28,2024/06/05,,,read,,,,2,0
195391626,Modern Friendship: How to Nurture Our Most Valued Connections,Anna Goldfarb,"Goldfarb, Anna",,"=""1649632088""","=""9781649632081""",5.0,St. Martin's Essentials / Sounds True,Hardcover,288,2024,,,2024/06/04,,,read,,,,1,0
195790706,In Tongues,Thomas Grattan,"Grattan, Thomas",,"=""0374608180""","=""9780374608187""",0,MCD,Hardcover,288,2024,2024,,2024/06/02,to-read,to-read (#181),to-read,,,,0,0
60619908,When We Were Friends,Holly Bourne,"Bourne, Holly",,"=""0369703464""","=""9780369703460""",3.0,MIRA,Kindle Edition,336,2022,2022,2022/10/09,2022/10/09,,,read,,,,1,0
33947154,They Can't Kill Us Until They Kill Us: Essays,Hanif Abdurraqib,"Abdurraqib, Hanif",Eve L. Ewing,"=""""","=""9781937512651""",0,Two Dollar Radio,Paperback,291,2017,2017,,2024/05/31,to-read,to-read (#180),to-read,,,,0,0
43289181,Cantoras,Carolina De Robertis,"Robertis, Carolina De",,"=""0525521690""","=""9780525521693""",0,Knopf,Hardcover,312,2019,2019,,2024/05/29,to-read,to-read (#179),to-read,,,,0,0
133287167,Grief Is for People,Sloane Crosley,"Crosley, Sloane",,"=""""","=""""",5.0,MCD,Kindle Edition,193,2024,2024,2024/05/28,2024/03/05,,,read,,,,1,0
235773,Waiting,Ha Jin,"Jin, Ha",,"=""0375706410""","=""9780375706417""",5.0,Vintage,Paperback,310,2000,1999,2024/05/26,2024/05/26,,,read,,,,1,0
52722079,The Pull of the Stars,Emma Donoghue,"Donoghue, Emma",,"=""0316499013""","=""9780316499019""",0,"Little, Brown and Company",Hardcover,295,2020,2020,,2024/05/25,to-read,to-read (#178),to-read,,,,0,0
62560592,Wednesdays at One,Sandra A.  Miller,"Miller, Sandra A.",,"=""1958506036""","=""9781958506035""",0,Zibby Books,Paperback,312,2023,2023,2024/05/25,2024/05/25,,,read,,,,1,0
176443093,Sociopath,Patric Gagne,"Gagne, Patric",,"=""166800318X""","=""9781668003183""",3.0,Simon & Schuster,Hardcover,368,2024,2024,2024/05/20,2024/05/25,,,read,,,,1,0
61190770,Chain-Gang All-Stars,Nana Kwame Adjei-Brenyah,"Adjei-Brenyah, Nana Kwame",,"=""0593317335""","=""9780593317334""",4.0,Pantheon,Hardcover,367,2023,2023,2024/05/24,2024/05/22,,,read,,,,1,0
59016923,Small Things Like These,Claire Keegan,"Keegan, Claire",,"=""0802158757""","=""9780802158758""",5.0,Grove Press,Kindle Edition,70,2021,2021,2024/05/19,2023/03/22,,,read,,,,1,0
176442759,The Sleepwalkers,Scarlett Thomas,"Thomas, Scarlett",,"=""1668032988""","=""9781668032985""",2.0,Simon & Schuster,Hardcover,304,2024,2024,2024/05/19,2024/04/06,,,read,,,,1,0
2807199,American Wife,Curtis Sittenfeld,"Sittenfeld, Curtis",,"=""1400064759""","=""9781400064755""",0,Random House,Hardcover,555,2008,2008,,2024/02/10,,,read,,,,1,0
62039166,The Bee Sting,Paul Murray,"Murray, Paul",,"=""0374600309""","=""9780374600303""",4.0,"Farrar, Straus and Giroux",Hardcover,645,2023,2023,,2024/04/25,,,read,,,,1,0
201187765,This Strange Eventful History,Claire Messud,"Messud, Claire",,"=""039363504X""","=""9780393635041""",0,W. W. Norton & Company,Hardcover,448,2024,,,2024/05/12,to-read,to-read (#177),to-read,,,,0,0
56816904,The Sentence,Louise Erdrich,"Erdrich, Louise",,"=""006267112X""","=""9780062671127""",0,Harper,Hardcover,387,2021,2021,,2024/05/12,to-read,to-read (#176),to-read,,,,0,0
57840627,The Things We Do To Our Friends,Heather Darwent,"Darwent, Heather",,"=""0593497171""","=""9780593497173""",1.0,Bantam Dell,Kindle Edition,336,2023,2023,2024/05/12,2023/04/21,,,read,,,,1,0
173754979,James,Percival Everett,"Everett, Percival",,"=""0385550367""","=""9780385550369""",0,Knopf Doubleday,Hardcover,303,2024,2024,,2024/05/11,to-read,to-read (#175),to-read,,,,0,0
27070127,Vinegar Girl,Anne Tyler,"Tyler, Anne",,"=""0804141266""","=""9780804141260""",3.0,Hogarth,Hardcover,237,2016,2016,2024/05/09,2024/05/09,,,read,,,,1,0
306010,Postcards from the Edge,Carrie Fisher,"Fisher, Carrie",,"=""0743466519""","=""9780743466516""",4.0,Pocket Books,Paperback,226,2002,1987,2024/02/27,2024/05/05,,,read,,,,1,0
36203362,Motherhood,Sheila Heti,"Heti, Sheila",,"=""1627790772""","=""9781627790772""",0,Henry Holt & Company,Hardcover,304,2018,2018,,2024/05/05,to-read,to-read (#174),to-read,,,,0,0
428,Play It As It Lays,Joan Didion,"Didion, Joan",,"=""0374529949""","=""9780374529949""",0,"Farrar, Straus and Giroux",Paperback,231,2005,1970,,2024/05/05,to-read,to-read (#173),to-read,,,,0,0
421,The White Album,Joan Didion,"Didion, Joan",,"=""0374532079""","=""9780374532079""",0,FSG Adult,Paperback,224,2009,1979,,2024/05/05,to-read,to-read (#172),to-read,,,,0,0
960246,"The L-Shaped Room (Jane Graham, #1)",Lynne Reid Banks,"Banks, Lynne Reid",,"=""0099469634""","=""9780099469636""",0,Vintage Classics,Paperback,269,2004,1960,2024/05/05,2024/04/21,,,read,,,,1,0
155685405,Splinters,Leslie Jamison,"Jamison, Leslie",,"=""0316374881""","=""9780316374880""",5.0,"Little, Brown and Company",Hardcover,272,2024,2024,2024/02/27,2024/04/27,,,read,,,,1,0
56294820,"Oh William! (Amgash, #3)",Elizabeth Strout,"Strout, Elizabeth",,"=""0812989430""","=""9780812989434""",0,Random House,Hardcover,240,2021,2021,,2024/04/26,to-read,to-read (#171),to-read,,,,0,0
59788021,Thirst for Salt,Madelaine Lucas,"Lucas, Madelaine",,"=""1953534724""","=""9781953534729""",4.0,Tin House Books,Kindle Edition,271,2023,2023,2024/04/25,2023/05/10,,,read,,,,1,0
157981711,This American Ex-Wife: How I Ended My Marriage and Started My Life,Lyz Lenz,"Lenz, Lyz",,"=""0593241126""","=""9780593241127""",0,Crown,Hardcover,288,2024,2024,2024/03/27,2024/04/25,,,read,,,,1,0
36820477,The Cost of Living: A Working Autobiography,Deborah Levy,"Levy, Deborah",,"=""163557191X""","=""9781635571912""",0,Bloomsbury Publishing,Hardcover,144,2018,2018,,2024/04/22,to-read,to-read (#170),to-read,,,,0,0
52684733,Girl One,Sara Flannery Murphy,"Murphy, Sara Flannery",,"=""0374601755""","=""9780374601751""",0,MCD,Kindle Edition,368,2021,2021,,2024/04/22,to-read,to-read (#169),to-read,,,,0,0
174156218,Headshot,Rita Bullwinkel,"Bullwinkel, Rita",,"=""0593654102""","=""9780593654101""",0,Viking,Hardcover,224,2024,2024,,2024/04/21,to-read,to-read (#168),to-read,,,,0,0
150277127,The Mars House,Natasha Pulley,"Pulley, Natasha",,"=""1639732330""","=""9781639732333""",1.0,Bloomsbury Publishing,Hardcover,469,2024,2024,2024/03/27,2024/04/20,,,read,,,,1,0
59557275,Home Cooking: A Writer in the Kitchen,Laurie Colwin,"Colwin, Laurie",Ruth Reichl,"=""0593313909""","=""9780593313909""",5.0,Vintage ,Kindle Edition,190,2021,1988,2024/04/20,2023/03/23,,,read,,,,1,0
55360284,Taste: My Life Through Food,Stanley Tucci,"Tucci, Stanley",,"=""1982168013""","=""9781982168018""",4.0,Gallery Books,Hardcover,291,2021,2021,2024/03/27,2024/04/20,,,read,,,,1,0
196056205,Bear,Julia  Phillips,"Phillips, Julia",,"=""0525520430""","=""9780525520436""",0,Hogarth,Hardcover,304,2024,2024,,2024/04/11,to-read,to-read (#167),to-read,,,,0,0
673915,Last Night at the Lobster,Stewart O'Nan,"O'Nan, Stewart",,"=""0670018279""","=""9780670018277""",0,Viking Adult,Hardcover,160,2007,2007,,2024/04/11,to-read,to-read (#166),to-read,,,,0,0
40195518,The Recovering: Intoxication and Its Aftermath,Leslie Jamison,"Jamison, Leslie",,"=""""","=""""",4.0,"Little, Brown and Company",Kindle Edition,545,2018,2018,2024/04/07,2024/04/07,,,read,,,,1,0
179546868,The Limits,Nell Freudenberger,"Freudenberger, Nell",,"=""059344888X""","=""9780593448885""",0,Knopf,Hardcover,368,2024,2024,,2024/04/06,to-read,to-read (#165),to-read,,,,0,0
156007669,Annie Bot,Sierra Greer,"Greer, Sierra",,"=""0063312719""","=""9780063312715""",0,Mariner Books,Kindle Edition,298,2024,2024,2024/03/25,2024/03/24,,,read,,,,1,0
92290,The Locusts Have No King,Dawn Powell,"Powell, Dawn",,"=""1883642426""","=""9781883642426""",0,Steerforth Press,Paperback,286,1998,1948,,2024/03/20,to-read,to-read (#164),to-read,,,,0,0
208474799,"Guards! Guards! (Discworld, #8)",Terry Pratchett,"Pratchett, Terry",,"=""""","=""""",5.0,Harper Paperbacks,Kindle Edition,383,2009,1989,2024/03/20,2024/03/12,,,read,,,,1,0
61842212,Soldier Sailor,Claire Kilroy,"Kilroy, Claire",,"=""""","=""""",0,Faber & Faber,ebook,256,2023,2023,,2024/03/18,to-read,to-read (#163),to-read,,,,0,0
150778707,Bad Animals,Sarah Braunstein,"Braunstein, Sarah",,"=""1324051043""","=""9781324051046""",0,W. W. Norton & Company,Hardcover,304,2024,2024,,2024/03/16,to-read,to-read (#162),to-read,,,,0,0
36711026,The Wildlands,Abby Geni,"Geni, Abby",,"=""1619022346""","=""9781619022348""",0,Counterpoint,Hardcover,368,2018,2018,,2024/03/15,to-read,to-read (#161),to-read,,,,0,0
9361377,How Should a Person Be?,Sheila Heti,"Heti, Sheila",,"=""0887842402""","=""9780887842405""",0,House of Anansi Press,Hardcover,306,2010,2010,,2024/03/15,to-read,to-read (#160),to-read,,,,0,0
206340426,"The Color of Magic (Discworld, #1)",Terry Pratchett,"Pratchett, Terry",,"=""""","=""""",4.0,HarperCollins,Kindle Edition,267,2024,1983,2024/03/12,2024/03/08,,,read,,,,1,0
39355963,Vanishing Twins: A Marriage,Leah Dieterich,"Dieterich, Leah",,"=""1593763069""","=""9781593763060""",4.0,Soft Skull Press,Kindle Edition,292,2018,2018,2024/03/12,2024/03/06,,,read,,,,1,0
174622,Light Years,James Salter,"Salter, James",,"=""""","=""""",0,Vintage International,Paperback,308,1995,1975,,2024/03/11,to-read,to-read (#159),to-read,,,,0,0
192761615,The Alternatives,Caoilinn Hughes,"Hughes, Caoilinn",,"=""0593545001""","=""9780593545003""",0,Riverhead Books,Hardcover,352,2024,2024,,2024/03/09,to-read,to-read (#158),to-read,,,,0,0
6081088,Into Thin Air,Jon Krakauer,"Krakauer, Jon",,"=""""","=""""",4.0,Anchor ,Kindle Edition,368,1998,1997,2024/03/08,2024/02/12,,,read,,,,1,0
133287138,Green Dot: A Novel,Madeleine Gray,"Gray, Madeleine",,"=""1250890586""","=""9781250890580""",3.0,Henry Holt and Co.,Kindle Edition,299,2024,2024,2024/03/06,2024/03/06,,,read,,,,1,0
133287127,Piglet,Lottie Hazell,"Hazell, Lottie",,"=""""","=""""",3.0,Henry Holt and Co.,Kindle Edition,287,2024,2024,2024/03/04,2024/02/21,,,read,,,,1,0
177058859,Greta & Valdin,Rebecca K. Reilly,"Reilly, Rebecca K.",,"=""1668028069""","=""9781668028063""",2.0,Avid Reader Press / Simon & Schuster,Kindle Edition,351,2024,2021,2024/03/03,2023/12/21,,,read,,,,1,0
176451879,"Kill for Me, Kill for You",Steve Cavanagh,"Cavanagh, Steve",,"=""1668049341""","=""9781668049341""",0,Atria Books,Hardcover,340,2024,2023,,2024/02/25,to-read,to-read (#157),to-read,,,,0,0
51231889,Nobody Will Tell You This But Me: A True (as Told to Me) Story,Bess Kalb,"Kalb, Bess",,"=""0525654712""","=""9780525654711""",0,Knopf Publishing Group,Hardcover,224,2020,2020,,2024/02/25,to-read,to-read (#156),to-read,,,,0,0
195266722,Private Equity: A Memoir,Carrie Sun,"Sun, Carrie",,"=""0593655001""","=""9780593655009""",2.0,Penguin Press,Kindle Edition,349,2024,2024,2024/02/19,2024/02/18,,,read,,,,1,0
49982087,The Thorn Birds,Colleen McCullough,"McCullough, Colleen",,"=""""","=""""",4.0,HarperCollins e-books,Kindle Edition,704,2009,1977,2024/02/18,2024/01/07,,,read,,,,1,0
56563852,"The Wolf Den (Wolf Den Trilogy, #1)",Elodie Harper,"Harper, Elodie",,"=""""","=""""",0,Head of Zeus,Hardcover,464,2021,2021,,2024/02/17,to-read,to-read (#155),to-read,,,,0,0
199798901,The Widow's Guide to Dead Bastards,Jessica  Waite,"Waite, Jessica",,"=""1668044854""","=""9781668044858""",0,Atria Books,Hardcover,320,2024,2024,,2024/02/11,to-read,to-read (#154),to-read,,,,0,0
60165417,A Minor Chorus,Billy-Ray Belcourt,"Belcourt, Billy-Ray",,"=""132402142X""","=""9781324021421""",0,W. W. Norton & Company,Paperback,162,2022,2022,,2024/02/10,to-read,to-read (#153),to-read,,,,0,0
134118997,More: A Memoir of Open Marriage,Molly Roden Winter,"Winter, Molly Roden",,"=""0385549466""","=""9780385549462""",1.0,Vintage,Kindle Edition,292,2024,2024,2024/02/04,2024/02/04,,,read,,,,1,0
127463471,Come and Get It,Kiley Reid,"Reid, Kiley",,"=""""","=""""",4.0,G.P. Putnam's Sons,Kindle Edition,400,2024,2024,2024/02/01,2023/06/03,,,read,,,,1,0
198701985,Good Material,Dolly Alderton,"Alderton, Dolly",,"=""0593801318""","=""9780593801314""",4.0,Vintage,Kindle Edition,354,2024,2023,2024/01/31,2024/01/07,,,read,,,,1,0
57028269,Conversations on Love,Natasha Lunn,"Lunn, Natasha",,"=""0241448735""","=""9780241448731""",0,Viking,Hardcover,320,2021,2021,,2024/01/31,to-read,to-read (#152),to-read,,,,0,0
192778259,Days of Wonder,Caroline Leavitt,"Leavitt, Caroline",,"=""164375128X""","=""9781643751283""",0,Algonquin Books,Hardcover,320,2024,,,2024/01/31,to-read,to-read (#151),to-read,,,,0,0
40041238,The Accidental Tourist,Anne Tyler,"Tyler, Anne",,"=""""","=""""",4.0,Vintage,Kindle Edition,418,2007,1985,2024/01/30,2024/01/30,,,read,,,,1,0
60466391,My Murder,Katie Williams,"Williams, Katie",,"=""0593543785""","=""9780593543788""",5.0,Riverhead Books,Kindle Edition,304,2023,2023,2024/01/23,2024/01/23,,,read,,,,1,0
61090779,Platonic: How the Science of Attachment Can Help You Make—and Keep—Friends,Marisa G. Franco,"Franco, Marisa G.",,"=""0593331907""","=""9780593331903""",5.0,G.P. Putnam's Sons,Kindle Edition,336,2022,2022,2024/01/22,2024/01/22,,,read,,,,1,0
17910048,"The Goblin Emperor (The Chronicles of Osreth, #1)",Katherine Addison,"Addison, Katherine",,"=""076532699X""","=""9780765326997""",3.0,Tor Books,Hardcover,446,2014,2014,2024/01/22,2024/01/09,,,read,,,,1,0
43347603,The Yellow House,Sarah M. Broom,"Broom, Sarah M.",,"=""0802125085""","=""9780802125088""",0,Grove Press,Hardcover,376,2019,2019,,2024/01/22,to-read,to-read (#150),to-read,,,,0,0
57207910,All My Mothers,Joanna Glen,"Glen, Joanna",,"=""""","=""9780008410605""",0,"Harper Collins, UK",ebook,400,2021,2021,,2024/01/19,to-read,to-read (#149),to-read,,,,0,0
127278269,You Only Call When You're in Trouble,Stephen McCauley,"McCauley, Stephen",,"=""125029679X""","=""9781250296795""",0,Henry Holt and Co.,Hardcover,336,2024,2024,,2024/01/17,to-read,to-read (#148),to-read,,,,0,0
123033397,Day,Michael Cunningham,"Cunningham, Michael",,"=""0399591346""","=""9780399591341""",0,Random House,Hardcover,273,2023,2023,,2024/01/15,to-read,to-read (#147),to-read,,,,0,0
60881459,"Practical Magic (Practical Magic, #1)",Alice Hoffman,"Hoffman, Alice",,"=""""","=""""",3.0,Berkley,Kindle Edition,290,2022,1995,2024/01/14,2024/01/14,,,read,,,,1,0
52761023,Against the Loveless World,Susan Abulhawa,"Abulhawa, Susan",,"=""1982137037""","=""9781982137038""",0,Atria Books,Hardcover,384,2020,2019,,2024/01/09,to-read,to-read (#146),to-read,,,,0,0
104101,The Lions of Al-Rassan,Guy Gavriel Kay,"Kay, Guy Gavriel",,"=""0060733497""","=""9780060733490""",0,Harper Voyager,Paperback,528,2005,1995,,2024/01/09,to-read,to-read (#145),to-read,,,,0,0
125072098,Land of Milk and Honey,C Pam Zhang,"Zhang, C Pam",,"=""0593538269""","=""9780593538265""",3.0,Riverhead Books,Kindle Edition,240,2023,2023,2024/01/07,2024/01/07,,,read,,,,1,0
629170,Surrender the Pink,Carrie Fisher,"Fisher, Carrie",,"=""0671666401""","=""9780671666408""",0,Simon & Schuster,Hardcover,288,1990,1990,,2024/01/07,to-read,to-read (#144),to-read,,,,0,0
176443312,Fruit of the Dead,Rachel  Lyon,"Lyon, Rachel",,"=""1668020858""","=""9781668020852""",0,Scribner,Hardcover,320,2024,2024,,2024/01/03,to-read,to-read (#143),to-read,,,,0,0
49226584,The Hierarchies,Ros Anderson,"Anderson, Ros",,"=""0593182871""","=""9780593182871""",0,Dutton,Hardcover,352,2020,2020,,2024/01/03,to-read,to-read (#142),to-read,,,,0,0
74831628,We Are Too Many: A Memoir [Kind of],Hannah Pittard,"Pittard, Hannah",,"=""1250869056""","=""9781250869050""",4.0,Henry Holt and Co.,Kindle Edition,209,2023,2023,2024/01/03,2024/01/03,,,read,,,,1,0
62084507,In Memoriam,Alice  Winn,"Winn, Alice",,"=""""","=""""",5.0,Knopf,ebook,383,2023,2023,2024/01/01,2023/12/09,,,read,,,,1,0
144744277,The Burnout,Sophie Kinsella,"Kinsella, Sophie",,"=""0593730402""","=""9780593730409""",2.0,The Dial Press,Kindle Edition,402,2023,2023,2024/01/01,2023/12/07,,,read,,,,1,0
58416952,"The Will of the Many (Hierarchy, #1)",James Islington,"Islington, James",,"=""1982141190""","=""9781982141196""",4.0,Gallery / Saga Press,Kindle Edition,640,2023,2023,2023/12/27,2023/12/24,,,read,,,,1,0
42900100,The First Girl Child (The Chronicles of Saylok #1),Amy Harmon,"Harmon, Amy",,"=""1542003717""","=""9781542003711""",0,47North,Kindle Edition,391,2019,2019,,2023/12/28,to-read,to-read (#141),to-read,,,,0,0
58081862,The Party Crasher,Sophie Kinsella,"Kinsella, Sophie",,"=""0593449193""","=""9780593449196""",0,The Dial Press,Kindle Edition,352,2021,2021,2023/12/26,2023/12/26,,,read,,,,1,0
35082451,All the Names They Used for God,Anjali Sachdeva,"Sachdeva, Anjali",,"=""0399593004""","=""9780399593000""",0,The Dial Press,Hardcover,259,2018,2018,2023/06/27,2023/04/10,,,read,,,,1,0
35952871,"You Think It, I'll Say It",Curtis Sittenfeld,"Sittenfeld, Curtis",,"=""0399592865""","=""9780399592867""",0,Random House,Hardcover,226,2018,2017,,2023/12/27,,,read,,,,1,0
24368387,Outline,Rachel Cusk,"Cusk, Rachel",,"=""""","=""""",0,"Farrar, Straus and Giroux",Kindle Edition,257,2015,2014,2024/04/25,2023/03/21,restart,restart (#5),read,,,,1,0
74891998,Shark Heart,Emily Habeck,"Habeck, Emily",,"=""""","=""""",4.0,S&S/ Marysue Rucci Books,ebook,415,2023,2023,2023/12/25,2023/10/21,xmas-23,xmas-23 (#1),read,,,,1,0
57696105,The Daydreams,Laura Hankin,"Hankin, Laura",,"=""0593438205""","=""9780593438206""",4.0,Berkley,Kindle Edition,368,2023,2023,2023/12/24,2023/12/24,,,read,,,,1,0
50158413,The Fixed Stars,Molly Wizenberg,"Wizenberg, Molly",,"=""141974299X""","=""9781419742996""",4.0,Abrams Press,Hardcover,256,2020,2020,2023/12/23,2023/12/23,,,read,,,,1,0
62919862,Swamp Story,Dave Barry,"Barry, Dave",,"=""1982191333""","=""9781982191337""",0,Simon & Schuster,Hardcover,320,2023,2023,,2023/12/21,to-read,to-read (#140),to-read,,,,0,0
20928835,"Winter Street (Winter Street, #1)",Elin Hilderbrand,"Hilderbrand, Elin",,"=""""","=""""",4.0,"Little, Brown and Company",Kindle Edition,257,2014,2014,2023/12/21,2023/12/21,,,read,,,,1,0
62919394,Ripe,Sarah Rose Etter,"Etter, Sarah Rose",,"=""1668011638""","=""9781668011638""",3.0,Scribner,Hardcover,288,2023,2023,2023/12/20,2023/07/01,,,read,,,,1,0
61431922,"Fourth Wing (The Empyrean, #1)",Rebecca Yarros,"Yarros, Rebecca",,"=""1649374046""","=""9781649374042""",3.0,Entangled: Red Tower Books,Hardcover,517,2023,2023,2023/12/17,2023/12/20,,,read,,,,1,0
150260809,"Iron Flame (The Empyrean, #2)",Rebecca Yarros,"Yarros, Rebecca",,"=""""","=""""",2.0,Entangled: Red Tower Books,Kindle Edition,886,2023,2023,2023/12/20,2023/12/20,,,read,,,,1,0
60410002,We All Want Impossible Things,Catherine Newman,"Newman, Catherine",,"=""0063230895""","=""9780063230897""",0,Harper,Hardcover,224,2022,2022,,2023/12/18,"to-read, xmas-23","to-read (#139), xmas-23 (#2)",to-read,,,,0,0
35074096,"Mythos - The Greek Myths Retold (Stephen Fry's Great Mythology, #1)",Stephen Fry,"Fry, Stephen",,"=""0718188721""","=""9780718188726""",0,Michael Joseph,Hardcover,416,2017,2017,,2023/12/07,to-read,to-read (#138),to-read,,,,0,0
128579405,The Happy Couple,Naoise Dolan,"Dolan, Naoise",,"=""0063330482""","=""9780063330481""",3.0,Ecco,Kindle Edition,261,2023,2023,2023/12/06,2023/02/25,,,read,,,,1,0
74896591,Hope: A Novel,Andrew Ridker,"Ridker, Andrew",,"=""0593493346""","=""9780593493342""",4.0,Viking,Kindle Edition,432,2023,2023,2023/12/02,2023/11/27,,,read,,,,1,0
85323183,Mobility,Lydia Kiesling,"Kiesling, Lydia",,"=""1638930562""","=""9781638930563""",4.0,Crooked Media Reads,Hardcover,352,2023,2023,2023/11/29,2023/12/02,,,read,,,,1,0
61361681,Clytemnestra,Costanza Casati,"Casati, Costanza",,"=""1728268230""","=""9781728268231""",0,Sourcebooks Landmark,Hardcover,435,2023,2023,,2023/11/22,to-read,to-read (#137),to-read,,,,0,0
70240470,Among the Bros: A Fraternity Crime Story-The True Story of a Journalist's Investigation into a Fraternity Drug Ring,Max  Marshall,"Marshall, Max",,"=""0063099551""","=""9780063099555""",3.0,Harper,Kindle Edition,289,2023,2023,2023/11/17,2023/11/15,,,read,,,,1,0
135984288,"The Fund: Ray Dalio, Bridgewater Associates, and the Unraveling of a Wall Street Legend",Rob Copeland,"Copeland, Rob",,"=""1250276942""","=""9781250276940""",4.0,St. Martin's Press,Kindle Edition,336,2023,2023,2023/11/15,2023/11/08,,,read,,,,1,0
56691215,Olive,Emma Gannon,"Gannon, Emma",,"=""1524870242""","=""9781524870249""",5.0,"Andrews McMeel Publishing, LLC",Kindle Edition,368,2025,2020,2022/09/05,2021/04/05,,,read,,,,1,0
61394057,Adelaide,Genevieve Wheeler,"Wheeler, Genevieve",,"=""""","=""""",3.0,St. Martin's Press,Kindle Edition,304,2023,2023,2023/11/08,2023/08/20,,,read,,,,1,0
9328,The House of the Spirits,Isabel Allende,"Allende, Isabel",Magda Bogin,"=""0553383809""","=""9780553383805""",0,Dial Press Trade Paperback,Paperback,512,2005,1982,,2023/11/07,to-read,to-read (#136),to-read,,,,0,0
63256933,Tom Lake,Ann Patchett,"Patchett, Ann",,"=""0063327546""","=""9780063327542""",4.0,Harper,Kindle Edition,310,2023,2023,2023/11/04,2023/11/04,,,read,,,,1,0
61535154,Maame,Jessica George,"George, Jessica",,"=""""","=""""",3.0,St. Martin's Press,ebook,320,2023,2023,2023/10/29,2023/10/29,,,read,,,,1,0
60290835,Wellness,Nathan  Hill,"Hill, Nathan",,"=""0593536126""","=""9780593536124""",3.0,Knopf,Kindle Edition,689,2023,2023,2023/10/19,2023/05/12,,,read,,,,1,0
59603040,The Opportunist,Elyse Friedman,"Friedman, Elyse",,"=""""","=""""",4.0,MIRA,Kindle Edition,336,2022,2022,2023/03/04,2023/03/04,,,read,,,,1,0
123752446,A Real Piece of Work: A Memoir in Essays,Erin   Riley,"Riley, Erin",,"=""""","=""""",0,PENGUIN EBOOK,Kindle Edition,224,2023,,,2023/10/07,to-read,to-read (#135),to-read,,,,0,0
60429621,Stay True: A Memoir (Pulitzer Prize Winner),Hua Hsu,"Hsu, Hua",,"=""""","=""""",4.0,Doubleday,Kindle Edition,312,2022,2022,2023/10/07,2022/11/24,,,read,,,,1,0
61255619,Ready For Absolutely Nothing,Susannah Constantine,"Constantine, Susannah",,"=""0241555221""","=""9780241555224""",0,Michael Joseph,Kindle Edition,348,2022,,,2023/10/06,to-read,to-read (#134),to-read,,,,0,0
29358558,When in French: Love in a Second Language,Lauren Collins,"Collins, Lauren",,"=""1594206449""","=""9781594206443""",0,Penguin Press,Hardcover,256,2016,2016,,2023/10/03,to-read,to-read (#133),to-read,,,,0,0
122892583,Pet: A Novel,Catherine Chidgey,"Chidgey, Catherine",,"=""1609459318""","=""9781609459314""",4.0,Europa Editions,Kindle Edition,334,2023,2023,2023/10/01,2023/09/27,,,read,,,,1,0
63891397,Dykette,Jenny Fran Davis,"Davis, Jenny Fran",,"=""125084312X""","=""9781250843128""",2.0,Henry Holt and Co.,Kindle Edition,320,2023,2023,2023/09/27,2023/09/27,,,read,,,,1,0
61121100,Idlewild,James Frankie Thomas,"Thomas, James Frankie",,"=""""","=""""",3.0,The Overlook Press,ebook,400,2023,2023,2023/09/18,2023/09/15,,,read,,,,1,0
144743448,I'm a Fan: A Novel,Sheena Patel,"Patel, Sheena",,"=""1644452464""","=""9781644452462""",3.0,Graywolf Press,Kindle Edition,216,2023,2022,2023/09/15,2023/08/20,,,read,,,,1,0
529626,Sometimes a Great Notion,Ken Kesey,"Kesey, Ken",,"=""0140045295""","=""9780140045291""",0,Penguin Books,Paperback,628,1977,1964,,2023/09/14,to-read,to-read (#132),to-read,,,,0,0
9820,Crossing to Safety,Wallace Stegner,"Stegner, Wallace","Terry Tempest Williams, T.H. Watkins","=""037575931X""","=""9780375759314""",0,Modern Library,Paperback,335,2002,1987,,2023/09/14,to-read,to-read (#131),to-read,,,,0,0
60929,"Dawn (Xenogenesis, #1)",Octavia E. Butler,"Butler, Octavia E.",,"=""0446603775""","=""9780446603775""",0,Warner Books,Paperback,248,1997,1987,,2023/09/11,to-read,to-read (#130),to-read,,,,0,0
125622460,End Credits: How I Broke Up with Hollywood,Patty Lin,"Lin, Patty",,"=""""","=""9798986259604""",4.0,Zibby Publishing,Kindle Edition,297,2023,2023,2023/09/09,2023/09/09,,,read,,,,1,0
75496487,"Touched Out: Motherhood, Misogyny, Consent, and Control",Amanda Montei,"Montei, Amanda",,"=""0807013277""","=""9780807013274""",0,Beacon Press,Hardcover,256,2023,2023,,2023/09/09,to-read,to-read (#129),to-read,,,,0,0
64667846,The Anniversary,Stephanie Bishop,"Bishop, Stephanie",,"=""0802161685""","=""9780802161680""",3.0,"Grove Press, Black Cat",Kindle Edition,432,2023,2023,2023/09/07,2023/08/30,,,read,,,,1,0
46273543,Expectation,Anna Hope,"Hope, Anna",,"=""""","=""""",3.0,Harper Perennial,Kindle Edition,373,2020,2019,2020/07/21,2020/07/08,,,read,,,,1,0
62919852,The Mythmakers,Keziah Weir,"Weir, Keziah",,"=""1982189584""","=""9781982189587""",0,Scribner,Hardcover,368,2023,2023,,2023/09/03,to-read,to-read (#128),to-read,,,,0,0
74831603,Strip Tees: A Memoir of Millennial Los Angeles,Kate  Flannery,"Flannery, Kate",,"=""1250827272""","=""9781250827272""",3.0,Henry Holt and Co.,Kindle Edition,221,2023,2023,2023/08/30,2023/08/30,,,read,,,,1,0
63945340,Terrace Story,Hilary Leichter,"Leichter, Hilary",,"=""0063265818""","=""9780063265813""",0,Ecco,Hardcover,208,2023,2023,,2023/08/29,to-read,to-read (#127),to-read,,,,0,0
37794149,"A Memory Called Empire (Teixcalaan, #1)",Arkady Martine,"Martine, Arkady",,"=""1529001587""","=""9781529001587""",0,Tor,Paperback,448,2019,2019,,2023/08/27,to-read,to-read (#126),to-read,,,,0,0
8172058,The Pursuit of Alice Thrift,Elinor Lipman,"Lipman, Elinor",,"=""""","=""""",4.0,Vintage,Kindle Edition,307,2007,2003,2023/08/23,2023/07/31,,,read,,,,1,0
61783812,Foster Dade Explores the Cosmos,Nash Jenkins,"Jenkins, Nash",,"=""1419764764""","=""9781419764769""",3.0,Harry N. Abrams,Hardcover,544,2023,2023,2023/08/18,2023/08/18,,,read,,,,1,0
62921348,The Five-Star Weekend,Elin Hilderbrand,"Hilderbrand, Elin",,"=""0316259381""","=""9780316259385""",0,"Little, Brown and Company",Kindle Edition,400,2023,2023,2023/08/12,2023/07/16,,,read,,,,1,0
121876810,Hedge: A Novel,Jane Delury,"Delury, Jane",,"=""""","=""9798986241876""",3.0,Zibby Publishing,Kindle Edition,290,2023,2023,2023/08/12,2023/08/12,,,read,,,,1,0
73971348,The Rachel Incident,Caroline O'Donoghue,"O'Donoghue, Caroline",,"=""0593535715""","=""9780593535714""",5.0,Vintage,Kindle Edition,293,2023,2023,2023/08/12,2023/08/12,,,read,,,,1,0
68054556,Prom Mom,Laura Lippman,"Lippman, Laura",,"=""""","=""""",0,William Morrow,ebook,312,2023,2023,2023/08/12,2023/08/06,,,read,,,,1,0
63222079,The Whispers,Ashley Audrain,"Audrain, Ashley",,"=""1984881698""","=""9781984881694""",4.0,Pamela Dorman Books,Hardcover,336,2023,2023,2023/08/06,2023/05/25,,,read,,,,1,0
50493238,Lake Life,David James Poissant,"Poissant, David James",,"=""1476730016""","=""9781476730011""",3.0,Simon & Schuster,Kindle Edition,304,2020,2020,2020/08/02,2020/07/08,,,read,,,,1,0
74892080,Little Monsters,Adrienne Brodeur,"Brodeur, Adrienne",,"=""1982198125""","=""9781982198121""",3.0,Avid Reader Press / Simon & Schuster,Kindle Edition,317,2023,2023,2023/07/31,2023/05/27,,,read,,,,1,0
2328841,"Suite Scarlett (Scarlett, #1)",Maureen Johnson,"Johnson, Maureen",,"=""0439899273""","=""9780439899277""",2.0,Point,Hardcover,368,2008,2008,,2013/01/06,,,read,,,,1,0
17934513,Off Course,Michelle Huneven,"Huneven, Michelle",,"=""0374224471""","=""9780374224479""",4.0,Sarah Crichton Books,Hardcover,287,2014,2014,,2014/08/25,,,read,,,,1,0
70235243,"Pete and Alice in Maine: A Gripping Debut of Marriage, Betrayal, and Resilience in Pandemic-Era Maine",Caitlin Shetterly,"Shetterly, Caitlin",,"=""""","=""""",2.0,Harper,Kindle Edition,254,2023,2023,2023/07/16,2023/07/16,,,read,,,,1,0
61459625,Once More with Feeling,Elissa Sussman,"Sussman, Elissa",,"=""0593357361""","=""9780593357361""",3.0,Dell,Kindle Edition,240,2023,2023,2023/07/12,2023/07/12,,,read,,,,1,0
6484834,Barefoot,Elin Hilderbrand,"Hilderbrand, Elin",,"=""""","=""""",3.0,"Little, Brown and Company",Kindle Edition,417,2007,2007,2023/07/09,2023/07/09,,,read,,,,1,0
113537,"Positively Fifth Street: Murderers, Cheetahs, and Binion's World Series of Poker",James McManus,"McManus, James",,"=""0312422520""","=""9780312422523""",0,Picador,Paperback,436,2004,2003,,2023/07/07,to-read,to-read (#125),to-read,,,,0,0
74878753,Girlfriend on Mars,Deborah  Willis,"Willis, Deborah",,"=""""","=""""",3.0,W. W. Norton & Company,Kindle Edition,366,2023,2023,2023/07/05,2023/07/05,,,read,,,,1,0
60194162,Demon Copperhead,Barbara Kingsolver,"Kingsolver, Barbara",,"=""""","=""""",5.0,Harper,Hardcover,560,2022,2022,2023/07/04,2023/03/19,,,read,,,,1,0
61783758,How Golf Can Save Your Life,Drew Millard,"Millard, Drew",,"=""1419757571""","=""9781419757570""",0,Harry N. Abrams,Hardcover,240,2023,,,2023/06/25,to-read,to-read (#124),to-read,,,,0,0
17707582,Sister Mother Husband Dog: Etc.,Delia Ephron,"Ephron, Delia",,"=""0399166556""","=""9780399166556""",0,Blue Rider Press,Hardcover,240,2013,2013,,2023/06/19,to-read,to-read (#123),to-read,,,,0,0
58684300,Left on Tenth: A Second Chance at Life,Delia Ephron,"Ephron, Delia",,"=""0316267651""","=""9780316267656""",0,"Little, Brown and Company",Hardcover,304,2022,2022,,2023/06/19,to-read,to-read (#122),to-read,,,,0,0
58949321,You Can't Stay Here Forever,Katherine  Lin,"Lin, Katherine",,"=""0063241447""","=""9780063241442""",4.0,Harper,Kindle Edition,297,2023,2023,2023/06/19,2023/01/04,,,read,,,,1,0
61159783,Social Engagement,Avery Carpenter Forrey,"Forrey, Avery Carpenter",,"=""""","=""""",1.0,Mariner Books,Kindle Edition,336,2023,2023,2023/06/18,2023/06/18,,,read,,,,1,0
32234,White Oleander,Janet Fitch,"Fitch, Janet",,"=""0316182540""","=""9780316182546""",0,"Little, Brown and Company",Mass Market Paperback,446,2001,1999,,2023/06/13,to-read,to-read (#121),to-read,,,,0,0
112322,Saint Maybe,Anne Tyler,"Tyler, Anne",,"=""""","=""""",0,Vintage,Paperback,337,1996,1991,,2023/06/12,to-read,to-read (#120),to-read,,,,0,0
59564386,The Lonely Stories,Natalie Eve Garrett,"Garrett, Natalie Eve","Megan Giddings, Claire Dederer, Imani Perry, Jeffery Renard Allen, Maggie Shipstead, Emily  Raboteau, Lev Grossman, Lena Dunham, Yiyun Li, Anthony Doerr, Helena Fitzgerald, Maile Meloy, Aja Gabel, Jean Kwok, Amy Shearn, Peter Ho Davies, Maya Shanbhag Lang, Jhumpa Lahiri, Jesmyn Ward, Lidia Yuknavitch, Dina Nayeri, Melissa Febos","=""194822660X""","=""9781948226608""",0,Catapult,Paperback,252,2022,2022,,2023/06/10,to-read,to-read (#119),to-read,,,,0,0
65648032,Everything's Fine,Cecilia Rabess,"Rabess, Cecilia",,"=""1982187719""","=""9781982187712""",4.0,Simon & Schuster,Kindle Edition,335,2023,2023,2023/06/07,2023/05/30,,,read,,,,1,0
29363302,I'll Tell You in Person,Chloé Caldwell,"Caldwell, Chloé",,"=""1566894530""","=""9781566894531""",0,Coffee House Press,Paperback,208,2016,2016,,2023/06/06,to-read,to-read (#118),to-read,,,,0,0
42063894,The Black Jersey,Jorge Zepeda Patterson,"Patterson, Jorge Zepeda",Achy Obejas,"=""1984801066""","=""9781984801067""",0,Random House,Hardcover,312,2019,2018,,2023/06/05,to-read,to-read (#117),to-read,,,,0,0
62060532,Yellowface,R.F. Kuang,"Kuang, R.F.",,"=""""","=""""",3.0,William Morrow,Kindle Edition,329,2023,2023,2023/06/04,2023/02/18,,,read,,,,1,0
67994730,My Husband,Maud Ventura,"Ventura, Maud",Emma Ramadan,"=""1529153778""","=""9781529153774""",0,Hutchinson Heinemann,Paperback,272,2023,2021,,2023/06/03,to-read,to-read (#116),to-read,,,,0,0
39671802,The Engagements,J. Courtney Sullivan,"Sullivan, J. Courtney",,"=""""","=""""",3.0,Vintage,Kindle Edition,529,2013,2013,2023/06/02,2023/06/02,,,read,,,,1,0
121393163,There Are No Rules for This,J.J. Elliott,"Elliott, J.J.",,"=""1647424852""","=""9781647424855""",0,She Writes Press,Paperback,248,2023,,,2023/06/01,to-read,to-read (#115),to-read,,,,0,0
61151267,A Flaw in the Design,Nathan   Oates,"Oates, Nathan",,"=""0593446704""","=""9780593446706""",0,Random House,Hardcover,286,2023,2023,,2023/05/29,to-read,to-read (#114),to-read,,,,0,0
60095078,The Hero of This Book,Elizabeth McCracken,"McCracken, Elizabeth",,"=""0062971271""","=""9780062971272""",0,Ecco,Hardcover,192,2022,2022,,2023/05/29,to-read,to-read (#113),to-read,,,,0,0
202913,Niagara Falls All Over Again,Elizabeth McCracken,"McCracken, Elizabeth",,"=""0965293726""","=""9780965293723""",0,Dial Press,Hardcover,308,2001,2001,,2023/05/29,to-read,to-read (#112),to-read,,,,0,0
51375432,"The Biggest Bluff: How I Learned to Pay Attention, Master Myself, and Win",Maria Konnikova,"Konnikova, Maria",,"=""0525522638""","=""9780525522638""",4.0,Penguin Books,Kindle Edition,368,2020,2020,2023/05/29,2023/05/29,,,read,,,,1,0
3686,Truth & Beauty,Ann Patchett,"Patchett, Ann",,"=""0060572159""","=""9780060572150""",4.0,Harper Perennial,Paperback,257,2005,2004,2023/05/29,2020/03/31,,,read,,,,1,0
62027635,Bad Summer People,Emma Rosenblum,"Rosenblum, Emma",,"=""""","=""""",3.0,Flatiron Books,Kindle Edition,263,2023,2023,2023/05/29,2023/05/23,,,read,,,,1,0
63892606,Games and Rituals,Katherine Heiny,"Heiny, Katherine",,"=""0525659528""","=""9780525659525""",5.0,Vintage,Kindle Edition,223,2023,2023,2023/05/25,2023/04/12,,,read,,,,1,0
202875,Heat Wave,Penelope Lively,"Lively, Penelope",,"=""0060928557""","=""9780060928551""",0,Harper Perennial,Paperback,224,,1996,,2023/05/25,to-read,to-read (#111),to-read,,,,0,0
62067054,The Guest,Emma Cline,"Cline, Emma",,"=""0812998634""","=""""",5.0,Random House,Kindle Edition,304,2023,2023,2023/05/24,2023/02/27,,,read,,,,1,0
59557468,A Big Storm Knocked It Over,Laurie Colwin,"Colwin, Laurie",,"=""""","=""""",0,Harper Perennial,Kindle Edition,272,2021,1993,2023/05/19,2022/11/18,,,read,,,,1,0
7244,The Poisonwood Bible,Barbara Kingsolver,"Kingsolver, Barbara",,"=""0060786507""","=""9780060786502""",0,Harper Perennial Modern Classics,Paperback,546,2005,1998,,2023/05/16,to-read,to-read (#110),to-read,,,,0,0
202020,The English Teacher,Lily King,"King, Lily",,"=""0802142664""","=""9780802142665""",0,Grove Press,Paperback,256,2006,2005,,2023/05/13,to-read,to-read (#109),to-read,,,,0,0
6567412,Drinking: A Love Story,Caroline Knapp,"Knapp, Caroline",,"=""""","=""""",4.0,,Kindle Edition,304,,1996,2023/05/10,2023/05/10,,,read,,,,1,0
38746152,The Book of Delights: Essays,Ross Gay,"Gay, Ross",,"=""1616207922""","=""9781616207922""",0,Algonquin Books,Hardcover,274,2019,2019,,2023/05/09,to-read,to-read (#108),to-read,,,,0,0
61854923,"The Wager: A Tale of Shipwreck, Mutiny and Murder",David Grann,"Grann, David",,"=""""","=""""",5.0,Vintage,Kindle Edition,327,2023,2023,2023/05/08,2023/04/28,,,read,,,,1,0
18302455,"The Circle (The Circle, #1)",Dave Eggers,"Eggers, Dave",,"=""""","=""""",0,Knopf,Hardcover,493,2013,2013,,2023/05/07,,,read,,,,1,0
3483,Special Topics in Calamity Physics,Marisha Pessl,"Pessl, Marisha",,"=""067003777X""","=""9780670037773""",0,Penguin Books Ltd,Hardcover,514,2006,2006,,2023/05/07,,,read,,,,1,0
5113,Franny and Zooey,J.D. Salinger,"Salinger, J.D.",,"=""0316769029""","=""9780316769020""",0,"Little, Brown Paperbacks",Paperback,201,2001,1957,,2023/05/07,,,read,,,,1,0
139253,The House on Mango Street,Sandra Cisneros,"Cisneros, Sandra",,"=""0679734775""","=""9780679734772""",0,Knopf Doubleday Publishing Group,Paperback,110,2009,1984,,2023/05/07,,,read,,,,1,0
2175,Madame Bovary,Gustave Flaubert,"Flaubert, Gustave","Mark Overstall, Malcolm Bowie, Margaret Mauldon","=""0192840398""","=""9780192840394""",0,Oxford University Press,Paperback,329,2004,1856,,2023/05/07,,,read,,,,1,0
56936050,The Heart's Invisible Furies,John Boyne,"Boyne, John",,"=""""","=""""",3.0,Hogarth,Kindle Edition,582,2017,2017,2023/05/01,2023/04/28,,,read,,,,1,0
5975656,"Goat Song: A Seasonal Life, A Short History of Herding, and the Art of Making Cheese",Brad Kessler,"Kessler, Brad",,"=""1416560998""","=""9781416560999""",0,Scribner,Hardcover,256,2009,2009,,2023/05/05,to-read,to-read (#107),to-read,,,,0,0
60197744,The Book of Goose,Yiyun Li,"Li, Yiyun",,"=""0374606358""","=""9780374606350""",4.0,"Farrar, Straus and Giroux",Kindle Edition,351,2022,2022,2023/04/27,2022/10/06,,,read,,,,1,0
11575602,An Available Man,Hilma Wolitzer,"Wolitzer, Hilma",,"=""0345527542""","=""9780345527547""",0,Ballantine Books,Hardcover,285,2012,2012,,2023/04/19,to-read,to-read (#106),to-read,,,,0,0
65599686,Service,Sarah Gilmartin,"Gilmartin, Sarah",,"=""1911590804""","=""9781911590804""",0,Pushkin Press,Hardcover,256,2023,2023,,2023/04/19,to-read,to-read (#105),to-read,,,,0,0
57196244,Body Grammar,Jules Ohman,"Ohman, Jules",,"=""0593466705""","=""9780593466704""",4.0,Vintage,Kindle Edition,303,2022,2022,2023/04/18,2023/04/13,,,read,,,,1,0
61312231,A Likely Story,Leigh McMullan Abramson,"Abramson, Leigh McMullan",,"=""""","=""""",3.0,Atria Books,Kindle Edition,352,2023,2023,2023/04/16,2023/04/16,,,read,,,,1,0
61660241,Romantic Comedy,Curtis Sittenfeld,"Sittenfeld, Curtis",,"=""0399590951""","=""9780399590955""",5.0,Random House,Kindle Edition,300,2023,2023,2023/04/15,2022/12/11,,,read,,,,1,0
61407623,Before We Were Innocent,Ella Berman,"Berman, Ella",,"=""0593099567""","=""9780593099568""",3.0,Berkley,Kindle Edition,384,2023,2023,2023/04/14,2022/11/24,,,read,,,,1,0
58065398,Hurricane Girl,Marcy Dermansky,"Dermansky, Marcy",,"=""0593320883""","=""9780593320884""",0,Knopf,Hardcover,240,2022,2022,,2023/04/13,to-read,to-read (#104),to-read,,,,0,0
60699135,I Could Live Here Forever,Hanna  Halperin,"Halperin, Hanna",,"=""""","=""""",5.0,Viking,Kindle Edition,332,2023,2023,2023/04/12,2023/04/11,,,read,,,,1,0
36315211,Slouching Towards Bethlehem: Essays,Joan Didion,"Didion, Joan",,"=""""","=""""",4.0,Open Road Media,Kindle Edition,256,2017,1968,2023/04/11,2023/03/14,,,read,,,,1,0
74962504,This Bird Has Flown,Susanna  Hoffs,"Hoffs, Susanna",,"=""""","=""""",2.0,"Little, Brown and Company",Kindle Edition,369,2023,2023,2023/04/11,2023/04/11,,,read,,,,1,0
57768107,Love & Virtue,Diana Reid,"Reid, Diana",,"=""1761150111""","=""9781761150111""",4.0,Ultimo Press,Paperback,320,2021,2021,2023/04/09,2023/01/03,,,read,,,,1,0
48930261,The Arsonists' City,Hala Alyan,"Alyan, Hala",,"=""035812655X""","=""9780358126553""",0,Harper,Hardcover,464,2021,2021,,2023/04/02,to-read,to-read (#103),to-read,,,,0,0
59722217,Sam,Allegra Goodman,"Goodman, Allegra",,"=""0593447816""","=""9780593447819""",4.0,The Dial Press,Hardcover,336,2023,2023,,2023/04/02,,,read,,,,1,0
52397,"Parable of the Sower (Earthseed, #1)",Octavia E. Butler,"Butler, Octavia E.",,"=""0446675504""","=""9780446675505""",0,Grand Central Publishing,Paperback,368,2000,1993,,2023/04/01,to-read,to-read (#102),to-read,,,,0,0
6572029,Commencement ,J. Courtney Sullivan,"Sullivan, J. Courtney",,"=""""","=""""",3.0,,Kindle Edition,434,,2009,2023/04/01,2023/03/28,,,read,,,,1,0
179064,"The Goose Girl (The Books of Bayern, #1)",Shannon Hale,"Hale, Shannon",,"=""1582349908""","=""9781582349909""",0,Bloomsbury Children's Books,Paperback,383,2005,2003,,2023/03/31,to-read,to-read (#101),to-read,,,,0,0
35224992,Last Night at the Telegraph Club,Malinda Lo,"Lo, Malinda",,"=""0525555250""","=""9780525555254""",0,Dutton Books for Young Readers,Hardcover,409,2021,2021,,2023/03/30,to-read,to-read (#100),to-read,,,,0,0
26131641,Miller's Valley,Anna Quindlen,"Quindlen, Anna",,"=""0812996089""","=""9780812996081""",0,Random House,Hardcover,257,2016,2016,,2023/03/29,to-read,to-read (#99),to-read,,,,0,0
26236800,June,Miranda Beverly-Whittemore,"Beverly-Whittemore, Miranda",,"=""0553447688""","=""9780553447682""",0,Crown,Hardcover,379,2016,2016,,2023/03/29,to-read,to-read (#98),to-read,,,,0,0
251519,Good Grief,Lolly Winston,"Winston, Lolly",,"=""0446694843""","=""9780446694841""",0,Grand Central Publishing,Paperback,357,2005,2004,,2023/03/29,to-read,to-read (#97),to-read,,,,0,0
9844,Prep,Curtis Sittenfeld,"Sittenfeld, Curtis",,"=""081297235X""","=""9780812972351""",0,Random House Trade Paperbacks,Paperback,420,2005,2005,,2023/03/29,,,read,,,,1,0
33410453,Raven Rock: The Story of the U.S. Government's Secret Plan to Save Itself--While the Rest of Us Die,Garrett M. Graff,"Graff, Garrett M.",,"=""""","=""""",3.0,Simon & Schuster,Kindle Edition,561,2017,2017,2023/03/28,2023/03/19,,,read,,,,1,0
61634101,The Memory of Animals,Claire Fuller,"Fuller, Claire",,"=""0241614821""","=""9780241614822""",0,Fig Tree,Hardcover,320,2023,2023,,2023/03/28,to-read,to-read (#96),to-read,,,,0,0
59425313,How to Sell a Haunted House,Grady Hendrix,"Hendrix, Grady",,"=""0593201280""","=""9780593201282""",4.0,Berkley,Kindle Edition,416,2023,2023,2023/03/27,2022/12/28,,,read,,,,1,0
58570335,The Bandit Queens,Parini Shroff,"Shroff, Parini",,"=""""","=""""",3.0,Ballantine Books,Kindle Edition,342,2023,2023,2023/03/24,2022/09/26,,,read,,,,1,0
414298,Straight Man,Richard Russo,"Russo, Richard",,"=""0375701907""","=""9780375701900""",0,Vintage,Paperback,391,1998,1997,,2023/03/23,to-read,to-read (#95),to-read,,,,0,0
54236135,Goodbye Without Leaving,Laurie Colwin,"Colwin, Laurie",,"=""006304644X""","=""9780063046443""",0,Harper Perennial,Paperback,256,2021,1990,,2023/03/23,to-read,to-read (#94),to-read,,,,0,0
164405,More Home Cooking,Laurie Colwin,"Colwin, Laurie",,"=""0060955317""","=""9780060955311""",0,HarpPeren,Paperback,240,2000,1993,,2023/03/23,to-read,to-read (#93),to-read,,,,0,0
61343296,Dear Dolly,Dolly Alderton,"Alderton, Dolly",,"=""0241623642""","=""9780241623640""",0,Fig Tree,Hardcover,224,2022,2022,,2023/03/23,to-read,to-read (#92),to-read,,,,0,0
8765,I Feel Bad About My Neck and Other Thoughts on Being a Woman,Nora Ephron,"Ephron, Nora",,"=""0307264556""","=""9780307264558""",0,Alfred A. Knopf,Hardcover,139,2006,2006,,2023/03/23,to-read,to-read (#91),to-read,,,,0,0
8242117,I Remember Nothing: and Other Reflections,Nora Ephron,"Ephron, Nora",,"=""0307595609""","=""9780307595607""",0,Knopf,Hardcover,137,2010,2010,,2023/03/23,to-read,to-read (#90),to-read,,,,0,0
23980,When Harry Met Sally,Nora Ephron,"Ephron, Nora",,"=""0747575479""","=""9780747575474""",0,Bloomsbury Paperbacks,Paperback,98,2004,1990,,2023/03/23,to-read,to-read (#89),to-read,,,,0,0
39978114,"The Dry (Aaron Falk, #1)",Jane Harper,"Harper, Jane",,"=""""","=""""",0,Flatiron Books,ebook,336,2017,2016,,2023/03/21,"to-read, restart","to-read (#88), restart (#4)",to-read,,,,0,0
38117105,"The Monster Baru Cormorant (The Masquerade, #2)",Seth Dickinson,"Dickinson, Seth",,"=""1466875135""","=""9781466875135""",0,Tor Books,Kindle Edition,464,2018,2018,,2023/03/21,"to-read, restart","to-read (#87), restart (#3)",to-read,,,,0,0
8496935,"The Black Swan: The Impact of the Highly Improbable (Incerto, #2)",Nassim Nicholas Taleb,"Taleb, Nassim Nicholas",,"=""""","=""""",0,Random House,Kindle Edition,444,2010,2007,,2023/03/21,"to-read, restart","to-read (#86), restart (#2)",to-read,,,,0,0
60599141,Easy Beauty,Chloé Cooper Jones,"Jones, Chloé Cooper",,"=""198215201X""","=""9781982152017""",0,Avid Reader Press / Simon & Schuster,Kindle Edition,288,2022,2022,,2023/03/21,"to-read, restart","to-read (#85), restart (#1)",to-read,,,,0,0
23995249,The Invention of Nature: Alexander von Humboldt's New World,Andrea Wulf,"Wulf, Andrea",,"=""038535066X""","=""9780385350662""",0,Knopf,Hardcover,473,2015,2015,,2023/03/21,to-read,to-read (#84),to-read,,,,0,0
27831371,Truly Madly Guilty,Liane Moriarty,"Moriarty, Liane",,"=""1250069815""","=""9781250069818""",5.0,Flatiron Books,Kindle Edition,517,2016,2016,,2023/03/20,,,read,,,,1,0
58804393,"Bomb Shelter: Love, Time, and Other Explosives",Mary Laura Philpott,"Philpott, Mary Laura",,"=""1982160802""","=""9781982160807""",4.0,Atria Books,Kindle Edition,285,2022,2022,2023/03/19,2022/08/11,,,read,,,,1,0
59557449,"Shine On, Bright and Dangerous Object",Laurie Colwin,"Colwin, Laurie",,"=""0063244691""","=""9780063244696""",3.0,Harper Perennial,Kindle Edition,181,2021,1975,2023/03/19,2023/03/17,,,read,,,,1,0
57738656,Pineapple Street,Jenny   Jackson,"Jackson, Jenny",,"=""""","=""""",3.0,Pamela Dorman Books,Kindle Edition,304,2023,2023,2023/03/18,2022/11/26,,,read,,,,1,0
59808269,Mistakes Were Made,Meryl Wilsner,"Wilsner, Meryl",,"=""1250841003""","=""9781250841001""",2.0,Griffin,Paperback,352,2022,2022,2023/03/18,2023/03/18,,,read,"Ick. I had downloaded this book last year and got ~10% in before putting it down, thanks to the horrible choices, dialogue, and characterization. Unfortunately I’d exhausted all my other options on a flight so I finished it. <br/><br/>The choices, dialogue, and characterization did not improve. I can’t believe Erin’s version of “choose yourself” (“fuck should,” gag) was repeatedly sleeping with her daughter’s best friend while her daughter was there!! Find another way lady.<br/><br/>Rachel, Acacia, and eventually Parker’s support of this relationship (quotes?) was even harder to believe. The only character who made sense was Cassie, and I just felt sad for her. <br/><br/>Would NOT recommend, even if you’re desperate.",true,,1,0
58811588,Cover Story,Susan Rigetti,"Rigetti, Susan",,"=""""","=""""",3.0,‎William Morrow,Kindle Edition,354,2022,2022,2023/03/18,2023/03/18,,,read,,,,1,0
58916147,"Tomorrow, and Tomorrow, and Tomorrow",Gabrielle Zevin,"Zevin, Gabrielle",,"=""""","=""""",4.0,Knopf ,ebook,418,2022,2022,2023/01/22,2022/04/24,,,read,,,,1,0
57693406,The Kaiju Preservation Society,John Scalzi,"Scalzi, John",,"=""0765389126""","=""9780765389121""",0,Tor Books,Hardcover,264,2022,2022,,2023/03/17,to-read,to-read (#83),to-read,,,,0,0
11501957,Zone One,Colson Whitehead,"Whitehead, Colson",,"=""""","=""""",5.0,Anchor,Kindle Edition,338,2011,2011,2023/03/17,2023/03/17,,,read,,,,1,0
59808605,Strangers to Ourselves: Unsettled Minds and the Stories That Make Us,Rachel Aviv,"Aviv, Rachel",,"=""0374600848""","=""9780374600846""",0,"Farrar, Straus and Giroux",Hardcover,276,2022,2022,,2023/03/13,to-read,to-read (#82),to-read,,,,0,0
63853404,Birnam Wood,Eleanor Catton,"Catton, Eleanor",,"=""0374718016""","=""9780374718015""",5.0,"Farrar, Straus and Giroux",Kindle Edition,426,2023,2023,2023/03/13,2023/03/13,,,read,,,,1,0
62902483,Unscripted: The Epic Battle for a Media Empire and the Redstone Family Legacy,James B. Stewart,"Stewart, James B.",Rachel Abrams,"=""198487943X""","=""9781984879431""",4.0,Penguin Press,Kindle Edition,416,2023,2023,2023/03/11,2023/03/01,,,read,,,,1,0
62646110,The Sense of Wonder: A Novel,Matthew Salesses,"Salesses, Matthew",,"=""""","=""""",2.0,"Little, Brown and Company",Kindle Edition,257,2023,2023,2023/03/07,2023/03/04,,,read,,,,1,0
58706017,Dinosaurs,Lydia Millet,"Millet, Lydia",,"=""1324021470""","=""9781324021476""",4.0,W.W. Norton,Kindle Edition,240,2022,2022,2023/03/06,2023/03/04,,,read,,,,1,0
61089442,"For Blood and Money: Billionaires, Biotech, and the Quest for a Blockbuster Drug",Nathan Vardi,"Vardi, Nathan",,"=""0393540952""","=""9780393540956""",0,W. W. Norton & Company,Hardcover,288,2023,,,2023/03/04,to-read,to-read (#81),to-read,,,,0,0
1848,Wild Swans: Three Daughters of China,Jung Chang,"Chang, Jung",,"=""""","=""""",5.0,Simon & Schuster,Paperback,562,2003,1991,2023/03/01,2023/02/17,,,read,,,,1,0
9402168,Power: Why Some People Have it and Others Don't,Jeffrey Pfeffer,"Pfeffer, Jeffrey",,"=""""","=""""",4.0,,Kindle Edition,291,,2010,2023/03/04,2022/11/05,,,read,,,,1,0
57182435,Small Pleasures,Clare Chambers,"Chambers, Clare",,"=""0063091003""","=""9780063091009""",5.0,Mariner Books,Kindle Edition,352,2021,2021,2023/03/04,2023/02/25,,,read,,,,1,0
61053833,I Have Some Questions For You,Rebecca Makkai,"Makkai, Rebecca",,"=""0593490150""","=""9780593490150""",3.0,Viking,Kindle Edition,448,2023,2023,2023/03/02,2022/12/28,,,read,,,,1,0
61111300,The Queen of Dirt Island,Donal Ryan,"Ryan, Donal",,"=""0593652932""","=""9780593652930""",0,Viking,Hardcover,256,2023,2022,,2023/03/04,to-read,to-read (#80),to-read,,,,0,0
60132639,The Stranger,Albert Camus,"Camus, Albert",,"=""""","=""""",3.0,,Kindle Edition,119,2022,1942,2023/02/25,2023/01/27,,,read,,,,1,0
57305008,Sunset,Jessie Cave,"Cave, Jessie",,"=""1787395294""","=""9781787395299""",0,Welbeck Publishing UK,Hardcover,405,2021,2021,,2023/02/27,to-read,to-read (#79),to-read,,,,0,0
60701439,Big Swiss,Jen Beagin,"Beagin, Jen",,"=""1982153083""","=""9781982153083""",0,Scribner,Hardcover,336,2023,2023,,2023/02/24,to-read,to-read (#78),to-read,,,,0,0
60784798,The Sun Walks Down,Fiona McFarlane,"McFarlane, Fiona",,"=""0374606234""","=""9780374606237""",0,"Farrar, Straus and Giroux",Hardcover,352,2023,2022,,2023/02/19,to-read,to-read (#77),to-read,,,,0,0
60669281,The Social Climber,Amanda  Pellegrino,"Pellegrino, Amanda",,"=""0369723961""","=""9780369723963""",3.0,Park Row,Kindle Edition,352,2023,2023,2023/02/19,2023/02/19,,,read,,,,1,0
57012630,Vintage Contemporaries,Dan Kois,"Kois, Dan",,"=""0063162431""","=""9780063162433""",5.0,Harper,Kindle Edition,256,2023,2014,2023/02/18,2023/02/18,,,read,,,,1,0
58554044,"Really Good, Actually",Monica Heisey,"Heisey, Monica",,"=""0063235439""","=""9780063235434""",0,William Morrow,Kindle Edition,377,2023,2023,2023/02/15,2022/12/28,,,read,,,,1,0
61310894,The Sweet Spot,Amy Poeppel,"Poeppel, Amy",,"=""""","=""""",4.0,Atria/Emily Bestler Books,Kindle Edition,397,2023,2023,2023/02/12,2022/12/15,,,read,,,,1,0
6586772,"Kushiel's Scion (Imriel's Trilogy, #1)",Jacqueline Carey,"Carey, Jacqueline",,"=""""","=""""",4.0,Grand Central Publishing,Kindle Edition,769,2008,2006,2023/02/05,2023/01/27,,,read,,,,1,0
60784634,And Finally: Matters of Life and Death,Henry Marsh,"Marsh, Henry",,"=""1250286085""","=""9781250286086""",0,St. Martin's Press,Hardcover,240,2023,2023,,2023/02/03,to-read,to-read (#76),to-read,,,,0,0
61065979,Call and Response,Gothataone Moeng,"Moeng, Gothataone",,"=""0593490983""","=""9780593490983""",0,Viking,Hardcover,304,2023,2023,,2023/02/03,to-read,to-read (#75),to-read,,,,0,0
48590315,Age of Vice,Deepti Kapoor,"Kapoor, Deepti",,"=""0593328817""","=""9780593328811""",3.0,Riverhead Books,Kindle Edition,488,2023,2023,2023/01/30,2023/01/30,,,read,,,,1,0
459337,The Dearly Departed (Vintage Contemporaries),Elinor Lipman,"Lipman, Elinor",,"=""0375724583""","=""9780375724589""",0,Vintage,Paperback,288,2002,2001,,2023/01/27,to-read,to-read (#74),to-read,,,,0,0
61055826,Ms. Demeanor,Elinor Lipman,"Lipman, Elinor",,"=""0063280299""","=""9780063280298""",5.0,Harper Perennial,Kindle Edition,352,2023,2022,2023/01/26,2023/01/24,,,read,,,,1,0
61150413,Kushiel's Avatar (Phèdre's Trilogy #3),Jacqueline Carey,"Carey, Jacqueline",,"=""""","=""""",5.0,Tor Books,Kindle Edition,,2022,2003,2023/01/24,2023/01/03,,,read,,,,1,0
61118631,The Force of Such Beauty,Barbara Bourland,"Bourland, Barbara",,"=""""","=""""",4.0,Dutton,ebook,400,2022,2022,2023/01/15,2023/01/08,,,read,,,,1,0
58596754,Unlikely Animals,Annie  Hartnett,"Hartnett, Annie",,"=""0593160231""","=""9780593160237""",5.0,Ballantine Books,Kindle Edition,368,2022,2022,2023/01/14,2022/12/22,,,read,,,,1,0
5382205,"Kushiel's Chosen (Phèdre's Trilogy, #2)",Jacqueline Carey,"Carey, Jacqueline",,"=""1429910925""","=""9781429910927""",5.0,Tor Books,Kindle Edition,704,2003,2002,2023/01/12,2023/01/03,,,read,,,,1,0
178565,Excellent Women,Barbara Pym,"Pym, Barbara",,"=""014310487X""","=""9780143104872""",0,Penguin Classics,Paperback,231,2006,1952,,2023/01/08,to-read,to-read (#73),to-read,,,,0,0
38357895,Convenience Store Woman,Sayaka Murata,"Murata, Sayaka",Ginny Tapley Takemori,"=""""","=""""",0,Portobello Books,Paperback,163,2018,2016,,2023/01/06,to-read,to-read (#72),to-read,,,,0,0
40961230,The Travelling Cat Chronicles,Hiro Arikawa,"Arikawa, Hiro",Philip Gabriel,"=""0735235244""","=""9780735235243""",0,Viking,Kindle Edition,281,2018,2012,,2023/01/06,to-read,to-read (#71),to-read,,,,0,0
57329182,French Braid,Anne Tyler,"Tyler, Anne",,"=""0593321103""","=""9780593321102""",5.0,Knopf,Kindle Edition,245,2022,2022,2023/01/05,2022/04/05,,,read,,,,1,0
29480865,All the Ugly and Wonderful Things,Bryn Greenwood,"Greenwood, Bryn",,"=""""","=""""",2.0,Thomas Dunne Books,Kindle Edition,421,2016,2016,2023/01/05,2023/01/05,,,read,,,,1,0
58601245,Sea of Tranquility,Emily St. John Mandel,"Mandel, Emily St. John",,"=""""","=""""",5.0,Knopf,ebook,226,2022,2022,2023/01/03,2022/01/15,,,read,,,,1,0
11818109,Kushiel's Dart (Phèdre's Trilogy #1),Jacqueline Carey,"Carey, Jacqueline",,"=""""","=""""",5.0,Tor Books,Kindle Edition,929,2002,2001,2023/01/03,2023/01/03,,,read,,,,1,0
60243146,Winterland,Rae Meadows,"Meadows, Rae",,"=""125083452X""","=""9781250834522""",0,Henry Holt and Co.,Hardcover,288,2022,2022,,2023/01/01,to-read,to-read (#70),to-read,,,,0,0
35520980,Sex and Rage,Eve Babitz,"Babitz, Eve",,"=""1619029855""","=""9781619029859""",4.0,Counterpoint,Kindle Edition,257,2017,1979,2022/12/30,2022/12/30,,,read,,,,1,0
57001545,Still Life,Sarah Winman,"Winman, Sarah",,"=""0593330757""","=""9780593330753""",0,G.P. Putnam's Sons,Hardcover,464,2021,2021,,2022/12/29,to-read,to-read (#69),to-read,,,,0,0
59490886,The Last Housewife,Ashley Winstead,"Winstead, Ashley",,"=""1728229928""","=""9781728229928""",3.0,Sourcebooks Landmark,Kindle Edition,424,2022,2022,2022/12/29,2022/12/16,,,read,,,,1,0
61237136,Sink: A Memoir,Joseph Earl Thomas,"Thomas, Joseph Earl",,"=""1538706172""","=""9781538706176""",0,Grand Central Publishing,Hardcover,256,2023,2023,,2022/12/28,to-read,to-read (#68),to-read,,,,0,0
57601775,Family Happiness,Laurie Colwin,"Colwin, Laurie",,"=""0593313577""","=""9780593313572""",3.0,Vintage Books,Kindle Edition,275,2021,1982,2022/12/26,2022/11/18,,,read,,,,1,0
774226,The Magician's Assistant,Ann Patchett,"Patchett, Ann",,"=""""","=""9780156006217""",0,Harvest Books,Paperback,357,1998,1997,,2022/12/23,to-read,to-read (#67),to-read,,,,0,0
59912890,Little Rabbit: A Novel,Alyssa Songsiridej,"Songsiridej, Alyssa",,"=""1635578701""","=""9781635578706""",4.0,Bloomsbury Publishing,Kindle Edition,246,2022,2022,2022/12/22,2022/12/22,,,read,,,,1,0
50536943,Big Friendship: How We Keep Each Other Close,Aminatou Sow,"Sow, Aminatou",Ann Friedman,"=""1982111925""","=""9781982111922""",4.0,Simon  Schuster,Kindle Edition,251,2020,2020,2022/12/22,2022/12/03,,,read,,,,1,0
33009976,Rabbit Cake,Annie  Hartnett,"Hartnett, Annie",,"=""""","=""""",5.0,Tin House,Kindle Edition,338,2017,2017,2022/12/22,2022/12/19,,,read,,,,1,0
61028436,Are You Happy Now,Hanna Jameson,"Jameson, Hanna",,"=""0241515076""","=""9780241515075""",0,Viking,Hardcover,362,2023,2023,,2022/12/18,to-read,to-read (#66),to-read,,,,0,0
59900688,Solito,Javier Zamora,"Zamora, Javier",,"=""0593498062""","=""9780593498064""",0,Hogarth,Hardcover,384,2022,2022,,2022/12/18,to-read,to-read (#65),to-read,,,,0,0
448873,"The Thief (The Queen's Thief, #1)",Megan Whalen Turner,"Turner, Megan Whalen",,"=""0060824972""","=""9780060824976""",4.0,Greenwillow Books,Paperback,280,2005,1996,2022/12/18,2013/06/11,,,read,,,,1,0
48889993,Our Lady of Perpetual Hunger: A Memoir,Lisa Donovan,"Donovan, Lisa",,"=""0525560947""","=""9780525560944""",0,Penguin Press,Hardcover,304,2020,2020,,2022/12/16,to-read,to-read (#64),to-read,,,,0,0
49220330,Girls with Razor Hearts (Girls with Sharp Sticks #2),Suzanne Young,"Young, Suzanne",,"=""""","=""""",2.0,Simon Pulse,Kindle Edition,400,2020,2020,2022/12/16,2022/12/15,,,read,,,,1,0
57843261,Bet the Farm: The Dollars and Sense of Growing Food in America,Beth   Hoffman,"Hoffman, Beth",,"=""164283159X""","=""9781642831597""",0,Island Press,Hardcover,272,2021,2021,,2022/12/15,to-read,to-read (#63),to-read,,,,0,0
222837,"Inda (Inda, #1)",Sherwood Smith,"Smith, Sherwood",,"=""0756402646""","=""9780756402648""",0,DAW,Hardcover,576,2006,2006,,2022/12/15,to-read,to-read (#62),to-read,,,,0,0
41443985,"Girls with Sharp Sticks (Girls with Sharp Sticks, #1)",Suzanne Young,"Young, Suzanne",,"=""""","=""""",4.0,Simon & Schuster Books for Young Readers,Kindle Edition,356,2019,2019,2022/12/15,2022/12/14,,,read,,,,1,0
61189184,Trespasses,Louise Kennedy,"Kennedy, Louise",,"=""0593540913""","=""9780593540916""",4.0,Riverhead Books,Kindle Edition,303,2022,2022,2022/12/13,2022/12/13,,,read,,,,1,0
11395597,Why Be Happy When You Could Be Normal?,Jeanette Winterson,"Winterson, Jeanette",,"=""0307401243""","=""9780307401243""",0,Knopf Canada,Hardcover,230,2012,2011,,2022/12/11,to-read,to-read (#61),to-read,,,,0,0
62322008,Strange Sally Diamond,Liz Nugent,"Nugent, Liz",,"=""1844885968""","=""9781844885961""",0,Sandycove,Hardcover,384,2023,2023,,2022/12/10,to-read,to-read (#60),to-read,,,,0,0
50197005,Hex,Rebecca Dinerstein Knight,"Knight, Rebecca Dinerstein",,"=""1984877372""","=""9781984877376""",0,Viking,Hardcover,224,2020,2020,,2022/12/09,to-read,to-read (#59),to-read,,,,0,0
45892263,Indelicacy,Amina Cain,"Cain, Amina",,"=""0374148376""","=""9780374148379""",0,"Farrar, Straus and Giroux",Hardcover,176,2020,2020,,2022/12/09,to-read,to-read (#58),to-read,,,,0,0
59363539,Marrying the Ketchups,Jennifer Close,"Close, Jennifer",,"=""0525658882""","=""9780525658887""",4.0,Vintage,Kindle Edition,320,2022,2022,2022/12/06,2022/12/06,,,read,,,,1,0
60438216,The Forever Witness: How Genetic Genealogy Solved a Cold Case Double Murder,Edward Humes,"Humes, Edward",,"=""1524746274""","=""9781524746278""",0,Dutton ,Hardcover,384,2022,2022,,2022/12/04,to-read,to-read (#57),to-read,,,,0,0
60524224,The Intimate City: Walking New York,Michael Kimmelman,"Kimmelman, Michael",,"=""0593298411""","=""9780593298411""",0,Penguin Press,Hardcover,272,2022,2022,,2022/12/04,to-read,to-read (#56),to-read,,,,0,0
24920901,"The Deal (Off-Campus, #1)",Elle Kennedy,"Kennedy, Elle",,"=""""","=""""",1.0,Piatkus,ebook,332,2023,2015,,2022/11/30,,,read,,,,1,0
60719045,No Hard Feelings,Genevieve Novak,"Novak, Genevieve",,"=""146071475X""","=""9781460714751""",2.0,HarperCollins,Kindle Edition,336,2022,2022,2022/11/28,2022/11/28,,,read,,,,1,0
59808046,"Roses, in the Mouth of a Lion",Bushra Rehman,"Rehman, Bushra",,"=""1250834783""","=""9781250834782""",0,Flatiron Books,Hardcover,276,2022,2022,,2022/11/27,to-read,to-read (#55),to-read,,,,0,0
61986846,The Lemon,S.E. Boyd,"Boyd, S.E.",,"=""0593490452""","=""9780593490457""",5.0,Viking,Kindle Edition,288,2022,2022,2022/11/26,2022/11/26,,,read,,,,1,0
52501482,"The Inheritance Games (The Inheritance Games, #1)",Jennifer Lynn Barnes,"Barnes, Jennifer Lynn",,"=""1368053246""","=""9781368053242""",3.0,"Little, Brown and Company",Kindle Edition,384,2020,2020,2022/11/25,2022/11/25,,,read,,,,1,0
55337041,"All of Us Villains (All of Us Villains, #1)",Amanda Foody,"Foody, Amanda",C.L. Herman,"=""1250789265""","=""9781250789266""",3.0,Tor Teen,Kindle Edition,400,2021,2021,2022/11/23,2022/11/23,,,read,,,,1,0
62886088,Unnecessary Drama,Nina Kenwood,"Kenwood, Nina",,"=""1922791032""","=""9781922791030""",4.0,TEXT EBOOK,Kindle Edition,320,2022,2022,2022/11/21,2022/11/20,,,read,,,,1,0
61084014,Seeing Other People,Diana Reid,"Reid, Diana",,"=""176115012X""","=""9781761150128""",0,Ultimo Press,Paperback,295,2022,2022,,2022/11/20,to-read,to-read (#54),to-read,,,,0,0
61366869,Marshmallow,Victoria Hannan,"Hannan, Victoria",,"=""0733643361""","=""9780733643361""",0,Hachette Australia,Kindle Edition,320,2022,2022,,2022/11/20,to-read,to-read (#53),to-read,,,,0,0
58448487,They're Going to Love You,Meg Howrey,"Howrey, Meg",,"=""0385548788""","=""9780385548786""",5.0,Doubleday,Kindle Edition,288,2022,2022,2022/11/20,2022/07/19,,,read,,,,1,0
43446962,Love at First Like,Hannah Orenstein,"Orenstein, Hannah",,"=""1982121467""","=""9781982121464""",5.0,Atria Books,Kindle Edition,338,2019,2019,2020/01/20,2019/08/08,,,read,,,,1,0
57602357,Happy All the Time,Laurie Colwin,"Colwin, Laurie",Katherine Heiny,"=""0593313895""","=""9780593313893""",5.0,Vintage,Kindle Edition,224,2021,1978,2022/11/17,2020/12/09,,,read,,,,1,0
60417006,We Spread,Iain Reid,"Reid, Iain",,"=""1982169370""","=""9781982169374""",4.0,Gallery/Scout Press,Kindle Edition,304,2022,2022,2022/11/14,2022/08/21,,,read,,,,1,0
59808040,All the Women in My Brain: And Other Concerns,Betty Gilpin,"Gilpin, Betty",,"=""1250795788""","=""9781250795786""",0,Flatiron Books,Hardcover,256,2022,2022,,2022/11/13,to-read,to-read (#52),to-read,,,,0,0
60372100,House of Hunger,Alexis Henderson,"Henderson, Alexis",,"=""0593438477""","=""9780593438473""",4.0,Ace,Kindle Edition,300,2022,2022,2022/11/13,2022/08/21,,,read,,,,1,0
60755035,Now Is Not the Time to Panic,Kevin    Wilson,"Wilson, Kevin",,"=""0062913522""","=""9780062913524""",4.0,Ecco,Kindle Edition,249,2022,2022,2022/11/12,2022/11/11,,,read,,,,1,0
13072471,"The End of Normal: A Wife's Anguish, A Widow's New Life",Stephanie Madoff Mack,"Mack, Stephanie Madoff",,"=""1101559225""","=""9781101559222""",2.0,"Penguin Group USA, Inc",Kindle Edition,221,2011,2011,2022/11/11,2022/11/09,,,read,,,,1,0
61313251,Corinne,Rebecca Morrow,"Morrow, Rebecca",,"=""1250280001""","=""9781250280008""",4.0,St. Martin's Press,Kindle Edition,432,2022,,2022/11/09,2022/11/09,,,read,,,,1,0
25251408,Black Chalk,Christopher J. Yates,"Yates, Christopher J.",,"=""1250075564""","=""9781250075567""",4.0,Picador,Kindle Edition,356,2015,2013,2022/11/06,2022/11/06,,,read,,,,1,0
61133361,Sign Here,Claudia  Lux,"Lux, Claudia",,"=""0593545788""","=""9780593545782""",4.0,Berkley,Kindle Edition,412,2022,2022,2022/11/02,2022/11/02,,,read,,,,1,0
55710230,"Gideon the Ninth (The Locked Tomb, #1)",Tamsyn Muir,"Muir, Tamsyn",,"=""""","=""""",3.0,Tordotcom,Kindle Edition,479,2019,2019,2022/10/31,2022/10/26,,,read,,,,1,0
60197169,Our Missing Hearts,Celeste Ng,"Ng, Celeste",,"=""0593492552""","=""9780593492550""",0,Penguin Press,Kindle Edition,327,2022,2022,2022/10/25,2022/10/15,,,read,,,,1,0
6573443,The Informant,Kurt Eichenwald,"Eichenwald, Kurt",,"=""""","=""""",4.0,Broadway Books,Kindle Edition,653,2001,2000,2022/10/23,2022/10/15,,,read,,,,1,0
59743336,The Golden Enclaves (The Scholomance #3),Naomi Novik,"Novik, Naomi",,"=""""","=""""",2.0,Del Rey,Kindle Edition,411,2022,2022,2022/10/15,2022/10/15,,,read,,,,1,0
58535926,Disorientation,Elaine Hsieh Chou,"Chou, Elaine Hsieh",,"=""0593298365""","=""9780593298367""",2.0,Penguin Press,Kindle Edition,,2022,2022,2022/10/09,2022/10/09,,,read,,,,1,0
61322427,Girls They Write Songs About,Carlene Bauer,"Bauer, Carlene",,"=""0374718598""","=""9780374718596""",5.0,"Farrar, Straus and Giroux",Kindle Edition,321,2022,2022,2022/10/06,2022/10/06,,,read,,,,1,0
44029588,Darling,India Knight,"Knight, India",,"=""""","=""""",0,Fig Tree,Hardcover,256,2022,2022,,2022/10/03,to-read,to-read (#51),to-read,,,,0,0
59678511,Compassionate Leadership: How to Do Hard Things in a Human Way,Rasmus Hougaard,"Hougaard, Rasmus",Jacqueline Carter,"=""164782074X""","=""9781647820749""",3.0,Harvard Business Review Press,Kindle Edition,221,2022,,2022/10/01,2022/08/14,,,read,,,,1,0
58812692,Elsewhere,Alexis Schaitkin,"Schaitkin, Alexis",,"=""1250219612""","=""9781250219619""",5.0,Celadon Books,Kindle Edition,208,2022,2022,2022/09/27,2022/09/27,,,read,,,,1,0
60394519,The Marriage Portrait,Maggie O'Farrell,"O'Farrell, Maggie",,"=""""","=""""",4.0,Knopf,ebook,353,2022,2022,2022/09/25,2022/09/20,,,read,,,,1,0
59072183,Any Other Family,Eleanor Brown,"Brown, Eleanor",,"=""0593328558""","=""9780593328552""",3.0,G.P. Putnam's Sons,Kindle Edition,320,2022,2022,2022/09/23,2022/09/23,,,read,,,,1,0
59855080,How to Fall Out of Love Madly,Jana Casale,"Casale, Jana",,"=""0593447735""","=""9780593447734""",3.0,The Dial Press,Kindle Edition,352,2022,2022,2022/09/18,2022/09/18,,,read,,,,1,0
58460887,The Work Wife,Alison B.  Hart,"Hart, Alison B.",,"=""0369717066""","=""9780369717061""",5.0,Graydon House,Kindle Edition,368,2022,2022,2022/09/20,2022/09/18,,,read,,,,1,0
58675361,Tell Me an Ending,Jo Harkin,"Harkin, Jo",,"=""1982164344""","=""9781982164348""",3.0,Scribner,Kindle Edition,432,2022,2022,2022/09/17,2022/09/17,,,read,,,,1,0
58503518,A Novel Obsession,Caitlin Barasch,"Barasch, Caitlin",,"=""0593185587""","=""9780593185582""",2.0,Dutton,Kindle Edition,336,2022,2022,2022/05/24,2022/05/22,,,read,,,,1,0
59055336,The Book of the Most Precious Substance,Sara Gran,"Gran, Sara",,"=""0578957795""","=""9780578957791""",4.0,Dreamland Books,Kindle Edition,332,2022,2022,2022/09/11,2022/07/24,,,read,,,,1,0
58527403,"Magnolia Parks (Magnolia Parks Universe, #1)",Jessa Hastings,"Hastings, Jessa",,"=""1737281198""","=""9781737281191""",1.0,,Kindle Edition,423,2021,2021,2022/09/07,2022/09/05,,,read,,,,1,0
31355127,First Love,Gwendoline Riley,"Riley, Gwendoline",,"=""1612196268""","=""9781612196268""",0,Melville House,Paperback,169,2017,2017,,2022/09/05,to-read,to-read (#50),to-read,,,,0,0
19509419,Cookoff: Recipe Fever in America,Amy Sutherland,"Sutherland, Amy",,"=""1440650128""","=""9781440650123""",3.0,Penguin Books,Kindle Edition,356,2004,2003,2022/09/05,2022/08/31,,,read,,,,1,0
31580409,"Cork Dork: A Wine-Fueled Adventure Among the Obsessive Sommeliers, Big Bottle Hunters, and Rogue Scientists Who Taught Me to Live for Taste",Bianca Bosker,"Bosker, Bianca",,"=""0698195906""","=""9780698195905""",0,Penguin Books,Hardcover,346,2017,2017,,2020/01/23,,,read,,,,1,0
15014,Crucial Conversations: Tools for Talking When Stakes are High,Kerry Patterson,"Patterson, Kerry","Stephen R. Covey, Joseph Grenny, Ron McMillan, Al Switzler","=""0071401946""","=""9780071401944""",0,McGraw-Hill,Paperback,240,2002,2002,,2019/09/15,,,read,,,,1,0
39218350,"Maid: Hard Work, Low Pay, and a Mother's Will to Survive",Stephanie  Land,"Land, Stephanie",Barbara Ehrenreich,"=""""","=""""",0,Hachette Books,Hardcover,289,2019,2019,,2019/05/11,,,read,,,,1,0
60582779,The Crane Wife: A Memoir in Essays,C.J. Hauser,"Hauser, C.J.",,"=""0385547102""","=""9780385547109""",4.0,Vintage,Kindle Edition,319,2022,2022,2022/09/02,2022/08/26,,,read,,,,1,0
59771967,Hollywood Ending: Harvey Weinstein and the Culture of Silence,Ken Auletta,"Auletta, Ken",,"=""1984878387""","=""9781984878380""",4.0,Penguin Press,Kindle Edition,480,2022,2022,2022/08/30,2022/06/05,,,read,,,,1,0
59767161,Mother in the Dark,Kayla Maiuri,"Maiuri, Kayla",,"=""0593086422""","=""9780593086421""",4.0,Riverhead Books,Kindle Edition,304,2022,2022,2022/08/26,2022/08/25,,,read,,,,1,0
55851367,The Women Could Fly,Megan Giddings,"Giddings, Megan",,"=""0063117029""","=""9780063117020""",3.0,Amistad,Kindle Edition,288,2022,2022,2022/08/25,2022/08/14,,,read,,,,1,0
41398127,Once More We Saw Stars: A Memoir,Jayson Greene,"Greene, Jayson",,"=""1524733539""","=""9781524733537""",0,Knopf,Hardcover,245,2019,2019,,2022/08/22,to-read,to-read (#49),to-read,,,,0,0
51082896,Quit Like a Woman: The Radical Choice to Not Drink in a Culture Obsessed with Alcohol,Holly Whitaker,"Whitaker, Holly",,"=""1984825062""","=""9781984825063""",3.0,The Dial Press,Kindle Edition,386,2019,2019,2022/08/21,2022/08/11,,,read,,,,1,0
59830251,People Person,Candice Carty-Williams,"Carty-Williams, Candice",,"=""1501196049""","=""9781501196041""",0,Gallery/Scout Press,Hardcover,336,2022,2022,,2022/08/21,to-read,to-read (#49),to-read,,,,0,0
19047653,Man Repeller: Seeking Love. Finding Overalls.,Leandra Medine,"Medine, Leandra",,"=""1455521388""","=""9781455521388""",3.0,Grand Central Publishing,Kindle Edition,247,2013,2013,2018/03/18,2018/03/17,,,read,,,,1,0
57108122,Sirens & Muses,Antonia Angress,"Angress, Antonia",,"=""0593496442""","=""9780593496442""",4.0,Ballantine,Kindle Edition,368,2022,2022,2022/08/11,2022/08/07,,,read,,,,1,0
61118341,All This Could Be Different,Sarah Thankam Mathews,"Mathews, Sarah Thankam",,"=""0593489136""","=""9780593489130""",3.0,Viking,Kindle Edition,320,2022,2022,2022/08/07,2022/08/06,,,read,,,,1,0
19062459,What I Loved,Siri Hustvedt,"Hustvedt, Siri",,"=""1466828366""","=""9781466828360""",4.0,Henry Holt and Co.,Kindle Edition,386,2004,2002,2022/08/04,2022/07/30,,,read,,,,1,0
10062688,Whip Smart: The True Story of a Secret Life,Melissa Febos,"Febos, Melissa",,"=""""","=""""",4.0,,Kindle Edition,290,,2010,2022/07/26,2022/07/24,,,read,,,,1,0
54746196,True Biz,Sara Nović,"Nović, Sara",,"=""""","=""""",4.0,Random House,Kindle Edition,404,2022,2022,2022/07/24,2022/07/19,,,read,,,,1,0
53968472,"Yes, Daddy",Jonathan Parks-Ramage,"Parks-Ramage, Jonathan",,"=""0358447712""","=""9780358447719""",0,Harper,Hardcover,282,2021,2021,,2022/07/24,to-read,to-read (#48),to-read,,,,0,0
54860230,"Dirtbag, Massachusetts: A Confessional",Isaac Fitzgerald,"Fitzgerald, Isaac",,"=""1635573971""","=""9781635573978""",0,Bloomsbury Publishing,Hardcover,256,2022,2022,,2022/07/24,to-read,to-read (#47),to-read,,,,0,0
61077851,Fellowship Point,Alice Elliott Dark,"Dark, Alice Elliott",,"=""""","=""""",4.0,Scribner,Kindle Edition,586,2022,2022,2022/07/22,2022/07/16,,,read,,,,1,0
59777955,Notes on Heartbreak,Annie Lord,"Lord, Annie",,"=""1398705489""","=""9781398705487""",0,Trapeze,Hardcover,400,2022,2022,,2022/07/19,to-read,to-read (#46),to-read,,,,0,0
60440469,Last Summer on State Street,Toya Wolfe,"Wolfe, Toya",,"=""0063209756""","=""9780063209756""",3.0,William Morrow,Kindle Edition,220,2022,2022,2022/07/16,2022/07/15,,,read,,,,1,0
58314052,Acts of Violet,Margarita Montimore,"Montimore, Margarita",,"=""125081507X""","=""9781250815071""",0,Flatiron Books,Kindle Edition,336,2022,2022,2022/07/07,2022/05/24,,,read,,,,1,0
60911699,"The Summer I Turned Pretty (Summer, #1)",Jenny Han,"Han, Jenny",,"=""""","=""""",0,Simon & Schuster Books for Young Readers,Kindle Edition,295,2022,2009,2022/07/05,2022/07/04,,,read,,,,1,0
41971463,I Miss You When I Blink: Essays,Mary Laura Philpott,"Philpott, Mary Laura",,"=""1982102829""","=""9781982102821""",5.0,Touchstone,Kindle Edition,288,2019,2019,2022/07/04,2022/07/04,,,read,,,,1,0
51608211,28 Summers,Elin Hilderbrand,"Hilderbrand, Elin",,"=""0316420050""","=""9780316420051""",4.0,"Little, Brown and Company",Kindle Edition,432,2020,2020,2022/07/04,2022/07/03,,,read,,,,1,0
59438055,Tracy Flick Can't Win,Tom Perrotta,"Perrotta, Tom",,"=""1501144081""","=""9781501144080""",3.0,Scribner,Kindle Edition,272,2022,2022,2022/07/03,2022/06/28,,,read,,,,1,0
7244189,Second Nature: The Inner Lives of Animals,Jonathan Balcombe,"Balcombe, Jonathan",J.M. Coetzee,"=""0230613624""","=""9780230613621""",0,Palgrave Macmillan,Hardcover,242,2010,2010,,2022/07/02,to-read,to-read (#45),to-read,,,,0,0
58532213,A Life in Light: Meditations on Impermanence,Mary Pipher,"Pipher, Mary",,"=""1635577586""","=""9781635577587""",0,Bloomsbury Publishing,Hardcover,302,2022,,,2022/07/02,to-read,to-read (#44),to-read,,,,0,0
61042555,Election,Tom Perrotta,"Perrotta, Tom",,"=""0593548477""","=""9780593548479""",3.0,Berkley,Kindle Edition,220,1998,1998,2022/06/28,2022/06/28,,,read,,,,1,0
60867170,Cabin Fever: The Harrowing Journey of a Cruise Ship at the Dawn of a Pandemic,Michael Smith,"Smith, Michael",Jonathan Franklin,"=""0385547439""","=""9780385547437""",4.0,Doubleday,Kindle Edition,272,2022,2022,2022/06/26,2022/06/25,,,read,,,,1,0
59109017,One Day I Shall Astonish the World,Nina Stibbe,"Stibbe, Nina",,"=""0316430323""","=""9780316430326""",4.0,"Little, Brown and Company",Kindle Edition,384,2022,2022,2022/06/25,2022/06/20,,,read,,,,1,0
58812701,Notes on Your Sudden Disappearance,Alison Espach,"Espach, Alison",,"=""""","=""""",5.0,Henry Holt and Co.,ebook,352,2022,2022,2022/06/25,2022/06/25,,,read,,,,1,0
13547111,The Woman from Paris,Santa Montefiore,"Montefiore, Santa",,"=""1451676689""","=""9781451676686""",1.0,Simon & Schuster,Hardcover,400,2013,2012,,2013/02/08,,,read,,,,1,0
49820160,New Waves,Kevin  Nguyen,"Nguyen, Kevin",,"=""1984855239""","=""9781984855237""",2.0,One World,Hardcover,320,2020,2020,2020/04/01,2020/03/01,requested-from-hubs,requested-from-hubs (#2),read,,,,2,0
59422043,Counterfeit,Kirstin Chen,"Chen, Kirstin",,"=""0063119579""","=""9780063119574""",5.0,William Morrow,Kindle Edition,320,2022,2022,2022/06/20,2022/06/19,,,read,,,,1,0
60396325,How We Met: A Memoir of Love and Other Misadventures,Huma Qureshi,"Qureshi, Huma",,"=""""","=""""",4.0,Elliott & Thompson,Kindle Edition,135,2022,2021,2022/06/19,2022/06/18,,,read,,,,1,0
59368509,Cult Classic,Sloane Crosley,"Crosley, Sloane",,"=""""","=""""",2.0,MCD,Kindle Edition,304,2022,2022,2022/06/18,2022/06/07,,,read,,,,1,0
58864196,I Kissed Shara Wheeler,Casey McQuiston,"McQuiston, Casey",,"=""1250244463""","=""9781250244468""",5.0,Wednesday Books,Kindle Edition,368,2022,2022,2022/06/03,2022/06/03,,,read,,,,1,0
60065460,We Do What We Do in the Dark,Michelle  Hart,"Hart, Michelle",,"=""0593329694""","=""9780593329696""",5.0,Riverhead Books,Kindle Edition,222,2022,2022,2022/06/03,2022/04/12,,,read,,,,1,0
57730658,Out of Love,Hazel Hayes,"Hayes, Hazel",,"=""059318453X""","=""9780593184530""",0,Dutton,Kindle Edition,413,2021,2020,2022/06/02,2020/10/17,,,read,,,,1,0
51168133,Butter Honey Pig Bread,Francesca Ekwuyasi,"Ekwuyasi, Francesca",,"=""1551528231""","=""9781551528236""",0,Arsenal Pulp Press,Paperback,317,2020,2020,,2022/06/01,to-read,to-read (#43),to-read,,,,0,0
34118071,Scaling Teams: Strategies for Building Successful Teams and Organizations,Alexander Grosse,"Grosse, Alexander",David Loftesness,"=""1491952237""","=""9781491952238""",4.0,O'Reilly Media,Kindle Edition,428,2017,,2022/05/30,2022/05/30,,,read,,,,1,0
33670452,"Goodbye, Vitamin",Rachel Khong,"Khong, Rachel",,"=""1250109159""","=""9781250109156""",5.0,Henry Holt and Co.,Kindle Edition,170,2017,2017,2022/05/30,2022/05/30,,,read,,,,1,0
18892366,The Advantage: Why Organizational Health Trumps Everything Else In Business,Patrick Lencioni,"Lencioni, Patrick",,"=""""","=""""",4.0,Jossey-Bass,Kindle Edition,224,2012,2012,2022/05/29,2022/05/29,,,read,,,,1,0
59965034,Funny You Should Ask,Elissa Sussman,"Sussman, Elissa",,"=""0593357337""","=""9780593357330""",0,Dell,Kindle Edition,330,2022,2022,2022/05/29,2022/05/15,,,read,,,,1,0
58019153,Tell Me How to Be,Neel Patel,"Patel, Neel",,"=""1250184967""","=""9781250184962""",3.0,Flatiron Books,Kindle Edition,336,2021,2021,2022/05/29,2022/05/29,,,read,,,,1,0
43074556,The Heavens,Sandra Newman,"Newman, Sandra",,"=""080214683X""","=""9780802146830""",4.0,Grove Press,Kindle Edition,248,2019,2019,2019/12/26,2019/12/26,,,read,,,,1,0
37426,Little Children,Tom Perrotta,"Perrotta, Tom",,"=""0312315732""","=""9780312315733""",0,St. Martin's Griffin,Paperback,355,2005,2004,,2022/05/24,,,read,,,,1,0
59438099,This Time Tomorrow,Emma Straub,"Straub, Emma",,"=""0525539026""","=""9780525539025""",4.0,Riverhead Books ,Kindle Edition,320,2022,2022,2022/05/22,2022/03/20,,,read,,,,1,0
60461592,Acts of Service,Lillian Fishman,"Fishman, Lillian",,"=""0593243773""","=""9780593243770""",3.0,Hogarth,Kindle Edition,221,2022,2022,2022/05/21,2022/02/07,,,read,,,,1,0
59563482,Anna: The Biography,Amy Odell,"Odell, Amy",,"=""198212265X""","=""9781982122652""",5.0,Gallery Books,Kindle Edition,456,2022,2022,2022/05/15,2022/05/07,,,read,,,,1,0
56285090,We Are the Brennans,Tracey Lange,"Lange, Tracey",,"=""1250796202""","=""9781250796202""",1.0,Celadon Books,Kindle Edition,288,2021,2021,2022/01/26,2021/05/25,,,read,,,,1,0
60607196,Search,Michelle Huneven,"Huneven, Michelle",,"=""0593300068""","=""9780593300060""",5.0,Penguin Press,Kindle Edition,400,2022,2022,2022/05/06,2022/04/30,,,read,,,,1,0
57438319,"Assassin's Apprentice (The Farseer Trilogy, #1)",Robin Hobb,"Hobb, Robin",Magali Villeneuve,"=""""","=""""",3.0,Spectra,Kindle Edition,464,2019,1995,2022/04/30,2022/04/20,,,read,,,,1,0
55778052,The Caretakers,Amanda Bestor-Siegal,"Bestor-Siegal, Amanda",,"=""0063138220""","=""9780063138223""",0,William Morrow,Kindle Edition,336,2022,2022,2022/04/18,2022/02/27,,,read,,,,1,0
58437521,The Candy House,Jennifer Egan,"Egan, Jennifer",,"=""1476716765""","=""9781476716763""",3.0,Scribner,Hardcover,352,2022,2022,2022/04/11,2022/01/11,,,read,,,,1,0
59108922,"The Atlas Six (The Atlas, #1)",Olivie Blake,"Blake, Olivie",,"=""1250854555""","=""9781250854551""",2.0,Tor Books,Kindle Edition,410,2021,2020,2022/04/09,2022/04/09,,,read,,,,1,0
54385373,Milk Fed,Melissa Broder,"Broder, Melissa",,"=""1982142510""","=""9781982142513""",5.0,Scribner,Kindle Edition,301,2021,2021,2022/04/08,2022/04/08,,,read,,,,1,0
58556596,Lessons in Chemistry,Bonnie Garmus,"Garmus, Bonnie",,"=""0857528122""","=""9780857528124""",4.0,Doubleday,Hardcover,390,2022,2022,2022/04/06,2022/03/05,,,read,,,,3,0
25792894,"Kings Rising (Captive Prince, #3)",C.S. Pacat,"Pacat, C.S.",,"=""0698154320""","=""9780698154322""",0,Berkley,Kindle Edition,368,2016,2016,2022/04/06,2022/04/05,,,read,,,,1,0
9305362,"Captive Prince (Captive Prince, #1)",C.S. Pacat,"Pacat, C.S.",,"=""""","=""""",0,,ebook,240,2012,2013,2022/04/05,2022/04/05,,,read,,,,1,0
33795,Caucasia,Danzy Senna,"Senna, Danzy",,"=""1573227161""","=""9781573227162""",0,Riverhead Books,Paperback,413,1999,1998,,2022/04/05,,,read,,,,1,0
26190761,"Prince's Gambit (Captive Prince, #2)",C.S. Pacat,"Pacat, C.S.",,"=""0698155106""","=""9780698155107""",0,Penguin Group,Kindle Edition,412,2015,2013,2022/04/05,2022/04/03,,,read,,,,1,0
50209521,"Good Morning, Destroyer of Men's Souls: A Memoir of Women, Addiction, and Love",Nina Renata Aron,"Aron, Nina Renata",,"=""052557669X""","=""9780525576693""",5.0,Crown,Kindle Edition,304,2020,2020,2022/04/03,2020/04/23,,,read,,,,1,0
54746171,The Verifiers (The Verifiers #1),Jane Pek,"Pek, Jane",,"=""""","=""""",3.0,Vintage,Kindle Edition,368,2022,2022,2022/03/28,2022/03/28,,,read,,,,1,0
6320534,Under the Dome,Stephen  King,"King, Stephen",,"=""1439148503""","=""9781439148501""",0,Scribner,Hardcover,1074,2009,2009,,2022/03/22,,,read,,,,1,0
23602552,Life Drawing,Robin    Black,"Black, Robin",,"=""0812980670""","=""9780812980677""",5.0,Random House Trade Paperbacks,Paperback,288,2015,2014,2022/03/22,2022/03/22,,,read,,,,1,0
41719345,Let's Get Back to the Party,Zak Salih,"Salih, Zak",,"=""164375114X""","=""""",3.0,Algonquin,Kindle Edition,288,2021,2021,2022/03/20,2022/02/13,,,read,,,,1,0
58658296,The Club,Ellery Lloyd,"Lloyd, Ellery",,"=""""","=""""",0,Harper,ebook,304,2022,2022,2022/03/19,2022/03/19,,,read,,,,1,0
36896898,Spinning Silver,Naomi Novik,"Novik, Naomi",,"=""""","=""""",0,Del Rey,ebook,465,2018,2018,,2022/03/13,to-read,to-read (#43),to-read,,,,0,0
36681425,Uprooted,Naomi Novik,"Novik, Naomi",,"=""""","=""""",5.0,Del Rey,Kindle Edition,465,2015,2015,2022/03/13,2022/03/06,,,read,,,,1,0
57676365,Smile and Look Pretty,Amanda  Pellegrino,"Pellegrino, Amanda",,"=""0369701100""","=""9780369701107""",3.0,Park Row,Kindle Edition,349,2022,2022,2022/03/12,2022/03/08,,,read,,,,1,0
55556706,"The Last Graduate (The Scholomance, #2)",Naomi Novik,"Novik, Naomi",,"=""""","=""""",4.0,Del Rey,Kindle Edition,389,2021,2021,2022/03/08,2022/03/06,,,read,,,,1,0
50548197,"A Deadly Education (The Scholomance, #1)",Naomi Novik,"Novik, Naomi",,"=""0593128486""","=""9780593128480""",4.0,Del Rey,Hardcover,320,2020,2020,2022/03/05,2022/03/06,,,read,,,,1,0
58395053,Groundskeeping,Lee Cole,"Cole, Lee",,"=""0593320506""","=""9780593320501""",4.0,Knopf,Hardcover,323,2022,2022,2022/03/03,2022/03/05,,,read,,,,1,0
58185874,Fake,Erica Katz,"Katz, Erica",,"=""0063082608""","=""9780063082601""",2.0,Harper,Kindle Edition,384,2022,2022,2022/03/02,2022/03/02,,,read,,,,1,0
60091151,Wildcat,Amelia P. Morris,"Morris, Amelia P.",,"=""1250809231""","=""9781250809230""",3.0,Flatiron Books,Kindle Edition,287,2022,2022,2022/02/28,2022/02/27,,,read,,,,1,0
33224061,The Downstairs Girl,Stacey  Lee,"Lee, Stacey",,"=""""","=""""",3.0,Putnam,Hardcover,374,2019,2019,2019/10/13,2019/10/12,,,read,,,,2,0
57940031,Reckless Girls,Rachel Hawkins,"Hawkins, Rachel",,"=""1250274265""","=""9781250274267""",3.0,St. Martin's Press,Kindle Edition,320,2022,2022,2022/02/27,2022/02/27,,,read,,,,1,0
53923958,"Big Girl, Small Town",Michelle Gallen,"Gallen, Michelle",,"=""1643751166""","=""9781643751160""",4.0,Algonquin Books,Kindle Edition,319,2020,2020,2022/02/27,2021/10/03,,,read,,,,1,0
35068946,That Time I Loved You,Carrianne Leung,"Leung, Carrianne",,"=""1443452882""","=""9781443452885""",0,HarperCollins Publishers,Kindle Edition,211,2018,2018,,2022/02/21,to-read,to-read (#42),to-read,,,,0,0
57698794,Notes on an Execution,Danya Kukafka,"Kukafka, Danya",,"=""""","=""""",3.0,William Morrow,Kindle Edition,308,2022,2022,2022/02/21,2022/01/15,,,read,,,,1,0
54640667,"Girl, Woman, Other",Bernardine Evaristo,"Evaristo, Bernardine",,"=""""","=""""",5.0,Black Cat/Grove Atlantic,Kindle Edition,507,2019,2019,2022/02/19,2020/12/09,,,read,,,,1,0
58131101,Magma: A Novel,Þóra Hjörleifsdóttir,"Hjörleifsdóttir, Þóra",Thóra Hjörleifsdóttir,"=""0802157408""","=""9780802157409""",2.0,"Grove Press, Black Cat",Kindle Edition,208,2021,2019,2022/02/19,2022/02/19,,,read,,,,1,0
55468002,My Year of Rest and Relaxation,Ottessa Moshfegh,"Moshfegh, Ottessa",,"=""""","=""""",5.0,Penguin Books,Kindle Edition,301,2018,2018,2022/02/15,2022/02/15,,,read,,,,1,0
59142475,Cleopatra and Frankenstein,Coco Mellors,"Mellors, Coco",,"=""1635576822""","=""9781635576825""",4.0,Bloomsbury Publishing,Kindle Edition,378,2022,2022,2022/02/14,2022/02/13,,,read,,,,1,0
52696974,A Very Nice Girl,Imogen Crimp,"Crimp, Imogen",,"=""1250792789""","=""9781250792785""",4.0,Henry Holt and Co.,Kindle Edition,336,2022,2022,2022/02/13,2022/02/12,,,read,,,,1,0
58019645,Other People’s Clothes,Calla Henkel,"Henkel, Calla",,"=""0385547366""","=""9780385547369""",2.0,Doubleday,Kindle Edition,320,2022,2022,2022/02/12,2022/02/07,,,read,,,,1,0
34376766,"Blood, Sweat, and Pixels",Jason Schreier,"Schreier, Jason",,"=""0062651242""","=""9780062651242""",4.0,Harper Paperbacks,Kindle Edition,353,2017,2017,2022/02/07,2021/06/13,,,read,,,,1,0
57452610,Vladimir,Julia May Jonas,"Jonas, Julia May",,"=""1982187654""","=""9781982187651""",4.0,Avid Reader Press / Simon & Schuster,Kindle Edition,288,2022,2022,2022/02/05,2022/02/01,,,read,,,,1,0
57249755,Last Resort,Andrew Lipstein,"Lipstein, Andrew",,"=""0374602719""","=""9780374602710""",3.0,"Farrar, Straus and Giroux",Kindle Edition,272,2022,2022,2022/01/31,2022/01/31,,,read,,,,1,0
57882612,Good Rich People,Eliza Jane Brazier,"Brazier, Eliza Jane",,"=""0593198271""","=""9780593198278""",2.0,Berkley,Kindle Edition,336,2022,2022,2022/01/29,2022/01/26,,,read,,,,1,0
49705358,The Golden Cage,Camilla Läckberg,"Läckberg, Camilla",Neil Smith,"=""0525657983""","=""9780525657989""",1.0,Vintage Crime/Black Lizard,Kindle Edition,352,2020,2019,2022/01/21,2022/01/17,,,read,,,,1,0
55886036,Mouth to Mouth,Antoine Wilson,"Wilson, Antoine",,"=""1982181826""","=""9781982181826""",4.0,Simon & Schuster,Kindle Edition,192,2022,2022,2022/01/17,2021/11/14,,,read,,,,1,0
56124750,Secrets of Happiness,Joan Silber,"Silber, Joan",,"=""1640094466""","=""9781640094468""",4.0,Counterpoint ,Kindle Edition,288,2021,2021,2022/01/16,2022/01/13,,,read,,,,1,0
58256450,The School for Good Mothers,Jessamine Chan,"Chan, Jessamine",,"=""1982156147""","=""9781982156145""",5.0,Simon & Schuster,Kindle Edition,328,2022,2022,2022/01/09,2022/01/09,,,read,,,,1,0
58996234,Trust: A Novel,Domenico Starnone,"Starnone, Domenico",Jhumpa Lahiri,"=""1609457048""","=""9781609457044""",2.0,Europa Editions,Kindle Edition,184,2021,2019,2022/01/08,2021/11/28,,,read,,,,1,0
58533799,Fiona and Jane,Jean Chen Ho,"Ho, Jean Chen",,"=""""","=""""",5.0,Viking,ebook,287,2022,2022,2022/01/05,2022/01/04,,,read,,,,1,0
55071877,Yolk,Mary H.K. Choi,"Choi, Mary H.K.",,"=""1534446028""","=""9781534446021""",4.0,Simon & Schuster Books for Young Readers,Kindle Edition,399,2021,2021,2022/01/03,2022/01/02,,,read,,,,1,0
25233910,Local Girls,Caroline Zancan,"Zancan, Caroline",,"=""0698184211""","=""9780698184213""",3.0,Riverhead Books,Kindle Edition,288,2015,2015,2021/12/28,2021/12/27,,,read,,,,1,0
57726637,The Anomaly,Hervé Le Tellier,"Tellier, Hervé Le",Adriana Hunter,"=""1635421764""","=""9781635421767""",3.0,Other Press ,Kindle Edition,399,2021,2020,2022/01/02,2021/12/27,,,read,,,,1,0
56247202,Crossroads,Jonathan Franzen,"Franzen, Jonathan",,"=""0374719799""","=""9780374719791""",4.0,"Farrar, Straus and Giroux",Kindle Edition,681,2021,2021,2021/12/27,2021/12/12,,,read,,,,1,0
57660174,The Family,Naomi Krupitsky,"Krupitsky, Naomi",,"=""0525542019""","=""9780525542018""",3.0,G.P. Putnam's Sons,Kindle Edition,368,2021,2021,2021/12/19,2021/12/19,,,read,,,,1,0
51817122,Just Like You,Nick Hornby,"Hornby, Nick",,"=""0593191404""","=""9780593191408""",3.0,Riverhead Books,Kindle Edition,320,2020,2020,2021/11/28,2021/11/28,,,read,,,,1,0
58262351,Love in the Big City,Sang Young Park,"Park, Sang Young",Anton Hur,"=""080215879X""","=""9780802158796""",4.0,Grove Press,Kindle Edition,189,2021,2019,2021/11/28,2021/11/27,,,read,,,,1,0
57675954,Fault Lines,Emily Itami,"Itami, Emily",,"=""0063099829""","=""9780063099821""",4.0,Custom House,Kindle Edition,224,2021,2021,2021/11/26,2021/11/01,,,read,,,,1,0
56894210,The Love Songs of W.E.B. Du Bois,Honorée Fanonne Jeffers,"Jeffers, Honorée Fanonne",,"=""""","=""""",4.0,Harper,Kindle Edition,801,2021,2021,2021/11/24,2021/11/14,,,read,,,,1,0
56326737,"Constance (Constance, #1)",Matthew FitzSimmons,"FitzSimmons, Matthew",,"=""154201428X""","=""9781542014281""",3.0,Thomas & Mercer,Kindle Edition,343,2021,2021,2021/11/14,2021/11/08,,,read,,,,1,0
55434914,Win Me Something,Kyle Lucia Wu,"Wu, Kyle Lucia",,"=""1951142810""","=""9781951142810""",4.0,Tin House Books,Kindle Edition,272,2021,2021,2021/11/08,2021/11/07,,,read,,,,1,0
55556143,The Husbands,Chandler Baker,"Baker, Chandler",,"=""1250319528""","=""9781250319524""",4.0,Flatiron Books,Kindle Edition,348,2021,2021,,2021/11/07,,,read,,,,1,0
58018973,Our Country Friends,Gary Shteyngart,"Shteyngart, Gary",,"=""1984855131""","=""9781984855138""",0,Random House,Kindle Edition,336,2021,2021,2021/11/07,2021/10/31,,,read,,,,1,0
58065318,Going There,Katie Couric,"Couric, Katie",,"=""0316535877""","=""9780316535878""",5.0,"Little, Brown and Company",Kindle Edition,529,2021,2021,2021/11/03,2021/11/03,,,read,,,,1,0
57328746,We Are Not Like Them,Christine Pride,"Pride, Christine",Jo Piazza,"=""""","=""""",3.0,Atria,Kindle Edition,336,2021,2021,2021/10/31,2021/10/31,,,read,,,,1,0
56312400,"My Heart Is a Chainsaw (The Indian Lake Trilogy, #1)",Stephen Graham Jones,"Jones, Stephen Graham",,"=""""","=""""",0,Gallery / Saga Press,Kindle Edition,412,2021,2021,2021/11/03,2021/09/05,,,read,,,,1,0
52347808,Every Last Secret,A.R. Torre,"Torre, A.R.",,"=""1542020182""","=""9781542020183""",3.0,Thomas & Mercer,Kindle Edition,291,2020,2020,2021/10/30,2021/10/30,,,read,,,,1,0
40670312,The One (Dark Future #1),John Marrs,"Marrs, John",,"=""""","=""""",3.0,Hanover Square Press,ebook,418,2018,2016,2021/10/25,2021/10/21,,,read,,,,1,0
58941191,"Red Roulette: An Insider's Story of Wealth, Power, Corruption, and Vengeance in Today's China",Desmond Shum,"Shum, Desmond",,"=""""","=""""",4.0,Scribner,Kindle Edition,319,2021,2021,2021/10/21,2021/10/15,,,read,,,,1,0
42634735,Everything You Ever Wanted,Luiza Sauma,"Sauma, Luiza",,"=""""","=""""",5.0,Viking,Kindle Edition,240,2019,2019,2021/10/12,2021/09/20,,,read,,,,1,0
33021339,Moshi Moshi: A Novel,Banana Yoshimoto,"Yoshimoto, Banana",Asa Yoneda,"=""1619028662""","=""9781619028661""",4.0,Counterpoint,Kindle Edition,200,2016,2010,2021/10/05,2021/10/05,,,read,,,,1,0
56665711,Happy Hour,Marlowe Granados,"Granados, Marlowe",,"=""1839764031""","=""9781839764035""",4.0,Verso Fiction,Kindle Edition,174,2021,2020,2021/10/02,2021/09/25,,,read,,,,1,0
58268352,Agatha of Little Neon,Claire Luchette,"Luchette, Claire",,"=""0374721300""","=""9780374721305""",5.0,"Farrar, Straus and Giroux",Kindle Edition,274,2021,2021,2021/09/25,2021/08/05,,,read,,,,1,0
56692773,In My Dreams I Hold a Knife,Ashley Winstead,"Winstead, Ashley",,"=""1728229898""","=""9781728229898""",1.0,Sourcebooks Landmark,Kindle Edition,368,2021,2021,2021/09/24,2021/09/22,,,read,,,,1,0
57640897,Matrix,Lauren Groff,"Groff, Lauren",,"=""""","=""""",5.0,Riverhead Books,Kindle Edition,272,2021,2021,2021/09/11,2021/09/11,,,read,,,,1,0
56665713,"Beautiful World, Where Are You",Sally Rooney,"Rooney, Sally",,"=""""","=""""",4.0,"Farrar, Straus and Giroux",ebook,358,2021,2021,2021/09/11,2021/09/11,,,read,,,,1,0
56609700,The Portrait of a Mirror,A. Natasha Joukovsky,"Joukovsky, A. Natasha",,"=""1647001951""","=""9781647001957""",0,The Overlook Press,Kindle Edition,320,2021,2021,2021/09/11,2021/05/25,,,read,,,,1,0
43811352,Sweet Days of Discipline,Fleur Jaeggy,"Jaeggy, Fleur",Tim Parks,"=""0811229033""","=""9780811229036""",0,New Directions,Paperback,112,2019,1989,,2021/09/04,to-read,to-read (#41),to-read,,,,0,0
53746844,Pretending,Holly Bourne,"Bourne, Holly",,"=""1488077150""","=""9781488077159""",5.0,MIRA,Kindle Edition,335,2020,2020,2021/08/28,2021/08/24,,,read,,,,1,0
28585691,The Good Mother,Sue Miller,"Miller, Sue",,"=""""","=""""",4.0,Harper Perennial,ebook,324,2016,,2021/08/22,2020/12/07,,,read,,,,1,0
56379221,Mrs. March,Virginia Feito,"Feito, Virginia",,"=""1631498622""","=""9781631498626""",3.0,Liveright,Kindle Edition,256,2021,2021,2021/08/21,2021/08/21,,,read,,,,1,0
56748012,House of Sticks,Ly Tran,"Tran, Ly",,"=""1501118838""","=""9781501118838""",4.0,Scribner,Kindle Edition,382,2021,2021,2021/08/19,2021/08/18,,,read,,,,1,0
13400892,Friends Like Us,Lauren      Fox,"Fox, Lauren",,"=""""","=""""",4.0,,Kindle Edition,290,,2012,2021/08/12,2021/08/11,,,read,,,,1,0
48748023,"Everybody (Else) Is Perfect: How I Survived Hypocrisy, Beauty, Clicks, and Likes",Gabrielle Korn,"Korn, Gabrielle",,"=""1982127783""","=""9781982127787""",3.0,Atria Books,Kindle Edition,272,2021,2021,2021/08/11,2021/08/11,,,read,,,,1,0
52047700,How Do We Know We're Doing It Right: & Other Essays on Modern Life,Pandora Sykes,"Sykes, Pandora",,"=""1786332078""","=""9781786332073""",0,Hutchinson,Hardcover,275,2020,2020,,2021/08/09,to-read,to-read (#40),to-read,,,,0,0
55372861,The End of Men,Christina Sweeney-Baird,"Sweeney-Baird, Christina",,"=""0593328140""","=""9780593328149""",4.0,G.P. Putnam's Sons,Kindle Edition,414,2021,2021,2021/08/09,2021/07/30,,,read,,,,1,0
58061810,The Paper Palace,Miranda Cowley Heller,"Heller, Miranda Cowley",,"=""0593329848""","=""9780593329849""",5.0,Riverhead Books,Kindle Edition,400,2021,2021,2021/07/30,2021/07/26,,,read,,,,1,0
57634415,Embassy Wife,Katie Crouch,"Crouch, Katie",,"=""0374711364""","=""9780374711368""",3.0,"Farrar, Straus and Giroux",Kindle Edition,368,2021,2021,2021/07/28,2021/07/25,,,read,,,,1,0
55939506,The Final Girl Support Group,Grady Hendrix,"Hendrix, Grady",,"=""0593201256""","=""9780593201251""",5.0,Berkley ,Kindle Edition,352,2021,2021,2021/07/26,2021/05/25,,,read,,,,1,0
57356972,Intimacies,Katie Kitamura,"Kitamura, Katie",,"=""0399576185""","=""9780399576188""",4.0,Penguin Publishing Group,Kindle Edition,143,2021,2021,2021/07/25,2021/06/12,,,read,,,,1,0
57123268,Nightbitch,Rachel Yoder,"Yoder, Rachel",,"=""0385546823""","=""9780385546829""",4.0,Doubleday,Kindle Edition,256,2021,2021,2021/07/24,2021/07/23,,,read,,,,1,0
54310999,The Very Nice Box,Laura Blackett,"Blackett, Laura",Eve Gleichman,"=""""","=""""",5.0,Houghton Mifflin Harcourt,Kindle Edition,320,2021,2021,2021/07/23,2021/07/20,,,read,,,,1,0
55758388,Golden Girl,Elin Hilderbrand,"Hilderbrand, Elin",,"=""0316256668""","=""9780316256667""",4.0,"Little, Brown and Company",Kindle Edition,485,2021,2021,2021/07/20,2021/07/18,,,read,,,,1,0
56761975,Everyone Knows Your Mother Is a Witch,Rivka Galchen,"Galchen, Rivka",,"=""0374711216""","=""9780374711214""",5.0,"Farrar, Straus and Giroux",Kindle Edition,288,2021,2021,2021/07/18,2021/07/11,,,read,,,,2,0
57635381,A Touch of Jen,Beth Morgan,"Morgan, Beth",,"=""0316704253""","=""9780316704250""",2.0,"Little, Brown and Company",Kindle Edition,336,2021,2021,2021/07/18,2021/07/14,,,read,,,,1,0
57736120,The View Was Exhausting,Mikaella  Clements,"Clements, Mikaella",Onjuli Datta,"=""1538734923""","=""""",0,Grand Central Publishing,Kindle Edition,277,2021,2021,2021/07/14,2021/07/13,,,read,,,,1,0
56007910,Dream Girl,Laura Lippman,"Lippman, Laura",,"=""""","=""""",4.0,William Morrow,Kindle Edition,320,2021,2021,2021/07/13,2021/07/11,,,read,,,,1,0
29774026,"The Priory of the Orange Tree (The Roots of Chaos, #1)",Samantha Shannon,"Shannon, Samantha",,"=""""","=""""",4.0,Bloomsbury Publishing,ebook,848,2019,2019,,2019/06/02,,,read,,,,1,0
23433786,The 27 Challenges Managers Face: Step-by-Step Solutions to (Nearly) All of Your Management Problems,Bruce Tulgan,"Tulgan, Bruce",,"=""""","=""""",0,Jossey-Bass,Kindle Edition,249,2014,2014,2021/07/11,2021/06/24,,,read,,,,1,0
6432774,The Night of the Gun,David Carr,"Carr, David",,"=""1416580239""","=""9781416580232""",5.0,Simon  Schuster,Kindle Edition,412,2008,2008,2021/07/11,2021/06/22,,,read,,,,1,0
32874746,If We Were Villains,M.L. Rio,"Rio, M.L.",,"=""""","=""""",4.0,Flatiron Books,ebook,370,2017,2017,2021/07/11,2021/06/29,,,read,,,,1,0
49914109,"Wine Girl: The Obstacles, Humiliations, and Triumphs of America's Youngest Sommelier",Victoria James,"James, Victoria",,"=""""","=""""",4.0,Ecco,Kindle Edition,336,2020,2020,2021/06/29,2021/06/27,,,read,,,,1,0
57378707,Seven Days in June,Tia Williams,"Williams, Tia",,"=""1538719118""","=""9781538719114""",5.0,Grand Central Publishing,Kindle Edition,336,2021,2021,2021/06/28,2021/06/23,,,read,,,,1,0
53682852,Surrender Your Sons,Adam  Sass,"Sass, Adam",,"=""1635830621""","=""9781635830620""",3.0,North Star Editions,Kindle Edition,392,2020,2020,2021/06/23,2021/06/21,,,read,,,,1,0
56343711,Empire of Pain: The Secret History of the Sackler Dynasty,Patrick Radden Keefe,"Keefe, Patrick Radden",,"=""038554569X""","=""9780385545693""",5.0,Doubleday,Kindle Edition,625,2021,2021,2021/06/21,2021/06/15,,,read,,,,1,0
45729929,Impostor Syndrome,Kathy Wang,"Wang, Kathy",,"=""0062855301""","=""9780062855305""",5.0,Custom House,ebook,368,2021,2021,2021/06/20,2021/04/04,,,read,,,,1,0
55824957,The Other Black Girl,Zakiya Dalila Harris,"Harris, Zakiya Dalila",,"=""1982160152""","=""9781982160159""",2.0,Atria,Kindle Edition,356,2021,2021,2021/06/20,2021/05/25,,,read,,,,1,0
56519331,Great Circle,Maggie Shipstead,"Shipstead, Maggie",,"=""0525656987""","=""9780525656982""",5.0,Knopf,Kindle Edition,627,2021,2021,2021/06/03,2021/03/15,,,read,,,,1,0
55439366,Malibu Rising,Taylor Jenkins Reid,"Reid, Taylor Jenkins",,"=""""","=""""",2.0,Ballantine Books,Kindle Edition,365,2021,2021,2021/06/07,2021/02/14,,,read,,,,1,0
56141668,People Like Her,Ellery Lloyd,"Lloyd, Ellery",,"=""0062997416""","=""9780062997418""",0,Harper,Kindle Edition,277,2021,2021,2021/05/31,2021/05/30,,,read,,,,1,0
22085568,The Culture Map: Breaking Through the Invisible Boundaries of Global Business,Erin Meyer,"Meyer, Erin",,"=""""","=""""",5.0,PublicAffairs,Kindle Edition,274,2014,2014,2021/05/31,2021/05/31,,,read,,,,1,0
56188915,The Fortunate Ones,Ed Tarkington,"Tarkington, Ed",,"=""""","=""""",3.0,Algonquin Books,Kindle Edition,315,2021,2021,2021/05/31,2021/05/28,,,read,,,,1,0
56212325,A Special Place for Women,Laura Hankin,"Hankin, Laura",,"=""1984806289""","=""9781984806284""",3.0,Berkley,Kindle Edition,363,2021,2021,2021/05/28,2021/05/26,,,read,,,,1,0
52759167,In the Dream House,Carmen Maria Machado,"Machado, Carmen Maria",,"=""1644451026""","=""9781644451021""",5.0,Graywolf Press,Kindle Edition,247,2019,2019,2021/05/25,2020/11/29,,,read,,,,1,0
55985254,Mary Jane,Jessica Anya Blau,"Blau, Jessica Anya",,"=""0063052318""","=""9780063052314""",4.0,Custom House,Kindle Edition,318,2021,2021,2021/05/24,2021/05/23,,,read,,,,1,0
56048747,"The Plot (The Book Series, #1)",Jean Hanff Korelitz,"Korelitz, Jean Hanff",,"=""""","=""""",0,Celadon,Kindle Edition,317,2021,2021,2021/05/23,2021/05/22,,,read,,,,1,0
56305491,Early Morning Riser,Katherine Heiny,"Heiny, Katherine",,"=""0525659358""","=""9780525659358""",0,Knopf,Kindle Edition,337,2021,2021,2021/05/23,2021/03/15,,,read,,,,1,0
55577549,Crying in H Mart,Michelle Zauner,"Zauner, Michelle",,"=""""","=""""",4.0,Knopf,Kindle Edition,243,2021,2021,2021/05/22,2021/03/04,,,read,,,,1,0
36513424,Improvement,Joan Silber,"Silber, Joan",,"=""1619029715""","=""9781619029712""",4.0,Counterpoint,Kindle Edition,241,2017,2017,2021/05/19,2019/01/11,,,read,,,,1,0
41941223,Recursion,Blake Crouch,"Crouch, Blake",,"=""1524759805""","=""9781524759803""",0,Ballantine Books,Kindle Edition,324,2019,2019,2021/05/17,2021/05/16,,,read,,,,1,0
36684422,Summer Sisters,Judy Blume,"Blume, Judy",,"=""""","=""""",3.0, Delta,ebook,415,2009,1998,2021/05/16,2021/05/15,,,read,,,,1,0
88385,Mrs. Kimble,Jennifer Haigh,"Haigh, Jennifer",,"=""0060858788""","=""9780060858780""",0,Harper Perennial,Paperback,394,2005,2003,,2021/05/16,,,read,,,,1,0
40792951,The Last One,Alexandra Oliva,"Oliva, Alexandra",,"=""""","=""""",4.0,Ballantine Books,Kindle Edition,295,2016,2016,2021/05/14,2021/05/11,,,read,,,,1,0
45015116,The Orchard,David Hopen,"Hopen, David",,"=""0062974769""","=""9780062974761""",2.0,Ecco,Kindle Edition,480,2020,2020,2021/05/12,2021/05/10,,,read,,,,1,0
38456024,Sadie,Courtney Summers,"Summers, Courtney",,"=""1250105722""","=""9781250105721""",4.0,St. Martin's Press,Kindle Edition,314,2018,2018,2021/05/10,2021/03/11,,,read,,,,1,0
2728527,The Guernsey Literary and Potato Peel Pie Society,Mary Ann Shaffer,"Shaffer, Mary Ann",Annie Barrows,"=""0385340990""","=""9780385340991""",0,The Dial Press,Hardcover,277,2008,2008,,2021/05/09,,,read,,,,1,0
5139,"The Devil Wears Prada (The Devil Wears Prada, #1)",Lauren Weisberger,"Weisberger, Lauren",,"=""0307275558""","=""9780307275554""",0,Anchor,Mass Market Paperback,432,2006,2003,,2021/05/09,,,read,,,,1,0
35231503,Sunburn,Laura Lippman,"Lippman, Laura",,"=""""","=""""",2.0,William Morrow,Kindle Edition,300,2018,2018,2021/05/08,2021/05/03,,,read,,,,1,0
49122825,You Exist Too Much,Zaina Arafat,"Arafat, Zaina",,"=""1948226510""","=""9781948226516""",3.0,Catapult,Kindle Edition,320,2020,2020,2021/05/03,2021/05/03,,,read,,,,1,0
18114322,The Grapes of Wrath,John Steinbeck,"Steinbeck, John",,"=""067001690X""","=""9780670016907""",0,Viking,Hardcover,536,2014,1939,,2021/05/03,,,read,,,,1,0
2865,Girl with a Pearl Earring,Tracy Chevalier,"Chevalier, Tracy",,"=""0452287022""","=""9780452287020""",0,Plume/Penguin,Paperback,233,2005,1999,,2021/05/03,,,read,,,,1,0
35031085,Frankenstein: The 1818 Text,Mary Wollstonecraft Shelley,"Shelley, Mary Wollstonecraft",Charlotte  Gordon,"=""0143131842""","=""9780143131847""",0,Penguin Classics,Paperback,260,2018,1818,,2021/05/03,,,read,,,,1,0
7763,The Joy Luck Club,Amy Tan,"Tan, Amy",,"=""""","=""""",0,Penguin (Non-Classics),Paperback,288,2006,1989,,2021/05/03,,,read,,,,1,0
55059523,The Final Revival of Opal & Nev,Dawnie Walton,"Walton, Dawnie",,"=""""","=""""",3.0,37 Ink,Kindle Edition,368,2021,2021,2021/05/02,2021/04/16,,,read,,,,1,0
57135672,Edie Richter is Not Alone,Rebecca Handler,"Handler, Rebecca",,"=""195121319X""","=""9781951213190""",0,The Unnamed Press,Kindle Edition,160,2021,2021,2021/04/29,2021/04/25,,,read,,,,1,0
8218432,DisneyWar,James B. Stewart,"Stewart, James B.",,"=""0743283902""","=""9780743283908""",5.0,Simon  Schuster,Kindle Edition,620,2005,2005,2021/04/25,2021/04/19,,,read,,,,1,0
52358404,Happy & You Know It,Laura Hankin,"Hankin, Laura",,"=""1984806238""","=""9781984806239""",4.0,Berkley,Hardcover,384,2020,2020,,2021/04/20,,,read,,,,1,0
50027315,Tin Man,Sarah Winman,"Winman, Sarah",,"=""""","=""""",5.0,G.P. Putnam's Sons,Kindle Edition,224,2018,2017,2021/04/19,2021/03/27,,,read,,,,1,0
50240841,"Detransition, Baby",Torrey Peters,"Peters, Torrey",,"=""0593133390""","=""9780593133392""",4.0,One World,Kindle Edition,352,2021,2021,2021/04/15,2021/01/17,,,read,,,,1,0
18295861,The First Fifteen Lives of Harry August,Claire North,"North, Claire",,"=""0316399612""","=""9780316399616""",4.0,Redhook,Hardcover,416,2014,2014,,2014/08/25,,,read,,,,1,0
51681921,The List,Joanna Bolouri,"Bolouri, Joanna",,"=""1848663099""","=""9781848663091""",4.0,Quercus Publishing,Kindle Edition,308,2013,2013,2020/08/19,2020/08/15,,,read,,,,1,0
56378432,Good Company,Cynthia D'Aprix Sweeney,"Sweeney, Cynthia D'Aprix",,"=""0062876023""","=""9780062876027""",4.0,Ecco,Kindle Edition,314,2021,2021,2021/04/09,2021/04/04,,,read,,,,1,0
53279745,Girls with Bright Futures,Tracy Dobmeier,"Dobmeier, Tracy",Wendy Katzman,"=""1728216478""","=""9781728216478""",3.0,Sourcebooks,Kindle Edition,387,2021,2021,2021/04/07,2021/04/04,,,read,,,,1,0
50888243,Deacon King Kong,James   McBride,"McBride, James",,"=""0735216746""","=""9780735216747""",4.0,Riverhead Books,Kindle Edition,384,2020,2020,2021/02/12,2021/01/07,,,read,,,,2,0
46259991,All Girls,Emily Layden,"Layden, Emily",,"=""1250270901""","=""9781250270900""",4.0,St. Martin's,Kindle Edition,320,2021,2021,2021/03/27,2021/03/25,,,read,,,,1,0
56554128,The Girls Are All So Nice Here,Laurie Elizabeth Flynn,"Flynn, Laurie Elizabeth",,"=""1982144645""","=""9781982144647""",2.0, Simon & Schuster,Kindle Edition,319,2021,2021,2021/03/25,2021/03/22,,,read,,,,1,0
56123408,Hold Your Fire,Chloe Wilson,"Wilson, Chloe",,"=""1761100246""","=""9781761100246""",0,Scribner Australia,Paperback,240,2021,2021,,2021/03/25,to-read,to-read (#38),to-read,,,,0,0
53138199,Girlhood,Melissa Febos,"Febos, Melissa",,"=""1635572525""","=""9781635572520""",0,Bloomsbury Publishing,Hardcover,321,2021,2021,,2021/03/25,to-read,to-read (#37),to-read,,,,0,0
36509935,The Kind Worth Killing,Peter  Swanson,"Swanson, Peter",,"=""""","=""""",4.0,HarperCollins Publishers,ebook,325,2015,2015,2021/03/22,2021/03/16,,,read,,,,1,0
23844690,Rebels at Work: A Handbook for Leading Change from Within,Lois Kelly,"Kelly, Lois","Carmen Medina, Debra Cameron","=""1491903929""","=""9781491903926""",3.0,O'Reilly Media,Kindle Edition,254,2014,2014,2021/03/18,2021/02/06,,,read,,,,1,0
5084,My Life in France,Julia Child,"Child, Julia",Alex Prud’homme,"=""1400043468""","=""9781400043460""",0,Knopf Publishing Group,Hardcover,336,2006,2006,,2021/03/17,to-read,to-read (#36),to-read,,,,0,0
40940157,Swamplandia!,Karen Russell,"Russell, Karen",,"=""""","=""""",0,Vintage,Kindle Edition,418,2011,2011,,2021/03/15,,,read,,,,1,0
7048800,The Particular Sadness of Lemon Cake,Aimee Bender,"Bender, Aimee",,"=""0385501129""","=""9780385501125""",0,Knopf Doubleday Publishing Group,Hardcover,292,2010,2010,,2021/03/15,,,read,,,,1,0
10592,Carrie,Stephen  King,"King, Stephen",,"=""1416524304""","=""9781416524304""",0,Pocket,Mass Market Paperback,272,1999,1974,,2021/03/15,,,read,,,,1,0
72622,The Man of My Dreams,Curtis Sittenfeld,"Sittenfeld, Curtis",,"=""0812975391""","=""9780812975390""",0,Random House Publishing Group,Paperback,272,2007,2006,,2021/03/15,,,read,,,,1,0
41734721,Necessary People,Anna Pitoniak,"Pitoniak, Anna",,"=""0316451711""","=""9780316451710""",3.0,"Little, Brown and Company",Kindle Edition,352,2019,2019,2021/03/15,2021/03/14,,,read,,,,1,0
56665714,Acts of Desperation,Megan Nolan,"Nolan, Megan",,"=""0316429848""","=""""",4.0,"Little, Brown",Kindle Edition,288,2021,2021,2021/03/14,2021/03/09,,,read,,,,1,0
56050608,Sorrow and Bliss,Meg Mason,"Mason, Meg",,"=""0063049600""","=""9780063049604""",5.0,Harper,Kindle Edition,347,2021,2020,2021/03/13,2021/03/10,,,read,,,,1,0
48888274,Eat a Peach,David Chang,"Chang, David",Gabe Ulla,"=""1524759228""","=""9781524759223""",4.0,Clarkson Potter,Kindle Edition,304,2020,2020,2021/03/10,2020/05/08,,,read,,,,1,0
56175878,The Downstairs Neighbor,Helen   Cooper,"Cooper, Helen",,"=""0593190408""","=""9780593190401""",3.0,G.P. Putnam's Sons,Kindle Edition,379,2021,2021,2021/03/08,2021/03/07,,,read,,,,1,0
13537029,The Song of Achilles,Madeline Miller,"Miller, Madeline",,"=""""","=""""",5.0,HarperCollins,Kindle Edition,351,2012,2011,2021/03/07,2019/05/05,,,read,,,,1,0
55590431,Who Is Maud Dixon?,Alexandra  Andrews,"Andrews, Alexandra",,"=""""","=""""",4.0,"Little, Brown and Company",ebook,304,2021,2021,2021/03/06,2021/03/05,,,read,,,,1,0
54920149,The Love Proof,Madeleine Henry,"Henry, Madeleine",,"=""1982142987""","=""9781982142988""",2.0,Atria Books,Kindle Edition,288,2021,2021,2021/03/05,2021/03/03,,,read,,,,1,0
52476830,The Push,Ashley Audrain,"Audrain, Ashley",,"=""1984881663""","=""9781984881663""",4.0,Pamela Dorman Books,Hardcover,307,2021,2021,,2021/03/03,,,read,,,,1,0
51295290,Memorial,Bryan Washington,"Washington, Bryan",,"=""0593087291""","=""9780593087299""",3.0,Riverhead Books,Kindle Edition,320,2020,2020,2021/03/02,2021/01/23,,,read,,,,1,0
32191748,The Unseen World,Liz    Moore,"Moore, Liz",,"=""0393354415""","=""9780393354416""",0,W. W. Norton,Paperback,451,2017,2016,,2018/01/16,,,read,,,,1,0
41015038,My Best Friend's Exorcism,Grady Hendrix,"Hendrix, Grady",,"=""""","=""""",4.0,Quirk Books,Kindle Edition,337,2016,2016,2021/02/23,2020/07/19,,,read,,,,1,0
54963163,Good Neighbors,Sarah Langan,"Langan, Sarah",,"=""1982144386""","=""9781982144388""",3.0,Atria Books,Kindle Edition,301,2021,2021,2021/02/09,2021/02/07,,,read,,,,1,0
52702097,Piranesi,Susanna Clarke,"Clarke, Susanna",,"=""""","=""""",5.0,Bloomsbury Publishing,Kindle Edition,246,2020,2020,2021/02/21,2020/12/14,,,read,,,,1,0
54018267,"Finlay Donovan Is Killing It (Finlay Donovan, #1)",Elle Cosimano,"Cosimano, Elle",,"=""""","=""""",2.0,Minotaur Books,Kindle Edition,368,2021,2021,2021/02/20,2021/02/20,,,read,,,,1,0
53398512,The Nature of Fragile Things,Susan Meissner,"Meissner, Susan",,"=""0451492188""","=""9780451492180""",0,Berkley,Hardcover,367,2021,2021,,2021/02/20,to-read,to-read (#35),to-read,,,,0,0
55081730,Fake Accounts,Lauren Oyler,"Oyler, Lauren",,"=""1948226936""","=""9781948226936""",3.0,Catapult,Kindle Edition,272,2021,2021,2021/02/10,2021/02/10,,,read,,,,2,0
54383963,The Power Couple,Alex Berenson,"Berenson, Alex",,"=""198210371X""","=""9781982103712""",4.0,Simon & Schuster,Kindle Edition,432,2021,2021,2021/02/13,2021/02/12,,,read,,,,1,0
51029834,The Invisible Life of Addie LaRue,V.E. Schwab,"Schwab, V.E.",,"=""""","=""""",3.0,Tor Books,ebook,448,2020,2020,2020/12/13,2020/12/08,,,read,,,,1,0
40099418,Everything I Know About Love,Dolly Alderton,"Alderton, Dolly",,"=""0241982103""","=""9780241982105""",5.0,Penguin Books,Paperback,358,2019,2018,,2021/02/07,,,read,,,,1,0
56787087,Trick Mirror,Jia Tolentino,"Tolentino, Jia",,"=""""","=""""",4.0,Random House,Kindle Edition,303,2019,2019,,2021/02/07,,,read,,,,1,0
49856101,Hamnet,Maggie O'Farrell,"O'Farrell, Maggie",,"=""""","=""""",5.0,Knopf,ebook,310,2020,2020,2021/02/06,2020/10/11,maybe,maybe (#1),read,,,,1,0
26042767,"The Long Way to a Small, Angry Planet (Wayfarers, #1)",Becky Chambers,"Chambers, Becky",,"=""""","=""""",3.0,Harper Voyager,Kindle Edition,423,2015,2014,2021/02/02,2020/04/27,,,read,,,,1,0
34257841,Standard Deviation,Katherine Heiny,"Heiny, Katherine",,"=""0385353820""","=""9780385353823""",3.0,Vintage,Kindle Edition,336,2017,2017,2021/02/01,2021/01/29,,,read,"Standard Deviation was hilarious. Despite being a character study versus a plot-driven book, I never lost interest. The protagonist's wife, Audra, and his son, Matthew, were deeply endearing.<br/><br/>So why did I give this book three stars? Because I couldn't get past how _unintelligent_ Heiny wrote the female characters. <br/><br/>Here are a few lines I highlighted:<br/><br/>- 'He talked to fathers about tuition costs and to mothers about cafeteria food.'<br/>- '“Yes, a hundred dollars!” she said. Then her eyes fastened on Graham. “I don’t know how he knows this stuff, he just does.”' (His assistant talking about airport baggage fees.)<br/>- 'He doubted Audra knew what fair market value meant, anyway.'<br/>- 'Out on the street, the new sandals forced Audra to walk as though her legs were short lengths of limp rope. She took Graham’s arm and they all walked very slowly. “We’re going to be late,” Matthew said worriedly. “Just fashionably late,” Audra said. “I tell you, these shoes looked so cute online! Who knew they’d be impossible to walk in?” Graham and Matthew exchanged a look—the shared knowledge that it would be wiser not to answer that.'<br/>- Last time Audra was pregnant '... she’d had a sexy dream about Anthony Hopkins very early on and she hadn’t had the dream yet. (Graham trusted this person to manage birth control; sometimes he shocked even himself.)'<br/><br/>Ugh.",,,1,0
48589362,Shuggie Bain,Douglas   Stuart,"Stuart, Douglas",,"=""""","=""""",5.0,Grove Press,Kindle Edition,449,2020,2020,2021/01/28,2021/01/04,,,read,"I read Shuggie in three hours during a sleepless night (in retrospect, it probably exacerbated my insomnia rather than curing it.) This novel is relentless. <br/><br/>The setting and situation—a crowded tenement apartment in 1980s Glasgow—is bleak when Shuggie begins, and things get bleaker. And bleaker. And bleaker. <br/><br/>If you can stand the emotional flagellation, Shuggie will reward you. The characterization is excellent; I understood each character's motivations, weaknesses, and quirks in sometimes painful clarity. The writing is intentional and strangely beautiful—strangely because so often, what's being described is ugly. There's an intimacy with poverty and addiction that rings true.<br/><br/>I agree with other reviewers: Shuggie isn't a great pick if you're struggling. But if you can bear it, you'll fall in love with this book.",,,1,0
41807132,Migrations,Charlotte McConaghy,"McConaghy, Charlotte",,"=""""","=""""",3.0,Flatiron Books,ebook,278,2020,2020,2021/01/25,2021/01/01,,,read,,,,1,0
51837291,The Office of Historical Corrections,Danielle  Evans,"Evans, Danielle",,"=""0593189469""","=""9780593189467""",5.0,Riverhead Books,Kindle Edition,225,2020,2020,2021/01/20,2021/01/18,,,read,,,,1,0
53677457,We Keep the Dead Close: A Murder at Harvard and a Half Century of Silence,Becky Cooper,"Cooper, Becky",,"=""1538746840""","=""9781538746844""",4.0,Grand Central Publishing,Kindle Edition,513,2020,2020,2021/01/18,2020/11/29,,,read,"If you enjoyed I'll Be Gone in the Dark by Michelle McNamara, We Keep The Dead Close is a brilliant campanion.<br/><br/>Like McNamara, Becky Cooper is a talented writer and journalist. She brings you with her to Harvard's campus, teeming with secrets and tradition; archaeological digs and explorations; and at one point, even Hawaii. Cooper is revisiting the places her subject, Jane Britton, once lived before her murder. Every location has echoes of Jane's past.<br/><br/>Cooper identifies strongly with Jane, but she's still enigmatic. I'd love to read a standalone memoir from Cooper—she feels like a fascinating friend who always exits the party before you’ve gotten a chance to really talk.<br/>",,,1,0
39719182,Ordinary People,Diana Evans,"Evans, Diana",,"=""1631494821""","=""9781631494826""",2.0,Liveright,Kindle Edition,333,2018,2018,2021/01/09,2021/01/03,,,read,,,,1,0
50042494,Ghosts,Dolly Alderton,"Alderton, Dolly",,"=""0241434548""","=""9780241434543""",5.0,Fig Tree,Hardcover,352,2020,2020,2021/01/02,2020/10/17,,,read,,,,1,0
54482202,"Work-from-Home Hacks: 500+ Easy Ways to Get Organized, Stay Productive, and Maintain a Work-Life Balance While Working from Home! (Life Hacks Series)",Aja Frost,"Frost, Aja",,"=""1507215592""","=""9781507215593""",5.0,Adams Media,Paperback,256,2020,,2021/01/01,2021/01/04,,,read,,,,1,0
54846475,The Thursday Murder Club,Richard Osman,"Osman, Richard",,"=""1984880977""","=""9781984880970""",4.0,Pamela Dorman Books,Kindle Edition,368,2020,2020,2021/01/02,2020/09/09,,,read,,,,1,0
49950349,Race the Sands,Sarah Beth Durst,"Durst, Sarah Beth",,"=""0062888617""","=""9780062888617""",0,Harper Voyager,Paperback,528,2020,2020,,2021/01/01,to-read,to-read (#34),to-read,,,,0,0
50065605,The Mercies,Kiran Millwood Hargrave,"Hargrave, Kiran Millwood",,"=""""","=""""",4.0,"Little, Brown and Company",ebook,345,2020,2020,2020/12/28,2020/02/13,,,read,,,,1,0
51457980,True Story,Kate Reed Petty,"Petty, Kate Reed",,"=""1984877690""","=""9781984877697""",4.0,Penguin Books,Kindle Edition,336,2020,2020,2020/12/26,2020/12/23,,,read,,,,1,0
52593527,The Holloway Guide to Remote Work,Katie Womersley,"Womersley, Katie","Juan Pablo Buriticá, Haley S. Anderson, Paul Maplesden, Paul  Millerd, Courtney Nash, Steph Smith","=""""","=""""",5.0,Holloway,ebook,330,2020,2020,,2020/12/26,best-books-on-remote-work,best-books-on-remote-work (#1),read,,,,1,0
29356971,For Love,Sue Miller,"Miller, Sue",,"=""006249581X""","=""9780062495815""",3.0,Harper Perennial,Kindle Edition,353,2016,1993,2020/12/23,2020/12/21,,,read,,,,1,0
8700126,Some Girls: My Life in a Harem,Jillian Lauren,"Lauren, Jillian",,"=""1101404442""","=""9781101404447""",3.0,Penguin Group (USA),Kindle Edition,371,2010,2010,2020/12/21,2020/12/19,,,read,,,,1,0
8177569,The Senator's Wife,Sue Miller,"Miller, Sue",,"=""""","=""""",4.0,,Kindle Edition,322,,2008,2020/12/19,2020/12/13,,,read,,,,1,0
52597312,Utopia Avenue,David  Mitchell,"Mitchell, David",,"=""0812997433""","=""9780812997439""",4.0,Random House,Hardcover,574,2020,2020,,2020/12/19,,,read,,,,1,0
51498568,A Ghost in the Throat,Doireann Ní Ghríofa,"Ghríofa, Doireann Ní",,"=""1916434266""","=""9781916434264""",0,Tramp Press,Paperback,326,2020,2020,,2020/12/09,to-read,to-read (#33),to-read,,,,0,0
52922530,"Anna K: A Love Story (Anna K, #1)",Jenny    Lee,"Lee, Jenny",,"=""1250236428""","=""9781250236425""",2.0,Flatiron Books,Kindle Edition,383,2020,2020,2020/12/08,2020/11/29,,,read,,,,1,0
48990389,The Space Between Worlds (The Space Between Worlds #1),Micaiah Johnson,"Johnson, Micaiah",,"=""0593135067""","=""9780593135068""",4.0,Del Rey,Kindle Edition,322,2020,2020,2020/11/29,2020/11/01,,,read,,,,1,0
53507736,Monogamy,Sue Miller,"Miller, Sue",,"=""0062969676""","=""9780062969675""",5.0,Harper,Kindle Edition,352,2020,2020,2020/11/28,2020/11/22,,,read,,,,1,0
44300042,Radical Candor: Be a Kick-Ass Boss Without Losing Your Humanity,Kim Malone Scott,"Scott, Kim Malone",,"=""""","=""""",5.0,St. Martin's Press,ebook,272,2019,2017,2020/11/23,2020/11/11,,,read,,,,1,0
48999153,"Subtle Acts of Exclusion: How to Understand, Identify, and Stop Microaggressions",Tiffany Jana,"Jana, Tiffany",,"=""1523087072""","=""9781523087075""",5.0,Berrett-Koehler Publishers,Kindle Edition,201,2020,2020,2020/11/22,2020/10/27,,,read,,,,1,0
49235900,The All-Night Sun,Diane Zinna,"Zinna, Diane",,"=""1984854178""","=""9781984854179""",3.0,Random House,Kindle Edition,317,2020,2020,2020/11/21,2020/10/17,,,read,,,,1,0
36643582,You Me Everything,Catherine Isaac,"Isaac, Catherine",,"=""0735224544""","=""9780735224544""",2.0,Pamela Dorman Books,Kindle Edition,368,2018,2018,2020/11/15,2020/11/13,,,read,,,,1,0
36680804,This Must Be the Place,Maggie O'Farrell,"O'Farrell, Maggie",,"=""""","=""""",4.0,Vintage ,Kindle Edition,402,2016,2016,2020/11/13,2020/10/24,,,read,,,,1,0
52918279,White Ivy,Susie Yang,"Yang, Susie",,"=""1982100613""","=""9781982100612""",4.0,Simon & Schuster,Kindle Edition,368,2020,2020,2020/11/08,2020/11/04,,,read,,,,1,0
49931447,Oona Out of Order,Margarita Montimore,"Montimore, Margarita",,"=""1250236592""","=""9781250236593""",3.0,Flatiron Books,Kindle Edition,329,2020,2020,2020/11/04,2019/11/30,,,read,,,,1,0
42734244,No Hard Feelings: The Secret Power of Embracing Emotions at Work,Liz Fosslien,"Fosslien, Liz",Mollie West Duffy,"=""0525533842""","=""9780525533849""",3.0,Portfolio/Penguin,Kindle Edition,233,2019,2019,2020/10/27,2020/10/24,,,read,,,,1,0
30827125,Small Admissions,Amy Poeppel,"Poeppel, Amy",,"=""""","=""""",4.0,Atria/Emily Bestler Books,Kindle Edition,369,2016,2016,2020/10/22,2020/10/17,,,read,,,,1,0
51003468,The Roommate (Shameless #1),Rosie Danan,"Danan, Rosie",,"=""0593101618""","=""9780593101612""",4.0,Berkley,Kindle Edition,330,2020,2020,2020/10/18,2020/09/30,,,read,"I was never a big romance reader... until the pandemic. When the world feels like it's burning down around you, it turns out a light-hearted romp is exactly what you need. And <i>The Roommate</i> is no different. If you enjoyed <i>The List</i>, <The Flatshare<i/i>, <i>Evvie Drake Starts Over</i>, and/or any of Elinor Lipman's books, you'll like <i>The Roommate<i/i>.<br/><br/>Pros:<br/><br/>It was refreshing to get another take on the adult entertainment industry. The two main characters were both likeable and relatable. The sex scenes were fun and creative if completely unrealistic (but c'mon, what did you expect.)<br/><br/>Cons: <br/><br/>Predictable and wrapped up with a perfect bow. Although I'd argue these are pros if, like me, you need some frothy escapism.",,,1,0
24452249,Did You Ever Have a Family,Bill Clegg,"Clegg, Bill",,"=""1476798176""","=""9781476798172""",0,Scout Press,Hardcover,293,2015,2015,,2020/10/17,to-read,to-read (#32),to-read,,,,0,0
51005607,The End of the Day,Bill Clegg,"Clegg, Bill",,"=""1476798222""","=""9781476798226""",3.0,Gallery/Scout Press,Kindle Edition,320,2020,2020,2020/10/17,2020/10/02,,,read,,,,1,0
48560416,Stray: A Memoir,Stephanie Danler,"Danler, Stephanie",,"=""1101875976""","=""9781101875971""",3.0,Vintage,Kindle Edition,258,2020,2020,2020/10/12,2020/08/18,,,read,,,,1,0
51226935,The Margot Affair,Sanaë Lemoine,"Lemoine, Sanaë",,"=""1984854445""","=""9781984854445""",4.0,Hogarth,Kindle Edition,328,2020,2020,2020/10/09,2020/10/09,,,read,,,,1,0
24063169,The Geek Leader's Handbook: Essential Leadership Insight for People with Technical Backgrounds,Paul Glen,"Glen, Paul",Maria McManus,"=""0971246831""","=""9780971246836""",0,Leading Geeks Press,Kindle Edition,364,2014,2014,2020/10/09,2020/10/05,,,read,,,,1,0
53867504,Leave the World Behind,Rumaan Alam,"Alam, Rumaan",,"=""0062667653""","=""9780062667656""",4.0,Ecco,Kindle Edition,256,2020,2020,2020/10/08,2020/08/12,,,read,,,,1,0
52195137,Beach Read,Emily Henry,"Henry, Emily",,"=""""","=""""",3.0,Berkley,Kindle Edition,400,2020,2020,2020/10/07,2020/04/23,,,read,,,,1,0
36723241,The High Season,Judy Blundell,"Blundell, Judy",,"=""0525508716""","=""9780525508717""",3.0,Random House,Hardcover,416,2018,2018,,2020/10/03,,,read,,,,1,0
49829887,Payback: A Novel,Mary Gordon,"Gordon, Mary",,"=""1524749222""","=""9781524749224""",0,Pantheon,Hardcover,352,2020,2020,,2020/10/03,to-read,to-read (#31),to-read,,,,0,0
48836860,The Boy in the Field,Margot Livesey,"Livesey, Margot",,"=""0062946390""","=""9780062946393""",0,Harper,Hardcover,257,2020,2020,,2020/10/03,to-read,to-read (#30),to-read,,,,0,0
54194426,Kings County,David Goodwillie,"Goodwillie, David",,"=""1501192159""","=""9781501192159""",2.0,Avid Reader Press / Simon  Schuster,Kindle Edition,432,2020,2020,2020/09/24,2020/08/23,the-cape,the-cape (#3),read,,,,1,0
51046755,Long Bright River,Liz    Moore,"Moore, Liz",,"=""0525540695""","=""9780525540694""",4.0,Riverhead Books,Kindle Edition,492,2020,2020,2020/09/23,2020/01/12,,,read,,,,1,0
48566502,The Second Home,Christina Clancy,"Clancy, Christina",,"=""""","=""""",4.0,St. Martin's Press,ebook,340,2020,2020,2020/09/13,2020/09/13,,,read,,,,1,0
45835845,Adults,Emma Jane Unsworth,"Unsworth, Emma Jane",,"=""0008334595""","=""9780008334598""",4.0,The Borough Press,Hardcover,400,2020,2020,2020/09/13,2020/01/29,,,read,,,,1,0
48753829,Sea Wife,Amity Gaige,"Gaige, Amity",,"=""""","=""""",4.0,Vintage,Kindle Edition,270,2020,2020,2020/09/13,2020/05/30,,,read,,,,1,0
49201438,The Lion's Den,Katherine St. John,"John, Katherine St.",,"=""1538733641""","=""9781538733646""",4.0,Grand Central Publishing,Kindle Edition,368,2020,2020,2020/09/13,2020/09/02,,,read,,,,1,0
35443774,Rabbit: A Memoir,Patricia Williams,"Williams, Patricia",Jeannine Amber,"=""0062407325""","=""9780062407320""",5.0,Dey Street Books,Kindle Edition,243,2017,2017,2020/08/30,2020/08/23,,,read,,,,1,0
50241841,Self Care,Leigh Stein,"Stein, Leigh",,"=""0525506861""","=""9780525506867""",3.0,Penguin Books,Kindle Edition,255,2020,2020,2020/08/28,2020/08/14,the-cape,the-cape (#1),read,,,,1,0
54028168,Finding Jessica Lambert,Clare Ashton,"Ashton, Clare",,"=""""","=""""",0,self-published,Kindle Edition,436,2020,2020,,2020/08/23,the-cape,the-cape (#2),read,,,,0,0
52661162,"The Searcher (Cal Hooper, #1)",Tana French,"French, Tana",,"=""073522465X""","=""9780735224650""",0,Viking,Hardcover,451,2020,2020,,2020/08/23,to-read,to-read (#29),to-read,,,,0,0
36412963,When Katie Met Cassidy,Camille Perri,"Perri, Camille",,"=""073521283X""","=""9780735212831""",4.0,Penguin Publishing Group,Kindle Edition,264,2018,2018,2020/08/23,2020/08/22,,,read,,,,1,0
34616805,The Manager's Path: A Guide for Tech Leaders Navigating Growth and Change,Camille Fournier,"Fournier, Camille",,"=""1491973854""","=""9781491973851""",5.0,O'Reilly Media,Kindle Edition,246,2017,2017,2020/08/22,2019/03/21,,,read,,,,1,0
54295447,Impersonation,Heidi Pitlor,"Pitlor, Heidi",,"=""1643751085""","=""9781643751085""",3.0,Algonquin Books,Kindle Edition,363,2020,2020,2020/08/21,2020/08/20,,,read,,,,1,0
48716980,The Boys' Club,Erica Katz,"Katz, Erica",,"=""0062961489""","=""9780062961488""",2.0,Harper,Hardcover,416,2020,2020,,2020/08/16,,,read,,,,1,0
12842134,"Just One Year (Just One Day, #2)",Gayle Forman,"Forman, Gayle",,"=""""","=""""",1.0,Dutton Children's,ebook,336,2013,2013,,2020/08/16,,,read,,,,1,0
17623975,"Just One Day (Just One Day, #1)",Gayle Forman,"Forman, Gayle",,"=""0142422959""","=""9780142422953""",1.0,Speak,Paperback,369,2013,2013,,2020/08/15,,,read,,,,1,0
49447605,The Comeback,Ella Berman,"Berman, Ella",,"=""0593099532""","=""9780593099537""",4.0,Berkley,Kindle Edition,384,2020,2020,2020/08/15,2020/08/13,,,read,,,,1,0
51340472,The Boys' Club,Erica Katz,"Katz, Erica",,"=""""","=""""",4.0,Harper,Kindle Edition,408,2020,2020,2020/08/13,2020/08/04,,,read,,,,1,0
49100158,Luster,Raven Leilani,"Leilani, Raven",,"=""""","=""""",5.0,"Farrar, Straus and Giroux",Kindle Edition,242,2020,2020,2020/08/12,2020/07/19,,,read,"Luster is the most gripping book I've read in a long time.<br/><br/>Like other reviewers, I picked it up for a bit of casual reading—and found myself, two hours later, still in the same place, gorging myself on Raven Leilani's prose.<br/><br/>I've read other <i>unputdownable</i> books before. However, these are usually suspense/thrillers, like Gone Girl.<br/><br/>The plot isn't ""the thing"" in Luster. The plot is a vehicle for Leilani's commentary on race, class, urban life vs. suburbia, sex, sex in the workplace, sex as a stand-in for power, family dynamics, and more. Rattling that list off, you might wonder if Luster is overwhelming or didactic. It's not. These strands are woven together almost seamlessly. <br/><br/>Leilani's run-on sentences lull you to sleep and then kick you in the ribs. This book has stunning power. It's hard to believe it's a debut.",,,1,0
52237660,You Again,Debra Jo Immergut,"Immergut, Debra Jo",,"=""""","=""""",4.0,Ecco,Kindle Edition,288,2020,2020,2020/08/10,2020/07/12,,,read,,,,1,0
50162215,Mayflies,Andrew O'Hagan,"O'Hagan, Andrew",,"=""0571273688""","=""9780571273683""",0,Faber & Faber,Hardcover,288,2020,2020,,2020/08/05,to-read,to-read (#28),to-read,,,,0,0
50268796,They Wish They Were Us,Jessica  Goodman,"Goodman, Jessica",,"=""0593114302""","=""9780593114308""",3.0,Penguin USA,Kindle Edition,336,2020,2020,2020/08/05,2020/08/04,,,read,,,,1,0
18104725,The Almost Nearly Perfect People: Behind the Myth of the Scandinavian Utopia,Michael Booth,"Booth, Michael",,"=""0224089625""","=""9780224089623""",4.0,Jonathan Cape,Paperback,416,2014,2014,,2020/08/04,,,read,,,,1,0
48914611,Musical Chairs,Amy Poeppel,"Poeppel, Amy",,"=""1501176439""","=""9781501176432""",4.0,Atria/Emily Bestler Books,Kindle Edition,416,2020,2020,2020/07/28,2020/07/25,,,read,,,,1,0
8515497,Carrie Pilby,Caren Lissner,"Lissner, Caren",,"=""1426859961""","=""9781426859960""",3.0,Harlequin Teen,Kindle Edition,298,2010,2003,2020/07/25,2020/07/21,,,read,,,,1,0
52348961,Scenes of a Graphic Nature,Caroline O'Donoghue,"O'Donoghue, Caroline",,"=""0349009945""","=""9780349009940""",0,Virago Press,Hardcover,352,2020,2020,,2020/07/19,to-read,to-read (#27),to-read,,,,0,0
132995,The Foreign Student,Susan Choi,"Choi, Susan",,"=""0060929278""","=""9780060929275""",0,Harper Perennial,Paperback,336,1999,1998,,2020/07/19,to-read,to-read (#26),to-read,,,,0,0
24612118,Fates and Furies,Lauren Groff,"Groff, Lauren",,"=""1594634475""","=""9781594634475""",4.0,Riverhead Books,Hardcover,390,2015,2015,,2020/07/19,,,read,,,,1,0
22749750,The Turner House,Angela Flournoy,"Flournoy, Angela",,"=""0544303164""","=""9780544303164""",0,Houghton Mifflin Harcourt,Hardcover,341,2015,2015,,2020/07/19,to-read,to-read (#25),to-read,,,,0,0
48912823,Want,Lynn Steger Strong,"Strong, Lynn Steger",,"=""1250247535""","=""9781250247537""",4.0,Henry Holt and Co.,Kindle Edition,224,2020,2020,2020/07/18,2020/05/22,,,read,,,,1,0
50130587,Becoming Duchess Goldblatt,Duchess Goldblatt,"Goldblatt, Duchess",,"=""035821677X""","=""9780358216773""",5.0,Houghton Mifflin Harcourt,Hardcover,240,2020,2020,2020/01/01,2020/07/08,,,read,,,,1,0
44074800,The Southern Book Club's Guide to Slaying Vampires,Grady Hendrix,"Hendrix, Grady",,"=""""","=""""",5.0,Quirk Books,Kindle Edition,410,2020,2020,2020/07/15,2020/07/03,,,read,,,,1,0
52656911,The Guest List,Lucy Foley,"Foley, Lucy",,"=""""","=""""",3.0,William Morrow,Kindle Edition,319,2020,2020,2020/07/14,2020/07/06,,,read,,,,1,0
43452893,Children of the Land,Marcelo Hernández Castillo,"Castillo, Marcelo Hernández",,"=""0062825607""","=""9780062825605""",0,Harper,ebook,384,2020,2020,,2020/07/14,to-read,to-read (#24),to-read,,,,0,0
50491300,Friends and Strangers,J. Courtney Sullivan,"Sullivan, J. Courtney",,"=""0525520600""","=""9780525520603""",3.0,Knopf,Kindle Edition,416,2020,2020,2020/07/11,2020/05/14,,,read,,,,1,0
51907346,All Adults Here,Emma Straub,"Straub, Emma",,"=""1594634696""","=""9781594634697""",4.0,Riverhead Books,Hardcover,356,2020,2020,2020/07/06,2020/01/07,,,read,,,,1,0
50408097,Exciting Times,Naoise Dolan,"Dolan, Naoise",,"=""0062968777""","=""9780062968777""",5.0,Ecco,Kindle Edition,247,2020,2020,2020/06/28,2020/05/16,,,read,,,,1,0
52195151,The Vanishing Half,Brit Bennett,"Bennett, Brit",,"=""""","=""""",5.0,Riverhead Books,Kindle Edition,350,2020,2020,2020/06/23,2020/04/11,,,read,,,,1,0
52595434,"The Groom Will Keep His Name: And Other Vows I've Made About Race, Resistance, and Romance",Matt Ortile,"Ortile, Matt",,"=""1541762797""","=""9781541762794""",0,Bold Type Books,Paperback,336,2020,2020,,2020/06/19,to-read,to-read (#23),to-read,,,,0,0
43209291,Akin,Emma Donoghue,"Donoghue, Emma",,"=""""","=""""",3.0,"Little, Brown and Company",Hardcover,352,2019,2019,2020/06/13,2020/04/16,requested-from-hubs,requested-from-hubs (#5),read,"I loved *Room*, so I was excited for *Akin*—although the book blurb told me this was going to be a different type of read.<br/><br/>Unfortunately, *Akin* was nowhere near as compelling. I found myself frequently rolling my eyes at the complaints and stodginess of the near-octogenarian (he's 79 for a few more weeks) Noah. He half-volunteers, half-capitulates to a trip to Nice, France, with his 11-year-old grand-nephew, Michael. The boy is from a dangerous neighborhood in Harlem, as we're reminded many, many times.<br/><br/>As one can imagine, the pair doesn't get along famously. Generational and class disparities cause sparks to fly, exacerbated by the cultural differences between the States and France. Of course, the boy eventually causes the old man's heart to melt, yadi yadi ya... Despite the predictability of this plot line, it was the only part I was interested by. There's an awkward sub-plot about Noah's mother (was she a Nazi informant or a hero of the Resistance?) as well as another, equally awkward, sub-plot about Mike's mom (is she a martyr or a drug addict?) <br/><br/>It felt like a fever dream where NCIS meets All the Light We Cannot See meets A Man Called Ove.",,,1,0
48668176,The Body Politic,Brian Platzer,"Platzer, Brian",,"=""1501180797""","=""9781501180798""",4.0,Atria Books,Kindle Edition,320,2020,2020,2020/06/02,2020/06/02,,,read,"The Body Politic has all the ingredients of a novel I typically love: set in modern-day Manhattan, character-driven, morally ambiguous, and elegantly written.<br/><br/>Needless to say, I had high expectations. This book fulfilled them.<br/><br/>It never lost my attention; in fact, I only became more engrossed as I was pulled deeper into the fortunes (and misfortunes!) of the four friends. I saw myself in all of them—I think most readers will. <br/><br/>As other reviewers have noted, The Body Politic can be tough to read, especially as our nation battles a pandemic, racial injustice, and widespread class tension. It's like facing yourself in the mirror after a rough night. Not fun, but necessary.<br/><br/>4.5/5 stars",,,1,0
52141950,The Cactus League,Emily Nemens,"Nemens, Emily",,"=""0374720495""","=""9780374720490""",4.0,"Farrar, Straus and Giroux",Kindle Edition,276,2020,2020,2020/06/08,2020/06/08,,,read,,,,1,0
299448,Secret Ingredients: The New Yorker Book of Food and Drink,David Remnick,"Remnick, David",,"=""140006547X""","=""9781400065479""",0,Random House,Hardcover,582,2007,1976,,2020/05/31,to-read,to-read (#22),to-read,,,,0,0
41817481,Underland: A Deep Time Journey,Robert Macfarlane,"Macfarlane, Robert",,"=""0393242145""","=""9780393242140""",0,W.W. Norton & Company,Hardcover,496,2019,2019,,2020/05/31,to-read,to-read (#21),to-read,,,,0,0
49047235,Summer Darlings,Brooke Lea  Foster,"Foster, Brooke Lea",,"=""1982115041""","=""9781982115043""",3.0,Gallery Books,Kindle Edition,368,2020,2020,2020/05/27,2020/05/14,,,read,,,,1,0
41948137,I'll Be Gone in the Dark: One Woman's Obsessive Search for the Golden State Killer – A #1 NYT Bestselling Serial Killer Investigation,Michelle McNamara,"McNamara, Michelle","Patton Oswalt, Gillian Flynn","=""0062916319""","=""9780062916310""",5.0,Harper Perennial,Kindle Edition,384,2019,2018,2020/05/27,2020/05/27,,,read,,,,1,0
38734171,"Billion Dollar Whale: The Man Who Fooled Wall Street, Hollywood, and the World",Tom         Wright,"Wright, Tom",Bradley Hope,"=""0316436488""","=""9780316436489""",4.0,Grand Central Publishing,Kindle Edition,400,2018,2018,2020/05/22,2020/05/22,,,read,,,,1,0
50045075,The Knockout Queen,Rufi Thorpe,"Thorpe, Rufi",,"=""0525656790""","=""9780525656791""",5.0,Knopf,Kindle Edition,288,2020,2020,2020/05/17,2020/02/23,,,read,,,,1,0
38251249,Bowlaway,Elizabeth McCracken,"McCracken, Elizabeth",,"=""0062862871""","=""9780062862877""",0,Ecco,ebook,384,2019,2019,,2020/05/16,to-read,to-read (#20),to-read,,,,0,0
48669113,If I Had Your Face,Frances Cha,"Cha, Frances",,"=""0593129474""","=""9780593129470""",4.0,Ballantine Books,Kindle Edition,290,2020,2020,2020/05/15,2020/04/27,,,read,,,,1,0
45892237,St. Ivo,Joanna Hershon,"Hershon, Joanna",,"=""0374268142""","=""9780374268145""",0,"Farrar, Straus and Giroux",Hardcover,224,2020,2020,,2020/05/15,to-read,to-read (#19),to-read,,,,0,0
11700333,Swimming Home,Deborah Levy,"Levy, Deborah",,"=""1908276029""","=""9781908276025""",0,And Other Stories,Paperback,165,2011,2011,,2020/05/13,to-read,to-read (#18),to-read,,,,0,0
49078967,Big Summer,Jennifer Weiner,"Weiner, Jennifer",,"=""1501133535""","=""9781501133534""",0,Atria Books,Kindle Edition,364,2020,2020,2020/05/11,2020/05/03,,,read,,,,1,0
29522543,The Guineveres,Sarah Domet,"Domet, Sarah",,"=""1250086604""","=""9781250086600""",3.0,Flatiron Books,Kindle Edition,352,2016,2016,2020/05/02,2020/04/18,requested-from-hubs,requested-from-hubs (#4),read,,,,1,0
51057928,Perfect Tunes,Emily Gould,"Gould, Emily",,"=""1501197517""","=""9781501197512""",3.0,Avid Reader Press,Kindle Edition,288,2020,2020,2020/05/01,2020/02/23,,,read,,,,1,0
12168274,"Towards Zero (Superintendent Battle, #5)",Agatha Christie,"Christie, Agatha",,"=""""","=""""",4.0,William Morrow ,Kindle Edition,259,2010,1944,2020/05/01,2020/05/01,,,read,,,,1,0
46219178,Little Secrets,Jennifer Hillier,"Hillier, Jennifer",,"=""1250154243""","=""9781250154248""",1.0,Minotaur Books,Kindle Edition,338,2020,2020,2020/04/26,2020/04/19,,,read,,,,1,0
36685039,Dinner at the Homesick Restaurant,Anne Tyler,"Tyler, Anne",,"=""""","=""""",5.0,Vintage,Kindle Edition,338,2011,1982,2020/04/26,2020/04/26,,,read,,,,1,0
52194898,No Filter: The Inside Story of Instagram,Sarah Frier,"Frier, Sarah",,"=""1982126825""","=""9781982126827""",4.0,Simon & Schuster,Kindle Edition,352,2020,2020,2020/04/19,2020/01/13,,,read,,,,1,0
49218727,After Elias,Eddy Boudel Tan,"Tan, Eddy Boudel",,"=""1459746422""","=""9781459746428""",0,Dundurn Press,Paperback,296,2020,2020,,2020/04/19,to-read,to-read (#17),to-read,,,,0,0
33396171,"All Systems Red (The Murderbot Diaries, #1)",Martha Wells,"Wells, Martha",,"=""""","=""""",4.0,Tordotcom,ebook,156,2017,2017,2020/04/19,2019/02/18,,,read,,,,1,0
50088631,Hidden Valley Road: Inside the Mind of an American Family,Robert Kolker,"Kolker, Robert",,"=""038554376X""","=""9780385543767""",0,Doubleday ,Hardcover,377,2020,2020,,2020/04/05,"to-read, requested-from-hubs","to-read (#16), requested-from-hubs (#6)",to-read,,,,0,0
43175254,Disappearing Earth,Julia  Phillips,"Phillips, Julia",,"=""""","=""""",5.0,Knopf,ebook,272,2019,2019,2020/04/18,2020/04/18,,,read,"It's always a little nerve-wracking to read a book that's gotten overwhelmingly positive critical acclaim—most readers have been let down by glowing reviews before.<br/><br/><i>Disappearing Earth</i> deserves the hype. <br/><br/>The first chapter did nothing to ease my anxiety; the language was evocative and beautiful (a constant throughout) but the plot had undertones of <i>Gone Girl</i>. Fortunately, the airport thriller vibes vanished—ha—in Chapter Two. This book might begin with the abduction of two girls, but it's really about the interconnected lives of the residents of Petropavlovsk, in Kamchatka Krai, Russia. <br/><br/>Before <i>Disappearing Earth</i>, I knew nothing about Kamchatka, let alone Petropavlovsk. Phillips paints a wonderfully layered picture of a region divided by tensions between modernity and tradition, indigeneity and inheritance.<br/><br/>Switching narrators every chapter was a little jarring, at first, and I had to flip back frequently to the catalogue of characters. Midway through the book, however, I started recognizing people from mentions in earlier sections. The initial confusion is worth the pay-off of the intricate web of relationships, and Phillips does an excellent job giving each narrator a distinct voice.<br/><br/><i>Disappearing Earth</i>'s length belies its punch. This book will stay with me a long time.",,,1,0
408837,The Pleasing Hour,Lily King,"King, Lily",,"=""0743201647""","=""9780743201643""",4.0,Scribner,Paperback,256,2000,1999,2020/04/16,2020/04/18,,,read,,,,1,0
45999201,The Glass Hotel,Emily St. John Mandel,"Mandel, Emily St. John",,"=""0525521151""","=""9780525521150""",5.0,Alfred A. Knopf,Kindle Edition,302,2020,2020,2020/04/11,2020/03/07,,,read,,,,1,0
41571753,Open Book,Jessica Simpson,"Simpson, Jessica",Kevin Carr O'Leary,"=""""","=""""",3.0,Dey Street Books,Hardcover,416,2020,2020,2020/04/08,2020/04/04,,,read,"Update:<br/><br/>After reading some of Open Book's glowing reviews, I decided to give this a second chance.<br/><br/>What I liked:<br/><br/>- Simpson's honesty: This reads like a classic addiction memoir; she's holding nothing back. <br/>- The pace: It moves fairly quickly, going from her childhood as an aspiring star to one of the biggest names on Earth in just ten or so chapters.<br/><br/>What I didn't like:<br/><br/>- The language: My initial take (VV) still feels pretty accurate.<br/><br/>I know lots of people who aren't typical celebrity memoir readers really liked Open Book, but I'd steer you away unless you're a big fan of Simpson's and/or a pop culture fanatic.<br/><br/>Original review:<br/><br/>I couldn’t get past the first chapter. This was SO poorly written—it’s like Simpson spoke her thoughts into an recorder and then published them wholesale. <br/><br/>There’s zero trace of an editor, which means we get lots of abrupt transitions, total non sequiturs, and clunky sentences.",,,1,0
53011908,"Catch and Kill: Lies, Spies, and a Conspiracy to Protect Predators",Ronan Farrow,"Farrow, Ronan",,"=""0316486639""","=""9780316486637""",4.0,"Little, Brown and Company",Hardcover,448,2019,2019,2019/11/01,2019/11/03,,,read,,,,2,0
52973514,Days of Distraction,Alexandra Chang,"Chang, Alexandra",,"=""0062951807""","=""9780062951809""",0,HarperCollins,Hardcover,312,2020,2020,,2020/03/31,to-read,to-read (#15),to-read,,,,0,0
23453112,Modern Romance,Aziz Ansari,"Ansari, Aziz",Eric Klinenberg,"=""1594206279""","=""9781594206276""",0,Penguin Press,Hardcover,279,2015,2015,,2020/04/05,,,read,,,,1,0
22032840,Euphoria,Lily King,"King, Lily",,"=""""","=""""",0,Atlantic Monthly Press,Kindle Edition,268,2014,2014,,2020/04/05,,,read,,,,1,0
52656899,The Herd,Andrea Bartz,"Bartz, Andrea",,"=""""","=""""",2.0,Ballantine Books,ebook,304,2020,2020,2020/04/04,2019/11/19,,,read,,,,1,0
51117957,Whistleblower: My Journey to Silicon Valley and Fight for Justice at Uber,Susan Fowler,"Fowler, Susan",,"=""0525560130""","=""9780525560135""",5.0,Viking,Kindle Edition,288,2020,2020,2020/04/02,2020/04/02,,,read,,,,1,0
45865963,My Dark Vanessa,Kate Elizabeth Russell,"Russell, Kate Elizabeth",,"=""0062941526""","=""9780062941527""",3.0,William Morrow,Kindle Edition,395,2020,2020,2020/03/29,2020/03/15,requested-from-hubs,requested-from-hubs (#1),read,,,,1,0
41393171,The Flatshare,Beth O'Leary,"O'Leary, Beth",,"=""1250295645""","=""9781250295644""",3.0,Flatiron Books,Kindle Edition,400,2019,2019,2020/03/16,2020/01/12,,,read,,,,1,0
45416895,The Truants,Kate Weinberg,"Weinberg, Kate",,"=""0525541985""","=""9780525541981""",4.0,G.P. Putnam's Sons,Kindle Edition,319,2020,2019,2020/03/29,2019/09/12,,,read,,,,1,0
46252619,A Good Neighborhood,Therese Anne Fowler,"Fowler, Therese Anne",,"=""1250237289""","=""9781250237286""",2.0,St. Martin's Press,Kindle Edition,328,2020,2020,2020/03/28,2020/03/07,,,read,,,,1,0
45289222,Writers & Lovers,Lily King,"King, Lily",,"=""""","=""""",5.0,Grove Press,Hardcover,320,2020,2020,2020/03/25,2020/01/12,,,read,,,,1,0
42080142,The Turn of the Key,Ruth Ware,"Ware, Ruth",,"=""1501188771""","=""9781501188770""",3.0,Scout Press,Hardcover,337,2019,2019,2020/01/19,2019/08/24,,,read,"I keep reading books like this (The Silent Patient, The Girl On the Train, etc.) in hopes of finding another <i>Gone Girl</i>, which boasted an electrifying twist, solid writing, and even some social commentary.<br/><br/>Well, <i>Gone Girl</i> this was not—and it might be the last one of its kind I read, until Gillian Flynn writes another book.<br/><br/>The protagonist had zero personality. Somehow, they never do; they're characterized by their paranoia, dread, bad decisions and secrets, etc. It was hard to root for someone I didn't care about.<br/><br/>There were also cliches everywhere you looked, from the lecherous husband, beautiful, slim, distracted wife, hot gardener/chauffeur, protective yet good-hearted caretaker, and bratty teenage daughter. <br/><br/>There was a twist (of course, why else would you read this?) but I wouldn't call it electrifying.<br/><br/>None of this is exactly the book's fault. I'm chalking it up to the genre, which is why I'm giving it a relatively generous three stars.",,,1,0
23995336,The Tsar of Love and Techno,Anthony Marra,"Marra, Anthony",,"=""0770436439""","=""9780770436438""",0,Hogarth,Hardcover,332,2015,2015,,2018/01/22,,,read,,,,1,0
25667449,The Lonely City: Adventures in the Art of Being Alone,Olivia Laing,"Laing, Olivia",,"=""1250039576""","=""9781250039576""",4.0,Picador,Hardcover,336,2016,2016,,2016/12/27,,,read,,,,1,0
44149572,Uneasy Street: The Anxieties of Affluence,Rachel Sherman,"Sherman, Rachel",,"=""0691195161""","=""9780691195162""",4.0,Princeton University Press,Kindle Edition,325,2019,2017,2020/02/26,2020/01/05,,,read,,,,1,0
31429678,The Leavers,Lisa Ko,"Ko, Lisa",,"=""1616207132""","=""9781616207137""",5.0,Algonquin Books,Kindle Edition,352,2017,2017,2020/02/24,2019/11/27,,,read,,,,1,0
37569327,Good Riddance,Elinor Lipman,"Lipman, Elinor",,"=""0544808258""","=""9780544808256""",0,Harper,Hardcover,290,2019,2019,2020/01/24,2020/02/24,,,read,,,,2,0
215776,The Bay of Noon,Shirley Hazzard,"Hazzard, Shirley",,"=""0312422873""","=""9780312422875""",0,Picador,Paperback,181,2003,1970,,2020/02/23,to-read,to-read (#14),to-read,,,,0,0
22822858,A Little Life,Hanya Yanagihara,"Yanagihara, Hanya",,"=""0385539258""","=""9780385539258""",4.0,Doubleday,Hardcover,736,2015,2015,,2020/01/11,,,read,,,,1,0
34834241,L'Appart: The Delights and Disasters of Making My Paris Home,David Lebovitz,"Lebovitz, David",,"=""0804188394""","=""9780804188395""",4.0,Crown,Kindle Edition,370,2018,2017,2020/02/17,2020/02/17,,,read,"For someone who, on paper, is incredibly fortunate—he lives in Paris with a wonderful partner, has many best-selling cookbooks and an incredibly popular blog, and eats delicious French food and pastries every single day—David Lebovitz sure has some rotten luck.<br/><br/><i>L'appart</i> is a sometimes amusing, always frustrating tale of Lebovitz's year-long-plus renovation. It's a great window into the French soul as well as a successful anti-tourism campaign. It probably didn't make sense to read this book before his <i>Sweet Life in Paris</i>, because I'm not exactly enthusiastic about a trip to France right now. :)<br/><br/>As others have mentioned, there's a lot of repetition (which always makes me wonder if it was put in deliberately for those who leave a book on their nightstand table and read approximately a chapter a week). I strongly believe you should write for your devoted readers, not your occasional dalliances. But maybe it was unintentional, in which case, that's sloppy editing.<br/><br/>Nonetheless, I still found <i>L'appart</i> revealing and entertaining. If you've lived in France, want to live in France, or live with someone who's lived in France, pick this one up.",,,1,0
38233174,On Turpentine Lane,Elinor Lipman,"Lipman, Elinor",,"=""""","=""""",3.0,Mariner Books,Kindle Edition,320,2017,2017,2020/02/14,2020/02/14,,,read,"I've been on an Elinor Lipman binge lately, and while <i>Turpentine Lane</i> is just as charming, fun, and low-stakes as Lipman's other books, I'm starting to get diminishing returns.<br/><br/>Every book has the same heroine, although the surface details change. She's quirky, funny, close with her family, a little lonely—and she usually lives within close proximity of an attractive man (sometimes he lives with her, as in <i>Turpentine</i>, sometimes he lives across the hall.) I love this heroine, but I'd love to meet another protagonist, too.<br/><br/>I was also uninterested in the house/murder/mystery sub-plot and found myself plodding through those pages.<br/><br/>If this is your first Lipman, you'll enjoy it, but if it's your sixth (ahem), I'd skip it.",,,1,0
43800177,Followers,Megan Angelo,"Angelo, Megan",,"=""1488051291""","=""9781488051296""",3.0,Graydon House,Kindle Edition,398,2020,2020,2020/02/10,2019/11/19,,,read,,,,1,0
34555464,Seven Days of Us,Francesca Hornak,"Hornak, Francesca",,"=""0451488776""","=""9780451488770""",4.0,Berkley,Kindle Edition,368,2017,2017,2020/02/08,2020/02/08,,,read,,,,1,0
42552620,The Floating Feldmans,Elyssa Friedland,"Friedland, Elyssa",,"=""0399586903""","=""9780399586903""",3.0,Penguin Publishing Group,Kindle Edition,368,2019,2019,2020/02/04,2020/02/04,,,read,,,,1,0
19048697,The Inn at Lake Devine (Vintage Contemporaries),Elinor Lipman,"Lipman, Elinor",,"=""""","=""""",4.0,Vintage,Kindle Edition,324,2012,1998,2020/02/01,2020/02/01,,,read,,,,1,0
24233708,"An Absolutely Remarkable Thing (The Carls, #1)",Hank Green,"Green, Hank",,"=""1524743453""","=""9781524743451""",3.0,Dutton,Kindle Edition,343,2018,2018,2020/01/29,2020/01/29,,,read,,,,1,0
38085814,The Salt Path,Raynor Winn,"Winn, Raynor",,"=""0241349648""","=""9780241349649""",0,Michael Joseph,Hardcover,288,2018,2018,,2020/01/26,to-read,to-read (#13),to-read,,,,0,0
46136224,Uncanny Valley,Anna Wiener,"Wiener, Anna",,"=""0374719764""","=""9780374719760""",4.0,MCD,Kindle Edition,290,2020,2020,2020/01/26,2020/01/02,,,read,,,,1,0
40916358,Burn the Place: A Memoir,Iliana Regan,"Regan, Iliana",,"=""1572842679""","=""9781572842670""",0,Agate Midway,Hardcover,250,2019,2019,,2020/01/23,to-read,to-read (#12),to-read,,,,0,0
45415035,The Body in Question,Jill Ciment,"Ciment, Jill",,"=""1524747998""","=""9781524747992""",5.0,Pantheon,Kindle Edition,192,2019,2019,2020/01/22,2020/01/05,,,read,,,,1,0
18914754,The View From Penthouse B,Elinor Lipman,"Lipman, Elinor",,"=""""","=""""",4.0,Harper,Kindle Edition,269,2013,2013,2020/01/22,2020/01/22,,,read,,,,1,0
39926661,Unmarriageable,Soniah Kamal,"Kamal, Soniah",,"=""1524799726""","=""9781524799724""",4.0,Ballantine Books,Kindle Edition,352,2019,2019,2020/01/19,2020/01/19,,,read,"What a charming book! If you're a fan of <i>Pride and Prejudice</i>, you'll appreciate <i>Unmarriageable</i>. All of the recognizable characters and plot points are there, but they've been transformed into Pakistani equivalents. Even the names are refracted versions of Austen's: Elizabeth, Jane, Mary, Kitty, and Lydia Bennet become Alys, Jena, Mari, Qitty, and Lady Binat; Charlotte Lucas becomes Sherry Looclus, etc.<br/><br/>It was fascinating to learn more about modern-day Pakistan, from cultural norms, expectations around marriage and lifestyle, to food, clothes, careers, and more. Soniah Kamal, by way of the heroine Alys, seems to have a complicated relationship with her country: she both loves and is frustrated by it. This is especially clear in Aly's (many) political rants and sassy t-shirts.<br/><br/>While I appreciated the commentary and literary references, Kamal shoehorned Austen references in a few too many times. The transformation would have been more effective if it was subtler. Austen enthusiasts will recognize the clues regardless, and less devoted readers will find the name-dropping tedious.<br/><br/>I also wish Kamal had taken a few more liberties with the text. I felt her trying to stay true to all the pivotal scenes and dialogue, but sometimes it felt like a huge stretch. <br/><br/>These are fairly minor quibbles, and I'd definitely encourage you to read this book book regardless. You should also check out Curtis Sittenfield's <i>Eligible</i>, another fun retelling of Austen's masterpiece.",,,1,0
43517590,All This Could Be Yours: A Searing Southern Family Drama About Confronting Bad Men and Toxic Legacy,Jami Attenberg,"Attenberg, Jami",,"=""054482427X""","=""9780544824270""",4.0,Ecco,Kindle Edition,240,2019,2019,2020/01/12,2020/01/12,,,read,,,,1,0
43261201,Billion Dollar Fantasy: The High-Stakes Game Between FanDuel and DraftKings That Upended Sports in America,Albert Chen,"Chen, Albert",,"=""0544911148""","=""9780544911147""",4.0,Mariner Books,Hardcover,304,2019,,2020/01/12,2020/01/11,,,read,"Rating: 3.5<br/><br/>I have zero interest in sports, let alone fantasy games. But this book fascinated me nonetheless. <br/><br/>It spans the beginning of the (modern) daily fantasy sports landscape to the present, starting with the founding of FanDuel in Scotland and DraftKings in Boston, moving through their early challenges battling each other for market share, then detailing the intense legal and regulatory battles they had to fight with seemingly every state in the country.<br/><br/>The first half of the book is far more enjoyable than the second; I think Chen was most comfortable with the founder-driven narrative, which he had to abandon when he got to the legal stuff. I was <i>most</i> interested in this part of the book, but found myself trudging through it. <br/><br/>Chen also introduces a ton of people, to his detriment. Some minor characters were interesting—I can see why he wanted to include them—but don't add much to the overall picture and ultimately, confuse the reader with an abundance of names and backstories.<br/><br/>Some of the writing is, frankly, lazy. The FanDuel founders are described as the ""nerds from Britain"" approximately 15 times. The DraftKing founders are meanwhile reduced to ""frat boys."" While it's helpful to have shorthand for the central groups (especially because we're dealing with a ton of people, as mentioned above), there are subtler, more creative options.<br/><br/>All in all, if you were one of the hundreds of millions of Americans who couldn't watch TV or go to work without seeing an ad for one of these platforms, you're interested in the ascendancy and challenges of a nascent industry, and/or you're waiting for the next Michael Lewis book to come out, give Billion Dollar Fantasy a go.",,,1,0
36519034,American Spy,Lauren Wilkinson,"Wilkinson, Lauren",,"=""0812998960""","=""9780812998962""",3.0,Random House,Kindle Edition,292,2019,2019,2020/01/11,2020/01/11,,,read,"I struggled to finish American Spy. The lovely cover and unique premise drew me in, but unfortunately, the book was brought down by clunky writing, over-reliance on exposition, and poor pacing.<br/><br/>I didn’t feel like I cared about, or really even knew, the main character. I also didn’t believe her relationships with the other main characters or understand anyone’s primary motivations.<br/><br/>Would give this one a pass.",,,1,0
45163258,Such a Fun Age,Kiley Reid,"Reid, Kiley",,"=""0525541926""","=""""",3.0,G.P. Putnam's Sons,Kindle Edition,320,2019,2019,2020/01/05,2019/11/22,,,read,"Rating: 3.25 stars<br/><br/>Like many other reviewers, I devoured Such a Fun Age. I started reading it around 6 p.m. and didn't put it down until I'd finished at 10.<br/><br/>Feeling compelled to read a book is always great, but I'm less sure if this one passes the mark in other ways: characterization, believability, etc. <br/><br/>There's an intensely detailed yet hard-to-believe subplot involving the main romantic interest, Kelley, and Alix, the protagonist's employer. It felt really, really thin. The more I think about it, the more confused and skeptical I become. Unfortunately, this subplot ends up anchoring the entire book. <br/><br/>The relationship between Kelley and the heroine, Emira, is similarly flimsy. Emira is awesome. We know because Alix is obsessed with her, Alix's daughter Briar is obsessed with her, and Kelley is obsessed with her. Plus Emira has an epic scene early in the book that made <i>me</i> obsessed with her. <br/><br/>But why does Emira like Kelley, who's lame and a little creepy—not to mention sets off Emira's alarm bells several times when they first meet? I'm not sure, because it's never convincingly explained. We just know she feels ""adult"" around him. Because he lets her stay over at his apartment. <br/><br/>There are several other non-believable relationships and plots I won't go into here, for those who want to read the book regardless. And I would recommend you do: it's sure to be a hot talking point and book club choice. And like I said, I raced through it. Just don't expect a book that holds together when you start reflecting on it.",,,1,0
36336614,The Little Book of Common Sense Investing: The Only Way to Guarantee Your Fair Share of Stock Market Returns (Little Books. Big Profits),John C. Bogle,"Bogle, John C.",,"=""""","=""""",4.0,Wiley,Kindle Edition,287,2017,2007,2020/01/05,2020/01/05,,,read,"3.5 stars.<br/><br/>Halfway through this book (and on vacation, no less!) I dropped what I was doing to navigate through Vanguard's extremely unfriendly interface and buy a low-fee index fund that tracks the market. That is to say: Bogle effectively makes his case.<br/><br/>But as others have pointed out, he makes his case <i>too many times</i>. This book reads extremely defensively, like someone told Bogle you won't believe him unless he proves his point in a thousand slightly different ways, with a thousand slightly different examples. It was too much for me; I started rolling my eyes whenever I could see him leading up to his ""misguided investment X"" versus the ""all-mighty, will-never-fail-you low-cost index fund.""<br/><br/>Here's what I'm taking away from The Little Book of Common Sense Investing (which could be littler...):<br/><br/>- Investing is a zero-sum game. If one investor wins, another loses. It's better to own the whole pie than duke it out for slices.<br/>- Reversion to the mean (RTM) means picking a mutual fund based on past experience is foolhardy.<br/>- Reduce as many ""unnecessary"" investment-related costs as necessary, e.g. sales load, commission fees, buying and selling costs, etc. These costs have a huge impact on your lifetime ROI, thanks to...<br/>- The magic of compounding interest. Okay, I didn't need Bogle to teach me about this, but his premise rests on the investor's ability (both financially and mentally) to buy and hold. In the long run, this leads to $$$$$$.<br/><br/>If you want to be convinced yourself, read this book. If you need a reason to stay away from cryptocurrency, buying and selling individual stocks, trying to predict the next recession, etc., read this book. If you're happy with the summary above and can find your way to a low-cost index fund, skip it.",,,1,0
34603596,The Golden State,Lydia Kiesling,"Kiesling, Lydia",,"=""""","=""""",4.0,MCD,Hardcover,304,2018,2018,,2020/01/05,,,read,"There are many cliche ways to describe this book—""raw,"" ""unflinchingly honest,"" ""brave,"" etc., etc.—but that would be a waste, because The Golden State is anything but cliche.<br/><br/>It's written stream-of-consciousness, which is a bold choice, especially since most of Daphne's attention is spent on the mundane aspects of motherhood: feeding her daughter, Honey, entertaining Honey, keeping Honey reasonably clean, and so on. But that's the point. Daphne can't escape motherhood anymore than you can. No book has made me feel so deeply the stuff <i>in between</i> the highs and lows of having a child.<br/><br/>The Golden State also touches on some interesting, timely themes, like Islamophobia, populism, and corruption/bureaucracy/the general uselessness of modern academia. That sounds like a lot, but these ideas are woven in quite deftly. I was surprised to learn this was Kiesling's first novel because it showed a lot of control and maturity. <br/><br/>If you're interested in reading about modern motherhood, I'd recommend this book.<br/><br/>",,,2,0
40514431,Evvie Drake Starts Over,Linda  Holmes,"Holmes, Linda",,"=""0525619240""","=""9780525619246""",4.0,Ballantine Books,Hardcover,289,2019,2019,2020/01/02,2020/01/03,,,read,"I went into Evvie Drake with fairly low expectations and ended up <i>loving</i> it! <br/><br/>While it's fairly predictable, I didn't mind, because I enjoyed Evvie's personality so much. She's got a great dynamic with the love interest, Dean, as well as the other people in her life (her best friend, Andy; her dead dad; even Andy's girlfriend Monica). <br/><br/>If you're looking for a heartwarming, funny book that has more substance than the average romance, pick this up.",,,2,0
43263520,The Grace Year,Kim Liggett,"Liggett, Kim",,"=""1250145449""","=""9781250145444""",2.0,Wednesday Books,Hardcover,416,2019,2019,2020/01/02,2020/01/03,,,read,"Like others, I was excited by The Grace Year's premise. Feminist, dystopian, with a strong-willed character and the promise of a society-wide conspiracy... What's not to like?<br/><br/>Unfortunately, I found myself sprinting through this book just to discover what happened and get it over with. The characters' motivations aren't believable, which makes most of the narrative fall flat. There's also a shoe-horned romance (also not believable) and an extremely bizarre incel sub-plot. <br/><br/>Liggitt managed a few twists, which I appreciated. Nonetheless, there are far better-written books to surprise you.",,,2,0
24911006,Missoula: Rape and the Justice System in a College Town,Jon Krakauer,"Krakauer, Jon",,"=""0385538731""","=""9780385538732""",5.0,Doubleday,Hardcover,368,2015,2015,2020/01/02,2019/12/09,,,read,"4.5<br/><br/>I finished Missoula a couple of days ago, and I can't stop thinking about it. It's a searing account of the ""rape crisis"" that occured at the University of Montana over four years. (Krakauer cites national campus sexual assault statistics as evidence this wasn't a crisis at all; it's actually on par with average.)<br/><br/>It's non-fiction, but I couldn't put it down. Krakauer does an excellent job dismantling the extremely clever, extremely chilling legal maneuvering 0f the university, the police, and the county attorney's office, not to mention the accused. <br/><br/>The book is clearly sympathetic to the victims (as it should be!) which is a welcome adjustment from the anti-victim bias of what can feel like every authority involved. It made me far more understanding of victims who choose not to report. <br/><br/>All in all, this is a difficult but necessary read. I'd especially recommend it if you've read or are planning to read Chanel Miller's Know Your Name. The legal details are a good complement to Miller's more personal narrative of a sexual assault trial.",,,1,0
8175835,Open,Andre Agassi,"Agassi, Andre",,"=""0307592804""","=""9780307592804""",4.0,Vintage,Kindle Edition,547,2009,2009,2019/12/31,2019/12/31,,,read,,,,1,0
50229700,The Book of Eating,Adam Platt,"Platt, Adam",,"=""0062293567""","=""9780062293565""",3.0,Ecco,Kindle Edition,265,2019,2019,2019/12/21,2019/12/21,,,read,"Platt's an entertaining, self-deprecating writer with wonderful stories. I loved reading about his childhood as the son of diplomat (read: lots of travel, lots of interesting food) and the cast of characters in his family (all opinionated, all eccentric, much like Platt himself).<br/><br/>But this book really calls out for a more heavy-handed editor. I read it in one setting on the plane, which made Platt's over-reliance on certain turns of phrase incredibly obvious and grating.<br/><br/>- Overfed: appears 10 times (first appearance chapter 6, last appearance chapter 21)<br/>- Flowery: appears 6 times (first appearance chapter 1, last appearance chapter 21)<br/>- Dyspeptic: appears 4 times (first appearance chapter 1, last appearance chapter 9)<br/>- Oversized: appears 4 times (first appearance chapter 6, last appearance chapter 21)<br/>- Rabelaisian: appears 2 times (first appearance chapter 3, last appearance chapter 7)<br/><br/>He also hits on the same points over and over again. By the end of the book, I was so tired of hearing about Tom Colicchio's ""chef-centric,"" ""radically subversive,"" ""hit"" restaurant Craft. Okay, I get it—it was influential! Now let's move on.<br/><br/>Same thing with the DB Burger, which Platt iterates not once but twice is responsible for the ""Great Gourmet Chef Burger Craze of 2002,"" and David Chang's noodle bar, which I'm now well-aware helped spawn the movement of intentional, selective sourcing.<br/><br/>If an editor was on hand to spot this repetition and draw more unique material out of Platt, this could have been a five-star review.",,,1,0
43189874,"Well Met (Well Met, #1)",Jen DeLuca,"DeLuca, Jen",,"=""1984805398""","=""9781984805393""",1.0,Berkley,Kindle Edition,335,2019,2019,2019/12/31,2019/12/31,,,read,,,,1,0
50196744,Know My Name,Chanel Miller,"Miller, Chanel",,"=""0735223718""","=""9780735223714""",5.0,Viking,ebook,384,2019,2019,2019/12/14,2019/11/03,,,read,,,,1,0
38819868,"My Sister, the Serial Killer",Oyinkan Braithwaite,"Braithwaite, Oyinkan",,"=""0385544235""","=""9780385544238""",4.0,Doubleday,Hardcover,226,2018,2018,2019/12/26,2019/07/21,,,read,,,,1,0
45030090,The Topeka School,Ben Lerner,"Lerner, Ben",,"=""0374721181""","=""9780374721183""",4.0,"Farrar, Straus and Giroux",Kindle Edition,272,2019,2019,2019/12/24,2019/12/24,,,read,,,,1,0
42201431,"The Unhoneymooners (Unhoneymooners, #1)",Christina Lauren,"Lauren, Christina",,"=""1501128035""","=""9781501128035""",3.0,Gallery Books,Paperback,432,2019,2019,2019/08/01,2019/05/25,,,read,,,,1,0
42776244,The Making of a Manager: What to Do When Everyone Looks to You,Julie Zhuo,"Zhuo, Julie",,"=""0735219575""","=""9780735219571""",5.0,Portfolio,Kindle Edition,334,2019,2019,2019/12/21,2019/12/21,,,read,,,,1,0
43425171,Going Dutch,James Gregor,"Gregor, James",,"=""1982103213""","=""9781982103217""",4.0,Simon & Schuster,Kindle Edition,353,2019,2019,2019/12/20,2019/12/20,,,read,,,,1,0
43744322,The Other's Gold,Elizabeth  Ames,"Ames, Elizabeth",,"=""1984878492""","=""9781984878496""",4.0,Viking,Hardcover,335,2019,2019,2019/12/20,2019/11/30,,,read,,,,2,0
19792897,The Millionaires: A Novel,Inman Majors,"Majors, Inman",,"=""""","=""""",4.0,W. W. Norton & Company,Kindle Edition,481,2010,2009,,2014/09/06,,,read,,,,1,0
29503306,The Throwback Special,Chris Bachelder,"Bachelder, Chris",,"=""0393249476""","=""9780393249477""",4.0,W. W. Norton & Company,Kindle Edition,215,2016,2016,2019/12/10,2019/12/10,,,read,,,,1,0
4374400,"If I Stay (If I Stay, #1)",Gayle Forman,"Forman, Gayle",,"=""0525421033""","=""9780525421030""",0,Viking,Hardcover,208,2009,2009,,2019/12/09,,,read,,,,1,0
42854187,Lady in the Lake,Laura Lippman,"Lippman, Laura",,"=""""","=""""",3.0,William Morrow,Kindle Edition,357,2019,2019,2019/12/08,2019/12/08,,,read,,,,1,0
40611758,All Grown Up,Jami Attenberg,"Attenberg, Jami",,"=""0544824261""","=""9780544824263""",4.0,Ecco,Kindle Edition,209,2017,2017,2019/12/03,2019/12/03,,,read,,,,1,0
42259917,Lost and Wanted,Nell Freudenberger,"Freudenberger, Nell",,"=""0385352697""","=""9780385352697""",4.0,Borzoi Books/Knopf Doubleday Publishing Group,Kindle Edition,336,2019,2019,2019/12/01,2019/12/01,,,read,,,,1,0
41392364,Queenie,Candice Carty-Williams,"Carty-Williams, Candice",,"=""""","=""""",4.0,Gallery/Scout Press,ebook,336,2019,2019,2019/11/30,2019/05/30,,,read,,,,1,0
33822888,White Fur,Jardine Libaire,"Libaire, Jardine",,"=""0451497945""","=""9780451497949""",5.0,Hogarth,Kindle Edition,320,2017,2017,2019/11/26,2018/06/17,,,read,,,,1,0
43082329,Leaving the Witness: Exiting a Religion and Finding a Life,Amber Scorah,"Scorah, Amber",,"=""0735222568""","=""9780735222564""",4.0,Penguin Books,Kindle Edition,287,2019,2019,2019/11/25,2019/11/10,,,read,,,,1,0
37955748,In Pieces,Sally Field,"Field, Sally",,"=""1549143077""","=""9781549143076""",3.0,Hachette Audio,Audiobook,404,2018,2018,2019/11/23,2019/11/23,,,read,,,,1,0
42516739,The Falconer,Dana Czapnik,"Czapnik, Dana",,"=""""","=""""",4.0,Atria Books,ebook,289,2019,2019,2019/11/16,2019/09/12,,,read,,,,1,0
40519546,The Lost Night,Andrea Bartz,"Bartz, Andrea",,"=""0525574735""","=""9780525574736""",4.0,Ballantine Books,Kindle Edition,317,2019,2019,2019/11/12,2019/11/12,,,read,,,,1,0
3257136,Dewey: The Small-Town Library Cat Who Touched the World,Vicki Myron,"Myron, Vicki",Bret Witter,"=""0446407410""","=""9780446407410""",0,Grand Central Publishing,Hardcover,277,2008,2008,,2019/11/10,,,read,,,,1,0
6398634,The Happiness Project,Gretchen Rubin,"Rubin, Gretchen",,"=""0061583251""","=""9780061583254""",0,Harper,Hardcover,301,2009,2009,,2019/11/10,,,read,,,,1,0
11330361,A Stolen Life,Jaycee Dugard,"Dugard, Jaycee",,"=""1451629184""","=""9781451629187""",0,Simon & Schuster,Hardcover,273,2011,2011,,2019/11/10,,,read,,,,1,0
193755,The Diving Bell and the Butterfly: A Memoir of Life in Death,Jean-Dominique Bauby,"Bauby, Jean-Dominique",Jeremy Leggatt,"=""0375701214""","=""9780375701214""",0,"Vintage International, New York",Paperback,132,1998,1997,,2019/11/10,,,read,,,,1,0
6314763,Orange Is the New Black,Piper Kerman,"Kerman, Piper",,"=""0385523386""","=""9780385523387""",0,Spiegel & Grau,Hardcover,322,2010,2010,,2019/11/10,,,read,,,,1,0
6900,"Tuesdays with Morrie: An Old Man, a Young Man, and Life's Greatest Lesson",Mitch Albom,"Albom, Mitch",,"=""""","=""""",0,Warner,Paperback,210,2000,1997,,2019/11/10,,,read,,,,1,0
11084145,Steve Jobs,Walter Isaacson,"Isaacson, Walter",,"=""1451648537""","=""9781451648539""",0,Simon & Schuster,Hardcover,630,2011,2011,,2019/11/10,,,read,,,,1,0
1845,Into the Wild,Jon Krakauer,"Krakauer, Jon",,"=""0385486804""","=""9780385486804""",0,Anchor Books,Paperback,207,1997,1996,,2019/11/10,,,read,,,,1,0
1617,Night,Elie Wiesel,"Wiesel, Elie","Marion Wiesel, François Mauriac","=""0374500010""","=""9780374500016""",0,Hill & Wang,Paperback,120,2006,1956,,2019/11/10,,,read,,,,1,0
48855,The Diary of a Young Girl,Anne Frank,"Frank, Anne","Eleanor Roosevelt, Susan Massotty, Γιάννης Θωμόπουλος, Barbara Mooyaart-Doubleday, Otto H. Frank, Mirjam Pressler","=""""","=""""",0,Bantam,Mass Market Paperback,283,1993,1947,,2019/11/10,,,read,,,,1,0
9418327,Bossypants,Tina Fey,"Fey, Tina",,"=""""","=""""",0,Reagan Arthur Books,ebook,283,2011,2011,,2019/11/10,,,read,,,,1,0
40382630,The Hating Game,Sally  Thorne,"Thorne, Sally",,"=""""","=""""",3.0,William Morrow Paperbacks,ebook,369,2016,2016,2019/11/06,2019/11/06,,,read,,,,1,0
36199084,"The Kiss Quotient (The Kiss Quotient, #1)",Helen  Hoang,"Hoang, Helen",,"=""0451490819""","=""""",0,Berkley,Kindle Edition,333,2018,2018,,2019/11/03,,,read,,,,1,0
44569767,The Dutch House,Ann Patchett,"Patchett, Ann",,"=""0062963694""","=""9780062963697""",4.0,Harper,Kindle Edition,338,2019,2019,2019/10/25,2019/10/03,,,read,,,,1,0
45025308,She Said: Breaking the Sexual Harassment Story That Helped Ignite a Movement,Jodi Kantor,"Kantor, Jodi",Megan Twohey,"=""""","=""""",5.0,Penguin Press,ebook,320,2019,2019,2019/10/20,2019/10/20,,,read,,,,1,0
43301737,"Ninth House (Alex Stern, #1)",Leigh Bardugo,"Bardugo, Leigh",,"=""1250313082""","=""9781250313089""",3.0,Flatiron Books,Kindle Edition,476,2019,2019,2019/10/18,2019/10/18,,,read,,,,1,0
43859826,"Wild Game: My Mother, Her Secret, and Me",Adrienne Brodeur,"Brodeur, Adrienne",,"=""132851904X""","=""9781328519047""",5.0,Harper,Kindle Edition,256,2019,2019,2019/10/17,2019/10/17,,,read,,,,1,0
44778085,Red at the Bone,Jacqueline Woodson,"Woodson, Jacqueline",,"=""0525535292""","=""9780525535294""",4.0,Riverhead Books,Kindle Edition,127,2019,2019,2019/10/12,2019/10/12,,,read,,,,1,0
43521785,"Bringing Down the Duke (A League of Extraordinary Women, #1)",Evie Dunmore,"Dunmore, Evie",,"=""1984805681""","=""9781984805683""",3.0,Berkley,Paperback,335,2019,2019,2019/10/13,2019/09/20,,,read,,,,3,0
44652554,The Grammarians,Cathleen Schine,"Schine, Cathleen",,"=""0374712190""","=""9780374712198""",5.0,"Sarah Crichton Books/Farrar, Straus & Giroux",Kindle Edition,273,2019,2019,2019/09/27,2019/09/27,,,read,,,,1,0
37801132,The Incendiaries,R.O. Kwon,"Kwon, R.O.",,"=""0735213917""","=""9780735213913""",5.0,Penguin,Kindle Edition,224,2018,2018,2019/09/23,2018/06/22,,,read,,,,1,0
43266426,The Lager Queen of Minnesota,J. Ryan Stradal,"Stradal, J. Ryan",,"=""0399563075""","=""9780399563072""",4.0,Pamela Dorman Books/Viking/Penguin Random House LLC,Kindle Edition,376,2019,2019,2019/08/27,2019/08/27,,,read,,,,1,0
44599442,Super Pumped: The Battle for Uber,Mike Isaac,"Isaac, Mike",,"=""0393652254""","=""9780393652253""",5.0,W. W. Norton & Company,Kindle Edition,410,2019,2019,2019/09/15,2019/09/15,,,read,,,,1,0
26811738,Platform Revolution: How Networked Markets Are Transforming the Economy and How to Make Them Work for You,Geoffrey G. Parker,"Parker, Geoffrey G.","Marshall W. Van Alstyne, Sangeet Paul Choudary","=""0393249123""","=""9780393249125""",4.0,W. W. Norton & Company,Kindle Edition,353,2016,2016,2019/09/03,2019/09/03,,,read,,,,1,0
25447386,Blackout: Remembering the Things I Drank to Forget,Sarah Hepola,"Hepola, Sarah",,"=""""","=""""",0,Grand Central Publishing,Kindle Edition,241,2015,2015,2019/08/28,2019/07/02,,,read,,,,1,0
43303106,The Expectations,Alexander Tilney,"Tilney, Alexander",,"=""0316450383""","=""9780316450386""",4.0,"Little, Brown and Company",Kindle Edition,241,2019,2019,2019/08/25,2019/08/25,,,read,,,,1,0
42368149,"Red, White & Royal Blue",Casey McQuiston,"McQuiston, Casey",,"=""""","=""""",4.0,St. Martin's Griffin,ebook,443,2019,2019,2019/06/04,2019/06/02,,,read,,,,1,0
45363046,The Paper Wasp: A Novel,Lauren Acampora,"Acampora, Lauren",,"=""0802147089""","=""9780802147080""",3.0,Grove Press,Kindle Edition,234,2019,2019,2019/08/24,2019/06/30,,,read,,,,1,0
37655127,"Black Edge: Inside Information, Dirty Money, and the Quest to Bring Down the Most Wanted Man on Wall Street",Sheelah Kolhatkar,"Kolhatkar, Sheelah",,"=""""","=""""",5.0,Random House,ebook,370,2017,2017,2019/08/24,2019/07/29,,,read,,,,1,0
41189557,Miracle Creek,Angie  Kim,"Kim, Angie",,"=""0374717982""","=""9780374717988""",4.0,Sarah Crichton Books,Kindle Edition,432,2019,2019,2019/08/21,2019/07/22,,,read,,,,1,0
38745806,Becoming,Michelle Obama,"Obama, Michelle",,"=""""","=""""",3.0,Crown,Kindle Edition,428,2018,2018,2018/11/24,2018/11/20,,,read,,,,1,0
42731449,Supper Club,Lara    Williams,"Williams, Lara",,"=""0525539603""","=""9780525539605""",4.0,G.P. Putnam's Sons,Kindle Edition,304,2019,2019,2019/08/20,2019/08/20,,,read,,,,1,0
36506644,The Intermission,Elyssa Friedland,"Friedland, Elyssa",,"=""0399586873""","=""9780399586873""",4.0,Berkley books,Kindle Edition,368,2018,2018,2019/08/20,2019/08/20,,,read,,,,1,0
43263696,Dominicana,Angie Cruz,"Cruz, Angie",,"=""125020593X""","=""9781250205933""",0,Flatiron Books,Hardcover,323,2019,2019,,2019/08/16,to-read,to-read (#11),to-read,,,,0,0
18890414,Privilege: The Making of an Adolescent Elite at St. Paul's School,Shamus Rahman Khan,"Khan, Shamus Rahman",,"=""""","=""""",3.0,Princeton University Press,Kindle Edition,315,2010,2010,2019/08/16,2019/05/25,,,read,,,,1,0
42641164,The Gifted School,Bruce Holsinger,"Holsinger, Bruce",,"=""""","=""""",4.0,Riverhead Books,ebook,464,2019,2019,2019/08/16,2019/05/25,,,read,,,,1,0
44019692,Three Women,Lisa Taddeo,"Taddeo, Lisa",,"=""1451642318""","=""9781451642315""",1.0,Avid Reader Press / Simon & Schuster,Kindle Edition,333,2019,2019,2019/07/16,2019/07/07,,,read,,,,1,0
31450913,The Idea of You,Robinne Lee,"Lee, Robinne",,"=""1250125901""","=""9781250125903""",0,St. Martin's Griffin,Paperback,372,2017,2017,2019/08/15,2019/08/15,,,read,,,,2,0
39989153,When You Read This,Mary  Adkins,"Adkins, Mary",,"=""""","=""""",5.0,Harper,Kindle Edition,395,2019,2019,2019/08/13,2019/08/13,,,read,,,,1,0
45835010,My Friend Anna,Rachel DeLoache Williams,"Williams, Rachel DeLoache",,"=""1982114118""","=""9781982114114""",3.0,Gallery Books,Kindle Edition,303,2019,2019,2019/08/11,2019/08/11,,,read,,,,1,0
44131035,The Last Book Party,Karen Dukess,"Dukess, Karen",,"=""1250225469""","=""9781250225467""",4.0,Henry Holt and Co.,Kindle Edition,256,2019,2019,2019/08/08,2019/08/08,,,read,,,,1,0
40604556,"Red Seas Under Red Skies (Gentleman Bastard, #2)",Scott Lynch,"Lynch, Scott",,"=""""","=""""",4.0,Del Rey,Kindle Edition,578,2018,2007,2019/08/08,2019/08/08,,,read,,,,1,0
42731455,Mrs. Everything,Jennifer Weiner,"Weiner, Jennifer",,"=""1501133500""","=""9781501133503""",4.0,Atria Books,Kindle Edition,480,2019,2019,2019/08/02,2019/08/02,,,read,,,,1,0
42844800,Notes from a Young Black Chef,Kwame Onwuachi,"Onwuachi, Kwame",Joshua David Stein,"=""152473263X""","=""9781524732639""",5.0,Knopf ,Kindle Edition,288,2019,2019,2019/07/27,2019/07/27,,,read,,,,1,0
41957126,Verity,Colleen Hoover,"Hoover, Colleen",,"=""""","=""""",1.0,"Hoover Ink, Inc.",Kindle Edition,324,2018,2018,2019/07/22,2019/07/22,,,read,,,,1,0
5907,"The Hobbit, or There and Back Again",J.R.R. Tolkien,"Tolkien, J.R.R.","Douglas A. Anderson, Michael Hague, Jemima Catlin","=""""","=""""",0,Houghton Mifflin,Paperback,366,2002,1937,,2019/07/21,,,read,,,,1,0
16085481,"Crazy Rich Asians (Crazy Rich Asians, #1)",Kevin Kwan,"Kwan, Kevin",,"=""0385536976""","=""9780385536974""",0,Doubleday,Hardcover,403,2013,2013,,2019/07/21,,,read,,,,1,0
45416596,The Seven Husbands of Evelyn Hugo,Taylor Jenkins Reid,"Reid, Taylor Jenkins",,"=""""","=""""",1.0,Washington Square Press,Kindle Edition,434,2017,2017,2019/07/21,2019/07/21,,,read,,,,1,0
42379031,Very Nice,Marcy Dermansky,"Dermansky, Marcy",,"=""0525655646""","=""9780525655640""",4.0,Vintage,Kindle Edition,304,2019,2019,2019/07/18,2019/07/18,,,read,,,,1,0
43666435,"Ask Again, Yes",Mary Beth Keane,"Keane, Mary Beth",,"=""1982107006""","=""9781982107000""",4.0,Scribner,Kindle Edition,399,2019,2019,2019/07/15,2019/07/08,,,read,,,,1,0
42379020,The Most Fun We Ever Had,Claire Lombardo,"Lombardo, Claire",,"=""""","=""""",4.0,Doubleday,ebook,544,2019,2019,2019/07/08,2019/07/06,,,read,,,,1,0
43426912,The Snakes,Sadie Jones,"Jones, Sadie",,"=""0062897047""","=""9780062897046""",4.0,Harper,Kindle Edition,453,2019,2019,2019/06/28,2019/06/26,,,read,,,,1,0
42103980,Fleishman Is in Trouble,Taffy Brodesser-Akner,"Brodesser-Akner, Taffy",,"=""0525510885""","=""""",4.0,Random House,Kindle Edition,380,2019,2019,2019/06/26,2019/06/21,,,read,,,,1,0
36234117,Do This for Me: A Novel,Eliza Kennedy,"Kennedy, Eliza",,"=""1101907223""","=""9781101907221""",2.0,Crown,Kindle Edition,329,2018,2018,2019/06/10,2019/06/07,,,read,,,,1,0
35137915,"I Am, I Am, I Am: Seventeen Brushes with Death",Maggie O'Farrell,"O'Farrell, Maggie",,"=""0525520228""","=""9780525520221""",0,Knopf,Hardcover,304,2017,2017,,2019/06/05,to-read,to-read (#10),to-read,,,,0,0
36141011,She Regrets Nothing,Andrea Dunlop,"Dunlop, Andrea",,"=""""","=""""",2.0,Washington Square Press,Kindle Edition,400,2018,2018,2019/06/02,2019/05/30,,,read,,,,2,0
30192959,A Wife of Noble Character,Yvonne Georgina Puig,"Puig, Yvonne Georgina",,"=""1627795561""","=""9781627795562""",3.0,Henry Holt and Co.,Kindle Edition,320,2016,2016,2019/05/30,2019/05/27,,,read,,,,1,0
12965338,A Complicated Kindness,Miriam Toews,"Toews, Miriam",,"=""""","=""""",4.0,Counterpoint,Kindle Edition,258,2005,2004,2019/05/27,2019/03/16,,,read,,,,1,0
41644326,Save Me the Plums: My Gourmet Memoir,Ruth Reichl,"Reichl, Ruth",,"=""1400069998""","=""9781400069996""",4.0,Random House,Hardcover,266,2019,2019,2019/05/27,2019/05/27,,,read,,,,1,0
35526438,Lights All Night Long,Lydia  Fitzpatrick,"Fitzpatrick, Lydia",,"=""""","=""""",4.0,Penguin Press,ebook,352,2019,2019,2019/05/27,2019/05/27,,,read,,,,1,0
41796283,Out East: Memoir of a Montauk Summer,John  Glynn,"Glynn, John",,"=""1538746646""","=""9781538746646""",5.0,Grand Central Publishing,Kindle Edition,257,2019,2019,2019/05/27,2019/05/26,,,read,,,,1,0
18774964,A Man Called Ove,Fredrik Backman,"Backman, Fredrik",Henning Koch,"=""1476738017""","=""9781476738017""",3.0,Atria Books,Hardcover,337,2014,2012,,2019/05/21,,,read,,,,1,0
33602148,I Capture the Castle,Dodie Smith,"Smith, Dodie",Jenny Han,"=""1250146690""","=""9781250146694""",4.0,Wednesday Books,Hardcover,390,2017,1948,,2019/05/25,,,read,,,,1,0
6586497,Garlic and Sapphires: The Secret Life of a Critic in Disguise,Ruth Reichl,"Reichl, Ruth",,"=""1101163348""","=""9781101163344""",4.0,Penguin Group,Kindle Edition,364,2006,2005,2019/05/24,2019/05/21,,,read,,,,1,0
1852,The Call of the Wild,Jack London,"London, Jack",Avi,"=""""","=""""",0,Scholastic,Mass Market Paperback,172,2001,1903,,2019/05/21,,,read,,,,1,0
355697,All Quiet on the Western Front,Erich Maria Remarque,"Remarque, Erich Maria",Arthur Wesley Wheen,"=""0449213943""","=""9780449213940""",0,Ballantine Books,Mass Market Paperback,296,1987,1928,,2019/05/21,,,read,,,,1,0
18693763,Everything I Never Told You,Celeste Ng,"Ng, Celeste",,"=""159420571X""","=""9781594205712""",0,Penguin Press,Hardcover,297,2014,2014,,2019/05/21,,,read,,,,1,0
295,Treasure Island,Robert Louis Stevenson,"Stevenson, Robert Louis",Newell Convers Wyeth,"=""0753453800""","=""9780753453803""",0,Kingfisher,Hardcover,352,2001,1882,,2019/05/21,,,read,,,,1,0
18045891,Sharp Objects,Gillian Flynn,"Flynn, Gillian",,"=""0297851535""","=""9780297851530""",0,Broadway Paperbacks,Paperback,254,2007,2006,,2019/05/21,,,read,,,,1,0
40440,The Thirteenth Tale,Diane Setterfield,"Setterfield, Diane",,"=""0743298020""","=""9780743298025""",0,Atria Books,Hardcover,406,2006,2006,,2019/05/21,,,read,,,,1,0
37415,Their Eyes Were Watching God,Zora Neale Hurston,"Hurston, Zora Neale",,"=""0061120065""","=""9780061120060""",0,Amistad,Paperback,238,2006,1937,,2019/05/21,,,read,,,,1,0
227443,"Bridget Jones’s Diary (Bridget Jones, #1)",Helen Fielding,"Fielding, Helen",,"=""014028009X""","=""9780140280098""",0,Penguin Books,Hardcover,288,1999,1996,,2019/05/21,,,read,,,,1,0
14891,A Tree Grows in Brooklyn,Betty  Smith,"Smith, Betty",,"=""0061120073""","=""9780061120077""",0,HarperCollins Publishers,Paperback,496,2006,1943,,2019/05/21,,,read,,,,1,0
15796700,Americanah,Chimamanda Ngozi Adichie,"Adichie, Chimamanda Ngozi",Jashar Awan,"=""""","=""""",0,Alfred A. Knopf,Hardcover,477,2013,2013,,2019/05/21,,,read,,,,1,0
1381,The Odyssey,Homer,"Homer, Homer","Robert Fagles, Bernard Knox","=""0143039954""","=""9780143039952""",0,Penguin Classics ,Paperback,541,2006,-750,,2019/05/21,,,read,,,,1,0
10964,"Outlander (Outlander, #1)",Diana Gabaldon,"Gabaldon, Diana",,"=""0440242940""","=""9780440242949""",0,Dell,Mass Market Paperback,850,2005,1991,,2019/05/21,,,read,,,,1,0
16299,And Then There Were None,Agatha Christie,"Christie, Agatha",,"=""0312330871""","=""9780312330873""",0,St. Martin's Griffin,Paperback,264,2004,1939,,2019/05/21,,,read,,,,1,0
231804,The Outsiders,S.E. Hinton,"Hinton, S.E.",,"=""0670532576""","=""9780670532575""",0,Puffin Books (US/CAN),Mass Market Paperback,208,1997,1967,,2019/05/21,,,read,,,,1,0
2998,The Secret Garden,Frances Hodgson Burnett,"Burnett, Frances Hodgson",,"=""0517189607""","=""9780517189603""",0,Children's Classics,Hardcover,331,1998,1911,,2019/05/21,,,read,,,,1,0
12067,"Good Omens: The Nice and Accurate Prophecies of Agnes Nutter, Witch",Terry Pratchett,"Pratchett, Terry",Neil Gaiman,"=""""","=""""",0,William Morrow Paperbacks,Mass Market Paperback,491,2006,1990,,2019/05/21,,,read,,,,1,0
6149,Beloved,Toni Morrison,"Morrison, Toni",,"=""1400033411""","=""9781400033416""",0,Vintage,Paperback,325,2004,1987,,2019/05/21,,,read,,,,1,0
3876,The Sun Also Rises,Ernest Hemingway,"Hemingway, Ernest",,"=""""","=""""",0,Pan Books,Paperback,189,1957,1926,,2019/05/21,,,read,,,,1,0
20170404,Station Eleven,Emily St. John Mandel,"Mandel, Emily St. John",,"=""0385353308""","=""9780385353304""",0,Knopf,Hardcover,333,2014,2014,,2019/05/21,,,read,,,,1,0
21787,The Princess Bride,William Goldman,"Goldman, William",,"=""0345418263""","=""9780345418265""",0,Ballantine Books,Paperback,429,2003,1973,,2019/05/21,,,read,,,,1,0
24583,The Adventures of Tom Sawyer,Mark Twain,"Twain, Mark","Guy Cardwell, John Seelye, Mark Hallaq, Amanda Lee","=""""","=""9780143039563""",0,Penguin Classics,Paperback,244,2006,1876,,2019/05/21,,,read,,,,1,0
6867,Atonement,Ian McEwan,"McEwan, Ian",,"=""""","=""""",0,Anchor Books,Paperback,351,2003,2001,,2019/05/21,,,read,,,,1,0
37442,"Wicked: The Life and Times of the Wicked Witch of the West (The Wicked Years, #1)",Gregory Maguire,"Maguire, Gregory",Douglas Smith,"=""""","=""""",0,ReganBooks,Paperback,406,2000,1995,,2019/05/21,,,read,,,,1,0
18135,Romeo and Juliet,William Shakespeare,"Shakespeare, William",,"=""0743477111""","=""9780743477116""",0,Washington Square Press,Mass Market Paperback,281,2002,1590,,2019/05/21,,,read,,,,1,0
36236124,Fight Club,Chuck Palahniuk,"Palahniuk, Chuck",,"=""0393355942""","=""9780393355949""",0,W. W. Norton & Company,Paperback,224,2018,1996,,2019/05/21,,,read,,,,1,0
10572,"A Clash of Kings  (A Song of Ice and Fire, #2)",George R.R. Martin,"Martin, George R.R.",,"=""""","=""""",0,Random House Worlds,Paperback,1009,2002,1998,,2019/05/21,,,read,,,,1,0
332613,One Flew Over the Cuckoo’s Nest,Ken Kesey,"Kesey, Ken",,"=""""","=""""",0,Signet,Mass Market Paperback,325,1963,1962,,2019/05/21,,,read,,,,1,0
1953,A Tale of Two Cities,Charles Dickens,"Dickens, Charles",,"=""0141439602""","=""9780141439600""",0,Penguin Books,Paperback,489,2003,1859,,2019/05/21,,,read,,,,1,0
6514,The Bell Jar,Sylvia Plath,"Plath, Sylvia",,"=""""","=""""",0,Harper Perennial Modern Classics,Paperback,294,2006,1963,,2019/05/21,,,read,,,,1,0
100915,"The Lion, the Witch and the Wardrobe (Chronicles of Narnia, #1)",C.S. Lewis,"Lewis, C.S.","Tormod Haugen, Per Svein Paulsen","=""""","=""""",0,HarperCollins Publishers,Paperback,206,2005,1950,,2019/05/21,,,read,,,,1,0
1934,"Little Women (Little Women, #1)",Louisa May Alcott,"Alcott, Louisa May","Regina Barreca, Grzegorz Komerski, Marta Fihel","=""""","=""""",0,Signet Classics,Mass Market Paperback,449,2004,1868,,2019/05/21,,,read,,,,1,0
375802,"Ender’s Game (Ender's Saga, #1)",Orson Scott Card,"Card, Orson Scott",,"=""0812550706""","=""9780812550702""",0,Tor,Mass Market Paperback,324,2004,1985,,2019/05/21,,,read,,,,1,0
7144,Crime and Punishment,Fyodor Dostoevsky,"Dostoevsky, Fyodor","David McDuff, Joseph Frank, Fyodor Dostoyevsky","=""""","=""""",0,Penguin,Paperback,671,2002,1866,,2019/05/21,,,read,,,,1,0
37435,The Secret Life of Bees,Sue Monk Kidd,"Kidd, Sue Monk",,"=""0142001740""","=""9780142001745""",0,Penguin Books,Paperback,352,2003,2001,,2019/05/21,,,read,,,,1,0
7604,Lolita,Vladimir Nabokov,"Nabokov, Vladimir",Craig Raine,"=""""","=""""",0,Penguin,Paperback,368,1995,1955,,2019/05/21,,,read,,,,1,0
386162,"The Hitchhiker’s Guide to the Galaxy (The Hitchhiker's Guide to the Galaxy, #1)",Douglas Adams,"Adams, Douglas",,"=""""","=""""",0,Del Rey,Paperback,193,2007,1979,,2019/05/21,,,read,,,,1,0
13496,"A Game of Thrones (A Song of Ice and Fire, #1)",George R.R. Martin,"Martin, George R.R.",,"=""0553588486""","=""9780553588484""",0,Bantam,Mass Market Paperback,835,2005,1996,,2019/05/21,,,read,,,,1,0
4981,Slaughterhouse-Five,Kurt Vonnegut Jr.,"Jr., Kurt Vonnegut",,"=""""","=""""",0,Dial Press,Paperback,275,1999,1969,,2019/05/21,,,read,,,,1,0
890,Of Mice and Men,John Steinbeck,"Steinbeck, John",,"=""0142000671""","=""9780142000670""",0,Penguin Books,Paperback,107,2002,1937,,2019/05/21,,,read,,,,1,0
19063,The Book Thief,Markus Zusak,"Zusak, Markus",,"=""""","=""""",0,Alfred A. Knopf,Kindle Edition,592,2006,2005,,2019/05/21,,,read,,,,1,0
5129,Brave New World,Aldous Huxley,"Huxley, Aldous",,"=""0060929871""","=""9780060929879""",0,HarperPerennial / Perennial Classics,Paperback,288,1998,1932,,2019/05/21,,,read,,,,1,0
7624,Lord of the Flies,William Golding,"Golding, William",,"=""0140283331""","=""9780140283334""",0,Penguin Books ,Paperback,182,1999,1954,,2019/05/21,,,read,,,,1,0
968,"The Da Vinci Code (Robert Langdon, #2)",Dan    Brown,"Brown, Dan",,"=""""","=""""",0,Anchor,Paperback,489,2006,2003,,2019/05/21,,,read,,,,1,0
5107,The Catcher in the Rye,J.D. Salinger,"Salinger, J.D.",,"=""0316769177""","=""9780316769174""",0,Back Bay Books,Paperback,277,2001,1951,,2019/05/21,,,read,,,,1,0
170448,Animal Farm,George Orwell,"Orwell, George","Russell Baker, C.M. Woodhouse","=""0451526341""","=""9780451526342""",0,Signet Classics,Mass Market Paperback,141,1996,1945,,2019/05/21,,,read,,,,1,0
4671,The Great Gatsby,F. Scott Fitzgerald,"Fitzgerald, F. Scott",,"=""0743273567""","=""9780743273565""",0,Scribner,Paperback,180,2025,1925,,2019/05/21,,,read,,,,1,0
40961427,1984,George Orwell,"Orwell, George",,"=""""","=""""",0,Houghton Mifflin Harcourt,ebook,298,2013,1949,,2019/05/21,,,read,,,,1,0
2657,To Kill a Mockingbird,Harper Lee,"Lee, Harper",,"=""0060935464""","=""9780060935467""",0,Harper Perennial Modern Classics ,Paperback,323,2006,1960,,2019/05/21,,,read,,,,1,0
43838464,"Hotbox: Inside Catering, the Food World's Riskiest Business",Matt Lee,"Lee, Matt",Ted Lee,"=""1627792627""","=""9781627792622""",4.0,Henry Holt and Co.,Kindle Edition,288,2019,2019,2019/05/19,2019/05/12,,,read,,,,1,0
18867590,One Perfect Day: The Selling of the American Wedding,Rebecca Mead,"Mead, Rebecca",,"=""1440634025""","=""9781440634024""",4.0,Penguin Books,Kindle Edition,264,2008,2007,2019/05/19,2019/05/12,,,read,,,,1,0
8909152,Attachments,Rainbow Rowell,"Rowell, Rainbow",,"=""""","=""""",4.0,Dutton,Hardcover,323,2011,2011,,2019/05/12,,,read,,,,1,0
11886692,Otherwise Engaged,Suzanne Finnamore,"Finnamore, Suzanne",,"=""""","=""""",4.0,,Kindle Edition,177,,1999,2019/05/12,2019/05/11,,,read,,,,1,0
33549194,Wedding Toasts I'll Never Give,Ada Calhoun,"Calhoun, Ada",,"=""0393254801""","=""9780393254808""",4.0,W. W. Norton & Company,Kindle Edition,190,2017,2017,2019/03/16,2019/03/14,,,read,,,,1,0
41592325,The Farm,Joanne Ramos,"Ramos, Joanne",,"=""""","=""""",3.0,Random House,ebook,336,2019,2019,2019/05/11,2019/05/07,,,read,,,,1,0
37362213,Back Talk,Danielle Lazarin,"Lazarin, Danielle",,"=""1524705195""","=""9781524705190""",4.0,Penguin Books,Kindle Edition,256,2018,2018,2018/02/24,2018/02/17,,,read,,,,1,0
16078215,The Ocean at the End of the Lane,Neil Gaiman,"Gaiman, Neil",,"=""""","=""""",3.0,William Morrow,ebook,259,2013,2013,2017/11/26,2013/09/09,,,read,,,,1,0
36531862,Look Alive Out There,Sloane Crosley,"Crosley, Sloane",,"=""0374711801""","=""9780374711801""",4.0,MCD,Kindle Edition,257,2018,2018,2018/05/14,2018/05/05,,,read,,,,1,0
36113496,The Hearts of Men,Nickolas Butler,"Butler, Nickolas",,"=""""","=""""",4.0,Ecco,Kindle Edition,405,2017,2017,2018/12/29,2018/02/06,,,read,,,,1,0
34912895,The Great Alone,Kristin Hannah,"Hannah, Kristin",,"=""""","=""""",4.0,St. Martin's Press,Kindle Edition,435,2018,2018,2018/05/17,2018/04/21,,,read,,,,1,0
25899336,When Breath Becomes Air,Paul Kalanithi,"Kalanithi, Paul",Abraham   Verghese,"=""0812988418""","=""9780812988413""",4.0,Random House,Kindle Edition,208,2016,2016,2018/03/02,2018/02/25,,,read,,,,1,0
40611244,How Not to Hate Your Husband After Kids,Jancee Dunn,"Dunn, Jancee",,"=""""","=""""",4.0,"Little, Brown and Company",Kindle Edition,289,2017,2017,2018/02/27,2018/12/22,,,read,,,,2,0
29974618,The Mothers,Brit Bennett,"Bennett, Brit",,"=""0399184538""","=""9780399184536""",3.0,Riverhead Books,Kindle Edition,288,2016,2016,2018/02/02,2018/02/01,,,read,,,,1,0
42863111,The Mastermind: Drugs. Empire. Murder. Betrayal.,Evan Ratliff,"Ratliff, Evan",,"=""""","=""""",5.0,Random House,ebook,480,2019,2019,2019/05/05,2019/03/25,,,read,,,,1,0
40203647,"Maybe You Should Talk to Someone: A Therapist, Her Therapist, and Our Lives Revealed",Lori Gottlieb,"Gottlieb, Lori",,"=""""","=""""",4.0,Harper,Kindle Edition,413,2019,2019,2019/05/05,2019/04/24,,,read,,,,1,0
42076369,Trust Exercise,Susan Choi,"Choi, Susan",,"=""""","=""""",4.0,Henry Holt and Co.,ebook,272,2019,2019,2019/05/05,2019/04/30,,,read,,,,1,0
40520251,Daisy Jones & The Six,Taylor Jenkins Reid,"Reid, Taylor Jenkins",,"=""""","=""""",4.0,Ballantine Books,ebook,404,2019,2019,2019/05/05,2019/04/14,,,read,,,,1,0
40046059,Trust Exercise,Susan Choi,"Choi, Susan",,"=""1250309883""","=""9781250309884""",4.0,Henry Holt and Co.,Hardcover,257,2019,2019,,2019/05/03,,,read,,,,1,0
44547620,The Immortalists,Chloe  Benjamin,"Benjamin, Chloe",,"=""""","=""""",3.0,G.P. Putnam's Sons,Kindle Edition,352,2018,2018,2019/05/05,2018/11/28,,,read,,,,1,0
35688002,"Force of Nature (Aaron Falk, #2)",Jane Harper,"Harper, Jane",,"=""""","=""""",3.0,Flatiron Books,ebook,329,2018,2017,2019/03/18,2019/03/16,,,read,,,,1,0
17383921,All Joy and No Fun: The Paradox of Modern Parenthood,Jennifer Senior,"Senior, Jennifer",,"=""0062072226""","=""9780062072221""",4.0,Ecco,Hardcover,320,2014,2014,,2019/03/18,,,read,,,,1,0
35569704,Cringeworthy: A Theory of Awkwardness,Melissa Dahl,"Dahl, Melissa",,"=""0735211647""","=""9780735211643""",4.0,Portfolio,Kindle Edition,300,2018,2018,2019/03/15,2019/03/04,,,read,,,,1,0
8550573,The Girls' Guide to Hunting and Fishing,Melissa Bank,"Bank, Melissa",,"=""1101199598""","=""9781101199596""",5.0,Penguin Group,Kindle Edition,289,2000,1998,2019/03/14,2019/03/13,,,read,,,,1,0
33778610,Stay with Me,Ayọ̀bámi Adébáyọ̀,"Adébáyọ̀, Ayọ̀bámi",,"=""""","=""""",4.0,Knopf,ebook,288,2017,2017,2019/03/11,2019/03/03,,,read,,,,1,0
346518,Beowulf,Gareth Hinds,"Hinds, Gareth",A.J.   Church,"=""0763630233""","=""9780763630232""",0,Candlewick Press,Paperback,120,2007,2007,,2019/03/07,,,read,,,,1,0
38593165,Animals,Emma Jane Unsworth,"Unsworth, Emma Jane",,"=""""","=""""",4.0,Europa Editions,Kindle Edition,257,2015,2014,2019/03/02,2019/03/02,,,read,,,,1,0
37539457,Normal People,Sally Rooney,"Rooney, Sally",,"=""0571334644""","=""9780571334643""",5.0,Faber & Faber,Hardcover,266,2018,2018,2019/02/28,2019/01/03,,,read,,,,2,0
38490978,The Great Believers,Rebecca Makkai,"Makkai, Rebecca",,"=""""","=""""",4.0,Viking,ebook,421,2018,2018,2019/02/23,2019/02/04,,,read,,,,1,0
33574273,"A Wrinkle in Time (Time Quintet, #1)",Madeleine L'Engle,"L'Engle, Madeleine",,"=""1250153271""","=""9781250153272""",4.0,Square Fish,Paperback,218,2017,1962,,2019/02/18,,,read,,,,1,0
40389527,The Woman in the Window,A.J. Finn,"Finn, A.J.",,"=""""","=""""",3.0,William Morrow,Kindle Edition,455,2018,2018,2019/02/03,2019/02/04,,,read,,,,2,0
41583190,The Elephant in the Room: One Fat Man's Quest to Get Smaller in a Growing America,Tommy Tomlinson,"Tomlinson, Tommy",,"=""1501111639""","=""9781501111631""",5.0,Simon & Schuster,Kindle Edition,257,2019,2019,2019/02/03,2019/02/03,,,read,,,,1,0
11535564,The Soul of a Chef: The Journey Toward Perfection,Michael Ruhlman,"Ruhlman, Michael",,"=""1101525312""","=""9781101525319""",4.0,Penguin Group,Kindle Edition,386,2001,2000,2019/02/03,2019/01/13,,,read,,,,1,0
40195463,Circe,Madeline Miller,"Miller, Madeline",,"=""""","=""""",5.0,"Little, Brown and Company",ebook,400,2018,2018,2019/01/27,2019/01/27,,,read,,,,1,0
36373648,The Mars Room,Rachel Kushner,"Kushner, Rachel",,"=""1476756554""","=""9781476756554""",4.0,Scribner,Hardcover,338,2018,2018,2019/01/12,2019/01/18,,,read,,,,2,0
34267285,"The Trespasser (Dublin Murder Squad, #6)",Tana French,"French, Tana",,"=""0143110381""","=""9780143110385""",4.0,Penguin Books,Paperback,464,2017,2016,2019/01/17,2019/01/18,,,read,,,,2,0
20603758,"Ready Player One (Ready Player One, #1)",Ernest Cline,"Cline, Ernest",,"=""""","=""""",3.0,Ballantine Books,Kindle Edition,386,2011,2011,,2018/03/16,,,read,,,,1,0
139220,"Heat: An Amateur's Adventures as Kitchen Slave, Line Cook, Pasta-Maker, and Apprentice to a Dante-Quoting Butcher in Tuscany",Bill Buford,"Buford, Bill",,"=""1400041201""","=""9781400041206""",0,Knopf,Hardcover,336,2006,2006,,2019/01/13,to-read,to-read (#9),to-read,,,,0,0
18378013,Fools,Joan Silber,"Silber, Joan",,"=""039334889X""","=""9780393348897""",0,W. W. Norton & Company,Paperback,256,2014,2013,,2019/01/11,to-read,to-read (#8),to-read,,,,0,0
40514364,"Children of Time (Children of Time, #1)",Adrian Tchaikovsky,"Tchaikovsky, Adrian",,"=""0316452491""","=""""",5.0,Orbit,Kindle Edition,609,2018,2015,2019/01/02,2018/12/30,,,read,,,,1,0
30319590,I Wrote This Book Because I Love You: Essays,Tim Kreider,"Kreider, Tim",,"=""""","=""""",5.0,Simon & Schuster,Kindle Edition,226,2018,2018,2018/12/30,2018/12/21,,,read,,,,1,0
20518872,"The Three-Body Problem (Remembrance of Earth’s Past, #1)",Liu Cixin,"Cixin, Liu",Ken Liu,"=""""","=""""",3.0,Tor Books,Hardcover,472,2014,2006,2018/12/29,2018/09/23,,,read,,,,1,0
12982393,Dare Me,Megan Abbott,"Abbott, Megan",,"=""0316097772""","=""9780316097772""",3.0,Reagan Arthur Books,Hardcover,290,2012,2012,2018/12/29,2018/06/22,,,read,,,,1,0
34873421,The Wangs vs. the World,Jade Chang,"Chang, Jade",,"=""""","=""""",4.0,Houghton Mifflin Harcourt,Kindle Edition,371,2016,2016,2018/12/29,2018/03/16,,,read,,,,1,0
33411229,Made for Love,Alissa Nutting,"Nutting, Alissa",,"=""0062280570""","=""9780062280572""",4.0,Ecco,Kindle Edition,320,2017,2017,2018/12/29,2018/03/16,,,read,,,,1,0
6401660,Fingersmith,Sarah Waters,"Waters, Sarah",,"=""""","=""""",4.0,Hachette Digital,Kindle Edition,560,2011,2002,2018/12/29,2018/03/16,,,read,,,,1,0
26155161,My Name Is Lucy Barton (Amgash #1),Elizabeth Strout,"Strout, Elizabeth",,"=""""","=""""",4.0,Random House,Kindle Edition,181,2016,2016,2018/12/29,2018/03/16,,,read,,,,1,0
34885018,Unqualified,Anna Faris,"Faris, Anna",Chris Pratt,"=""1101986441""","=""9781101986448""",3.0,Dutton,Kindle Edition,315,2017,2017,2018/12/29,2018/03/16,,,read,,,,1,0
33643501,Ghachar Ghochar,Vivek Shanbhag,"Shanbhag, Vivek",Srinath Perur,"=""1101992948""","=""9781101992944""",4.0,Penguin Books,Kindle Edition,128,2017,2013,2018/12/29,2018/03/16,,,read,,,,1,0
33361409,Spoonbenders,Daryl Gregory,"Gregory, Daryl",,"=""""","=""""",3.0,Knopf,ebook,416,2017,2017,2018/12/29,2018/03/16,,,read,,,,1,0
35172649,The Misfortune of Marion Palm,Emily Culliton,"Culliton, Emily",,"=""1524731919""","=""9781524731915""",4.0,Vintage,Kindle Edition,276,2017,2017,2018/12/29,2018/03/16,,,read,,,,1,0
32795900,History of Wolves,Emily Fridlund,"Fridlund, Emily",,"=""0802189776""","=""9780802189776""",3.0,Atlantic Monthly Press,Kindle Edition,288,2017,2017,2018/12/29,2018/03/16,,,read,,,,1,0
34620503,Reincarnation Blues,Michael Poore,"Poore, Michael",,"=""039917849X""","=""9780399178498""",4.0,Del Rey,Kindle Edition,384,2017,2017,2018/12/29,2018/03/16,,,read,,,,1,0
30163589,The Red Car,Marcy Dermansky,"Dermansky, Marcy",,"=""1631492349""","=""9781631492341""",3.0,Liveright,Kindle Edition,204,2016,2016,2018/12/29,2018/03/16,,,read,,,,1,0
32598745,How to Murder Your Life,Cat Marnell,"Marnell, Cat",,"=""""","=""""",3.0,Simon & Schuster,ebook,385,2017,2017,2018/12/29,2018/03/16,,,read,,,,1,0
285092,High Fidelity,Nick Hornby,"Hornby, Nick",,"=""1573225517""","=""9781573225519""",0,Riverhead Books,Paperback,323,1996,1995,2018/12/29,2018/03/02,,,read,,,,1,0
28390369,Swing Time,Zadie Smith,"Smith, Zadie",,"=""0241144159""","=""9780241144152""",4.0,Hamish Hamilton,Hardcover,453,2016,2016,2018/12/29,2018/01/16,,,read,,,,1,0
28214365,Commonwealth,Ann Patchett,"Patchett, Ann",,"=""0062491792""","=""9780062491794""",4.0,Harper,Hardcover,322,2016,2016,2018/12/29,2018/01/16,,,read,,,,1,0
29588376,"The Lies of Locke Lamora (Gentleman Bastard, #1)",Scott Lynch,"Lynch, Scott",,"=""""","=""""",5.0,Spectra,Kindle Edition,752,2016,2006,2018/12/28,2018/12/22,,,read,,,,1,0
29580,"Second Foundation (Foundation, #3)",Isaac Asimov,"Asimov, Isaac",,"=""0553803735""","=""9780553803730""",4.0,Bantam Spectra,Hardcover,256,2004,1953,2018/06/27,2018/12/27,,,read,,,,2,0
29581,"Foundation and Empire (Foundation, #2)",Isaac Asimov,"Asimov, Isaac",,"=""0553803727""","=""9780553803723""",4.0,Spectra,Hardcover,256,2004,1952,2018/03/27,2018/12/27,,,read,,,,2,0
36453992,Asymmetry,Lisa Halliday,"Halliday, Lisa",,"=""1501166778""","=""9781501166778""",4.0,Simon & Schuster,Kindle Edition,303,2018,2018,2018/03/10,2018/02/06,,,read,,,,2,0
36521370,Cherry,Nico Walker,"Walker, Nico",,"=""178733094X""","=""9781787330948""",5.0,Jonathan Cape,Hardcover,336,2019,2018,2018/12/26,2018/12/27,,,read,,,,2,0
40189879,"The Traitor Baru Cormorant (The Masquerade, #1)",Seth Dickinson,"Dickinson, Seth",,"=""""","=""""",5.0,Tor Books,Kindle Edition,401,2015,2015,2018/12/22,2018/12/08,,,read,,,,1,0
26192646,Sweetbitter,Stephanie Danler,"Danler, Stephanie",,"=""1101875941""","=""9781101875940""",4.0,Knopf,Hardcover,356,2016,2016,,2016/05/29,,,read,,,,1,0
27209486,Modern Lovers,Emma Straub,"Straub, Emma",,"=""159463467X""","=""9781594634673""",4.0,Riverhead Books,Hardcover,353,2016,2016,,2016/05/30,,,read,,,,1,0
23605009,Everybody Rise,Stephanie  Clifford,"Clifford, Stephanie",,"=""1250077176""","=""9781250077172""",2.0,St. Martin's Press,Hardcover,384,2015,2015,,2015/06/20,,,read,,,,1,0
17383934,The Valley of Amazement,Amy Tan,"Tan, Amy",,"=""0062107313""","=""9780062107312""",3.0,Ecco,Hardcover,589,2013,2013,,2013/11/27,,,read,,,,1,0
35917072,"Children of Blood and Bone (Legacy of Orïsha, #1)",Tomi Adeyemi,"Adeyemi, Tomi",,"=""1250170982""","=""9781250170989""",3.0,Henry Holt and Co. (BYR),Kindle Edition,525,2018,2018,2018/12/22,2018/12/14,,,read,,,,1,0
33413556,The Gone World,Tom Sweterlitsch,"Sweterlitsch, Tom",,"=""0399167501""","=""9780399167508""",0,G.P. Putnam's Sons,Hardcover,400,2018,2018,,2018/12/21,to-read,to-read (#7),to-read,,,,0,0
40135584,Family Trust,Kathy Wang,"Wang, Kathy",,"=""0062855271""","=""9780062855275""",4.0,Mariner Books,Kindle Edition,402,2018,2018,2018/12/20,2018/12/17,,,read,,,,1,0
23444482,"The Traitor Baru Cormorant (The Masquerade, #1)",Seth Dickinson,"Dickinson, Seth",,"=""0765380722""","=""9780765380722""",5.0,Tor Books / Tom Doherty Associates ,Hardcover,399,2015,2015,,2018/12/14,,,read,,,,1,0
34647940,Motherest,Kristen Iskandrian,"Iskandrian, Kristen",,"=""""","=""""",4.0,Twelve,Kindle Edition,288,2017,2017,2018/12/11,2018/11/28,,,read,,,,1,0
38474560,Charlotte Walsh Likes to Win,Jo Piazza,"Piazza, Jo",,"=""""","=""""",4.0,Simon & Schuster,ebook,322,2018,2018,2018/12/07,2018/12/06,,,read,,,,1,0
40552730,Small Fry,Lisa Brennan-Jobs,"Brennan-Jobs, Lisa",,"=""""","=""""",5.0,Grove Press,Kindle Edition,388,2018,2018,2018/12/02,2018/11/30,,,read,,,,1,0
39788660,The Witch Elm,Tana French,"French, Tana",,"=""""","=""""",5.0,Viking,ebook,528,2018,2018,2018/11/28,2018/10/23,,,read,,,,1,0
929,Memoirs of a Geisha,Arthur Golden,"Golden, Arthur",,"=""1400096898""","=""9781400096893""",4.0,Vintage Books USA,Mass Market Paperback,503,2005,1997,,2018/11/25,,,read,,,,1,0
39751768,How Are You Going to Save Yourself,J.M.  Holmes,"Holmes, J.M.",,"=""031651487X""","=""9780316514873""",3.0,"Little, Brown and Company",Kindle Edition,257,2018,2018,2018/11/25,2018/11/03,,,read,,,,1,0
16527,Daughter of Fortune,Isabel Allende,"Allende, Isabel",,"=""0061120251""","=""9780061120251""",4.0,Harper Perennial,Paperback,432,2006,1998,,2018/11/25,,,read,,,,1,0
1097,Fast Food Nation: The Dark Side of the All-American Meal,Eric Schlosser,"Schlosser, Eric",,"=""0060838582""","=""9780060838584""",4.0,Harper Perennial,Paperback,383,2005,2001,,2018/11/25,,,read,,,,1,0
33917,The Namesake,Jhumpa Lahiri,"Lahiri, Jhumpa",,"=""0618485228""","=""9780618485222""",4.0,Mariner,Paperback,304,2003,2003,,2018/11/25,,,read,,,,1,0
10441,The Memory Keeper's Daughter,Kim Edwards,"Edwards, Kim",,"=""0143037145""","=""9780143037149""",4.0,Penguin Books,Paperback,401,2006,2005,,2018/11/25,,,read,,,,1,0
62291,"A Storm of Swords (A Song of Ice and Fire, #3)",George R.R. Martin,"Martin, George R.R.",,"=""""","=""""",5.0,Bantam,Mass Market Paperback,1177,2003,2000,,2018/11/25,,,read,,,,1,0
19501,"Eat, Pray, Love",Elizabeth Gilbert,"Gilbert, Elizabeth",,"=""0143038419""","=""9780143038412""",3.0,Riverhead Books,Paperback,368,2007,2006,,2018/11/25,,,read,,,,1,0
1618,The Curious Incident of the Dog in the Night-Time,Mark Haddon,"Haddon, Mark",,"=""1400032717""","=""9781400032716""",4.0,Vintage,Paperback,226,2004,2003,,2018/11/25,,,read,,,,1,0
12232938,The Lovely Bones,Alice Sebold,"Sebold, Alice",,"=""0316166685""","=""9780316166683""",3.0,"Little, Brown and Company",Mass Market Paperback,372,2006,2002,,2018/11/25,,,read,,,,1,0
4214,Life of Pi,Yann Martel,"Martel, Yann",,"=""0770430074""","=""9780770430078""",4.0,Seal Books,Paperback,460,2006,2001,,2018/11/25,,,read,,,,1,0
18619684,The Time Traveler's Wife,Audrey Niffenegger,"Niffenegger, Audrey",,"=""1939126010""","=""9781939126016""",5.0,Zola Books,ebook,537,2013,2003,,2018/11/25,,,read,,,,1,0
39295328,The Gunners,Rebecca Kauffman,"Kauffman, Rebecca",,"=""1640090703""","=""9781640090705""",2.0,Counterpoint,Kindle Edition,289,2018,2018,2018/11/20,2018/11/04,,,read,,,,1,0
28007954,The Hopefuls,Jennifer Close,"Close, Jennifer",,"=""1101875615""","=""9781101875612""",4.0,Knopf,Hardcover,310,2016,2016,,2016/06/19,,,read,,,,1,0
26067909,The Assistants,Camille Perri,"Perri, Camille",,"=""0399172548""","=""9780399172540""",3.0,G.P. Putnam's Sons,Hardcover,282,2016,2016,,2016/06/02,,,read,,,,1,0
23492673,Primates of Park Avenue,Wednesday Martin,"Martin, Wednesday",,"=""1476762627""","=""9781476762623""",4.0,Simon & Schuster,Hardcover,248,2015,2015,,2015/06/20,,,read,,,,1,0
6624929,The Privileges,Jonathan  Dee,"Dee, Jonathan",,"=""1400068673""","=""9781400068678""",3.0,Random House,Hardcover,258,2010,2010,,2015/03/15,,,read,,,,1,0
20910157,Yes Please,Amy Poehler,"Poehler, Amy",,"=""0062268341""","=""9780062268341""",4.0,Dey St.,Hardcover,329,2014,2014,,2014/12/30,,,read,,,,1,0
18143977,All the Light We Cannot See,Anthony Doerr,"Doerr, Anthony",,"=""1476746583""","=""9781476746586""",4.0,Scribner,Hardcover,531,2014,2014,,2014/12/30,,,read,,,,1,0
1432370,"Breaking Night: A Memoir of Forgiveness, Survival, and My Journey from Homeless to Harvard",Liz Murray,"Murray, Liz",,"=""0786868910""","=""9780786868919""",4.0,Hyperion,Hardcover,334,2010,2011,,2014/08/25,,,read,,,,1,0
7141642,The Thousand Autumns of Jacob de Zoet,David  Mitchell,"Mitchell, David",,"=""1400065453""","=""9781400065455""",4.0,Random House,Hardcover,479,2010,2010,,2014/08/25,,,read,,,,1,0
237209,In the Woods,Tana French,"French, Tana","David Nathan, Isabel Margelí Bailo, Ulrike Wasel, Klaus Timmermann","=""0670038601""","=""9780670038602""",0,Viking,Hardcover,429,2007,2007,,2014/08/25,,,read,,,,1,0
13056159,The Chaperone,Laura Moriarty,"Moriarty, Laura",,"=""1594487014""","=""9781594487019""",0,Riverhead Books,Hardcover,367,2012,2012,,2014/08/03,,,read,,,,1,0
19486412,Big Little Lies,Liane Moriarty,"Moriarty, Liane",,"=""0399167064""","=""9780399167065""",5.0,Amy Einhorn Books,Hardcover,458,2014,2014,,2014/07/23,,,read,,,,1,0
18490619,Friendship,Emily Gould,"Gould, Emily",,"=""0374158614""","=""9780374158613""",5.0,"Farrar, Straus and Giroux",Hardcover,258,2014,2014,,2014/07/23,,,read,,,,1,0
18209290,Astonish Me,Maggie Shipstead,"Shipstead, Maggie",,"=""0307962903""","=""9780307962904""",4.0,Knopf,Hardcover,261,2014,2014,,2014/06/16,,,read,,,,1,0
17884042,Still Life with Bread Crumbs,Anna Quindlen,"Quindlen, Anna",,"=""1400065755""","=""9781400065752""",4.0,Random House,Hardcover,252,2014,2014,,2014/06/16,,,read,,,,1,0
18166936,The Strange and Beautiful Sorrows of Ava Lavender,Leslye Walton,"Walton, Leslye",,"=""0763665665""","=""9780763665661""",0,Candlewick Press,Hardcover,301,2014,2014,,2014/06/16,,,read,,,,1,0
18641982,The Vacationers,Emma Straub,"Straub, Emma",,"=""1594631573""","=""9781594631573""",4.0,Riverhead Books,Hardcover,292,2014,2014,,2014/06/16,,,read,,,,1,0
18667945,#Girlboss,Sophia Amoruso,"Amoruso, Sophia",,"=""039916927X""","=""9780399169274""",3.0,Portfolio,Hardcover,256,2014,2014,,2014/06/16,,,read,,,,1,0
3525894,The Unlikely Disciple: A Sinner's Semester at America's Holiest University,Kevin Roose,"Roose, Kevin",,"=""044617842X""","=""9780446178426""",4.0,Grand Central Publishing (NY/Boston),Hardcover,324,2009,2009,,2014/02/01,,,read,,,,1,0
7905092,Freedom,Jonathan Franzen,"Franzen, Jonathan",,"=""0374158460""","=""9780374158460""",5.0,"Farrar, Straus and Giroux",Hardcover,562,2010,2010,,2014/01/05,,,read,,,,1,0
15803141,The Flamethrowers,Rachel Kushner,"Kushner, Rachel",,"=""1439142009""","=""9781439142004""",2.0,Scribner,Hardcover,383,2013,2013,,2013/12/11,,,read,,,,1,0
6240770,The Guinea Pig Diaries: My Life as an Experiment,A.J. Jacobs,"Jacobs, A.J.",,"=""1416599061""","=""9781416599067""",4.0,Simon & Schuster,Hardcover,236,2009,2009,,2013/09/06,,,read,,,,1,0
2277185,Miss Pettigrew Lives for a Day,Winifred Watson,"Watson, Winifred",,"=""190646202X""","=""9781906462024""",4.0,Persephone,Paperback,234,2008,1938,,2013/07/28,,,read,,,,1,0
9531737,"The Wise Man's Fear (The Kingkiller Chronicle, #2)",Patrick Rothfuss,"Rothfuss, Patrick",,"=""""","=""""",4.0,Daw,Kindle Edition,1000,2011,2011,2018/10/08,2018/09/23,,,read,,,,1,0
31948742,Born a Crime: Stories from a South African Childhood (One World Essentials),Trevor Noah,"Noah, Trevor",,"=""""","=""""",4.0,One World,Kindle Edition,294,2016,2016,2018/11/03,2018/10/26,,,read,,,,1,0
36458393,White Fragility: Why It's So Hard for White People to Talk About Racism,Robin DiAngelo,"DiAngelo, Robin",Michael Eric Dyson,"=""0807047422""","=""9780807047422""",5.0,Beacon Press,Kindle Edition,186,2018,2018,2018/11/18,2018/10/17,,,read,,,,1,0
36693524,The Rules Do Not Apply,Ariel Levy,"Levy, Ariel",,"=""0812996941""","=""""",5.0,Random House,Kindle Edition,225,2017,2017,2018/11/18,2018/10/21,,,read,,,,1,0
37921767,Playing with Matches,Hannah Orenstein,"Orenstein, Hannah",,"=""1501178504""","=""9781501178504""",4.0,Touchstone,Kindle Edition,323,2018,2018,2018/11/18,2018/10/22,,,read,,,,1,0
36193439,Pops: Fatherhood in Pieces,Michael Chabon,"Chabon, Michael",,"=""""","=""""",4.0,Harper,Kindle Edition,144,2018,2018,2018/11/18,2018/10/23,,,read,,,,1,0
39867964,Nine Perfect Strangers,Liane Moriarty,"Moriarty, Liane",,"=""""","=""""",2.0,Flatiron Books,ebook,458,2018,2018,2018/11/18,2018/11/06,,,read,,,,1,0
40810032,"We Are the Nerds: The Birth and Tumultuous Life of Reddit, the Internet's Culture Laboratory",Christine Lagorio-Chafkin,"Lagorio-Chafkin, Christine",,"=""0316435368""","=""9780316435369""",4.0,Grand Central Publishing,Kindle Edition,514,2018,2018,2018/11/18,2018/11/18,,,read,,,,1,0
33590210,An American Marriage,Tayari Jones,"Jones, Tayari",,"=""1616201347""","=""9781616201340""",4.0,Algonquin Books,Hardcover,308,2018,2018,2018/08/27,2018/09/23,,,read,,,,2,0
29864343,"Rich People Problems (Crazy Rich Asians, #3)",Kevin Kwan,"Kwan, Kevin",,"=""0385542232""","=""9780385542234""",4.0,Doubleday,Hardcover,398,2017,2017,,2018/09/23,,,read,,,,1,0
35628567,Sociable,Rebecca Harrington,"Harrington, Rebecca",,"=""0385542828""","=""9780385542821""",3.0,Doubleday,Hardcover,256,2018,2018,2018/08/27,2018/09/23,,,read,,,,2,0
144977,The Tender Bar: A Memoir,J.R. Moehringer,"Moehringer, J.R.",,"=""0786888768""","=""9780786888764""",5.0,Hyperion,Paperback,416,2006,2005,2018/05/27,2018/09/23,,,read,,,,2,0
186074,"The Name of the Wind (The Kingkiller Chronicle, #1)",Patrick Rothfuss,"Rothfuss, Patrick",,"=""075640407X""","=""9780756404079""",5.0,Penguin Group DAW,Hardcover,662,2007,2007,2018/10/27,2018/09/23,,,read,,,,2,0
33832831,We Are Never Meeting in Real Life.,Samantha Irby,"Irby, Samantha",,"=""1101912200""","=""9781101912201""",0,Vintage,Kindle Edition,288,2017,2017,2018/09/23,2018/05/20,,,read,,,,1,0
37749766,Sorority,Genevieve Sly Crane,"Crane, Genevieve Sly",,"=""150118749X""","=""9781501187490""",2.0,Gallery/Scout Press,Kindle Edition,309,2018,2018,2018/09/23,2018/06/22,,,read,,,,1,0
33408186,The Heirs,Susan  Rieger,"Rieger, Susan",,"=""1101904720""","=""9781101904725""",3.0,Crown,Kindle Edition,272,2017,2017,2018/06/26,2018/06/17,,,read,,,,1,0
38799469,Bad Blood: Secrets and Lies in a Silicon Valley Startup,John Carreyrou,"Carreyrou, John",,"=""""","=""""",5.0,Vintage,Kindle Edition,353,2018,2018,2018/09/23,2018/07/03,,,read,,,,1,0
39903265,From the Corner of the Oval,Beck Dorey-Stein,"Dorey-Stein, Beck",,"=""0525509135""","=""9780525509134""",5.0,Random House,Kindle Edition,331,2018,2018,2018/09/23,2018/07/11,,,read,,,,1,0
32735369,Tell Me Lies,Carola Lovering,"Lovering, Carola",,"=""""","=""""",3.0,Atria Books,ebook,352,2018,2018,2018/09/23,2018/07/13,,,read,,,,1,0
36644043,Indecent,Corinne Sullivan,"Sullivan, Corinne",,"=""1250147093""","=""9781250147097""",3.0,St. Martin's Press,Kindle Edition,304,2018,2018,2018/09/23,2018/07/17,,,read,,,,1,0
34503571,The Book of Essie,Meghan MacLean Weir,"Weir, Meghan MacLean",,"=""""","=""""",4.0,Knopf,ebook,319,2018,2018,2018/09/23,2018/08/13,,,read,,,,1,0
35999155,The Pisces,Melissa Broder,"Broder, Melissa",,"=""1524761575""","=""9781524761578""",4.0,Hogarth,Kindle Edition,304,2018,2018,2018/08/17,2018/07/01,,,read,,,,1,0
36247169,Educated,Tara Westover,"Westover, Tara",,"=""""","=""""",4.0,Random House,ebook,336,2018,2018,2018/09/23,2018/08/21,,,read,,,,1,0
29569206,Give Me Your Hand,Megan Abbott,"Abbott, Megan",,"=""031654728X""","=""9780316547284""",3.0,"Little, Brown and Company",Kindle Edition,352,2018,2018,2018/09/23,2018/09/16,,,read,,,,1,0
36978953,"Thanks, Obama: My Hopey, Changey White House Years",David Litt,"Litt, David",,"=""""","=""""",5.0,HarperCollins Publishers,Kindle Edition,321,2017,2017,2018/09/23,2018/09/21,,,read,,,,1,0
38350979,Nothing Good Can Come from This,Kristi Coulter,"Coulter, Kristi",,"=""0374717087""","=""9780374717087""",4.0,MCD x FSG Originals,Kindle Edition,214,2018,2018,2018/09/23,2018/09/03,,,read,,,,1,0
33525783,The Awkward Age,Francesca Segal,"Segal, Francesca",,"=""0399576479""","=""9780399576478""",4.0,Riverhead Books,Kindle Edition,368,2017,2017,2018/06/17,2018/06/15,,,read,,,,1,0
37662025,Our Kind of Cruelty,Araminta Hall,"Hall, Araminta",,"=""0374717990""","=""9780374717995""",4.0,"Farrar, Straus and Giroux",Kindle Edition,271,2018,2018,2018/06/17,2018/06/10,,,read,,,,1,0
32619967,Pachinko,Min Jin Lee,"Lee, Min Jin",,"=""""","=""""",4.0,Grand Central Publishing,ebook,490,2017,2017,2018/06/05,2018/04/15,,,read,,,,1,0
39807070,And Now We Have Everything: On Motherhood Before I Was Ready,Meaghan O'Connell,"O'Connell, Meaghan",,"=""0316393835""","=""9780316393836""",4.0,Little Brown,Kindle Edition,204,2018,2018,2018/06/05,2018/04/22,,,read,,,,1,0
27868408,Before the Fall,Noah Hawley,"Hawley, Noah",,"=""""","=""""",4.0,Grand Central Publishing,Kindle Edition,390,2016,2016,2018/06/05,2018/05/09,,,read,,,,1,0
38205614,"Hey Ladies!: The Story of 8 Best Friends, 1 Year, and Way, Way Too Many Emails",Michelle Markowitz,"Markowitz, Michelle","Caroline Moss, Carolyn Bahar","=""""","=""""",5.0,ABRAMS Image,Kindle Edition,274,2018,2018,2018/06/05,2018/05/28,,,read,,,,1,0
36615105,The Ensemble,Aja Gabel,"Gabel, Aja",,"=""0735214786""","=""9780735214781""",5.0,Riverhead Books,Kindle Edition,352,2018,2018,2018/06/05,2018/05/29,,,read,,,,1,0
36147701,The Girl Who Never Read Noam Chomsky,Jana Casale,"Casale, Jana",,"=""1524732001""","=""9781524732004""",5.0,Vintage,Kindle Edition,367,2018,2018,2018/06/04,2018/06/03,,,read,,,,1,0
36384374,Unwifeable,Mandy Stadtmiller,"Stadtmiller, Mandy",,"=""""","=""""",0,Gallery Books,Kindle Edition,337,2018,2018,2018/04/20,2018/04/17,,,read,,,,1,0
35631386,The Undoing Project: A Friendship That Changed Our Minds,Michael   Lewis,"Lewis, Michael",,"=""0393354776""","=""9780393354775""",5.0,W. W. Norton & Company,Paperback,368,2017,2016,2018/02/27,2018/04/15,,,read,,,,2,0
31675787,"Beartown (Beartown, #1)",Fredrik Backman,"Backman, Fredrik",,"=""""","=""""",4.0, Atria Books,ebook,432,2017,2016,2018/03/18,2017/11/19,,,read,,,,1,0
36013824,I Hear She's a Real Bitch,Jen Agg,"Agg, Jen",,"=""0525504575""","=""9780525504573""",3.0,Penguin Books,Kindle Edition,362,2017,2017,2018/04/15,2018/03/21,,,read,,,,1,0
36288143,Brotopia: Breaking Up the Boys' Club of Silicon Valley,Emily  Chang,"Chang, Emily",,"=""0735213542""","=""9780735213548""",5.0,Portfolio,Kindle Edition,335,2018,2018,2018/04/02,2018/03/12,,,read,,,,1,0
35672408,The Female Persuasion,Meg Wolitzer,"Wolitzer, Meg",,"=""0525533222""","=""9780525533221""",3.0,Riverhead Books,Kindle Edition,464,2018,2018,2018/04/15,2018/04/03,,,read,,,,1,0
34740065,Love and Trouble: A Midlife Reckoning,Claire Dederer,"Dederer, Claire",,"=""1101946512""","=""9781101946510""",4.0,Vintage,Kindle Edition,258,2017,2017,2018/04/14,2018/03/18,,,read,,,,1,0
35381379,How to Stop Time,Matt Haig,"Haig, Matt",,"=""""","=""""",1.0,Viking,ebook,331,2018,2017,2018/04/14,2018/02/17,,,read,,,,1,0
36232835,The Comfort Food Diaries: My Quest for the Perfect Dish to Mend a Broken Heart,Emily Nunn,"Nunn, Emily",,"=""""","=""""",3.0,Atria Books,Kindle Edition,321,2017,2017,2018/04/14,2018/03/19,,,read,,,,1,0
20873740,Sapiens: A Brief History of Humankind,Yuval Noah Harari,"Harari, Yuval Noah",,"=""0062316109""","=""9780062316103""",5.0,Harper,Kindle Edition,414,2015,2011,2018/04/15,2018/02/06,,,read,,,,1,0
34818584,Mrs. Fletcher,Tom Perrotta,"Perrotta, Tom",,"=""""","=""""",4.0,Scribner ,ebook,320,2017,2017,,2018/03/16,,,read,,,,1,0
18741927,God Is Not Great: How Religion Poisons Everything,Christopher Hitchens,"Hitchens, Christopher",,"=""""","=""""",5.0,Twelve,Kindle Edition,321,2007,2007,2018/07/27,2018/03/16,,,read,,,,2,0
36862147,"The Hate U Give (The Hate U Give, #1)",Angie Thomas,"Thomas, Angie",,"=""""","=""""",4.0,Balzer + Bray,Kindle Edition,447,2017,2017,2018/07/27,2018/03/16,,,read,,,,2,0
18006389,The Wife,Meg Wolitzer,"Wolitzer, Meg",,"=""""","=""""",4.0,Simon and Schuster Digital Sales Inc,ebook,233,2007,2003,2018/03/16,2018/01/28,,,read,,,,1,0
35397072,Red Clocks,Leni Zumas,"Zumas, Leni",,"=""""","=""""",4.0,"Little, Brown and Company",ebook,649,2018,2018,2018/03/16,2018/01/29,,,read,,,,1,0
24823310,A Window Opens,Elisabeth Egan,"Egan, Elisabeth",,"=""""","=""""",2.0,Simon & Schuster,Kindle Edition,416,2015,2015,2018/02/17,2016/06/02,,,read,,,,1,0
33119956,"A Really Good Day: How Microdosing Made a Mega Difference in My Mood, My Marriage, and My Life",Ayelet Waldman,"Waldman, Ayelet",,"=""0451494105""","=""9780451494108""",4.0,Anchor,Kindle Edition,258,2017,2017,2018/02/17,2018/02/13,,,read,,,,1,0
35283342,Neon in Daylight,Hermione Hoby,"Hoby, Hermione",,"=""1936787768""","=""9781936787760""",3.0,Catapult,Kindle Edition,288,2018,2018,2018/03/16,2018/03/02,,,read,,,,1,0
36483183,Mrs.,Caitlin Macy,"Macy, Caitlin",,"=""0316434175""","=""9780316434171""",4.0,"Little, Brown and Company",Kindle Edition,353,2018,2018,2018/03/16,2018/03/03,,,read,,,,1,0
36081963,Bachelor Nation: Inside the World of America's Favorite Guilty Pleasure,Amy  Kaufman,"Kaufman, Amy",,"=""1101985925""","=""""",3.0,Dutton,Kindle Edition,320,2018,2018,2018/03/16,2018/03/10,,,read,,,,1,0
36531861,Laura & Emma,Kate Greathead,"Greathead, Kate",,"=""""","=""""",5.0,Scribner,Kindle Edition,353,2018,2018,2018/03/16,2018/03/14,,,read,,,,1,0
32187419,Conversations with Friends,Sally Rooney,"Rooney, Sally",,"=""0451499077""","=""9780451499073""",5.0,Hogarth,Kindle Edition,304,2017,2017,2018/03/14,2018/03/12,,,read,,,,1,0
36160477,Ultraluminous,Katherine Faw Morris,"Morris, Katherine Faw",,"=""0374716641""","=""9780374716646""",0,MCD ,Kindle Edition,240,2017,2017,2018/02/04,2018/02/02,,,read,,,,1,0
36216983,The Perfect Nanny,Leïla Slimani,"Slimani, Leïla",Sam Taylor,"=""0525503897""","=""9780525503897""",3.0,Penguin Books,Kindle Edition,240,2018,2016,2018/01/23,2018/01/14,,,read,,,,1,0
22929602,What Belongs to You,Garth Greenwell,"Greenwell, Garth",,"=""0374288224""","=""9780374288228""",4.0,"Farrar, Straus and Giroux",Hardcover,195,2016,2016,,2017/12/28,,,read,,,,1,0
33984894,The Power,Naomi Alderman,"Alderman, Naomi",,"=""""","=""""",5.0,"Little, Brown and Company",ebook,416,2017,2016,2017/12/22,2017/12/20,,,read,,,,1,0
34675006,Home Fire,Kamila Shamsie,"Shamsie, Kamila",,"=""073521770X""","=""9780735217706""",4.0,Riverhead Books,Kindle Edition,288,2017,2017,2017/12/16,2017/12/16,,,read,,,,1,0
30688763,My Not So Perfect Life,Sophie Kinsella,"Kinsella, Sophie",,"=""081299826X""","=""9780812998269""",2.0,The Dial Press,Hardcover,439,2017,2017,,2017/12/12,,,read,,,,1,0
31434883,Eleanor Oliphant Is Completely Fine,Gail Honeyman,"Honeyman, Gail",,"=""0735220689""","=""9780735220683""",4.0,Pamela Dorman Books / Viking,Hardcover,336,2017,2017,,2017/12/12,,,read,,,,1,0
30820805,The Animators,Kayla Rae Whitaker,"Whitaker, Kayla Rae",,"=""""","=""""",0,Random House,ebook,386,2017,2017,2017/12/11,2017/12/11,,,read,,,,1,0
35414653,"The Four: The Hidden DNA of Amazon, Apple, Facebook, and Google",Scott Galloway,"Galloway, Scott",,"=""0735213666""","=""9780735213661""",5.0,Portfolio,Kindle Edition,336,2017,2017,2017/12/07,2017/12/07,,,read,,,,1,0
10650875,"Blood, Bones, and Butter: The Inadvertent Education of a Reluctant Chef",Gabrielle Hamilton,"Hamilton, Gabrielle",,"=""""","=""""",0,Random House,ebook,291,2011,2001,2017/12/01,2017/11/26,,,read,,,,1,0
28449270,Today Will Be Different,Maria Semple,"Semple, Maria",,"=""0316467065""","=""9780316403436""",5.0,"Little, Brown and Company",Hardcover,259,2016,2016,,2017/11/30,,,read,,,,1,0
18240211,Casebook,Mona Simpson,"Simpson, Mona",,"=""0385351410""","=""9780385351416""",4.0,Knopf,Hardcover,336,2014,2014,,2017/11/30,,,read,,,,1,0
29579,"Foundation (Foundation, #1)",Isaac Asimov,"Asimov, Isaac",,"=""0553803719""","=""9780553803716""",5.0,Bantam,Hardcover,244,2004,1951,,2017/11/30,,,read,,,,1,0
25817523,The Ramblers,Aidan Donnelley Rowley,"Rowley, Aidan Donnelley",,"=""0062413317""","=""9780062413314""",2.0,William Morrow,Hardcover,385,2016,2016,,2017/11/30,,,read,,,,1,0
5439,Interpreter of Maladies,Jhumpa Lahiri,"Lahiri, Jhumpa",,"=""0618101365""","=""9780618101368""",4.0,Houghton Mifflin Harcourt,Hardcover,198,2000,1999,,2017/11/30,,,read,,,,1,0
26247008,Truly Madly Guilty,Liane Moriarty,"Moriarty, Liane",,"=""1250125561""","=""9781250125569""",0,Flatiron Books,Hardcover,432,2016,2016,,2016/06/02,,,read,,,,0,0
34273236,Little Fires Everywhere,Celeste Ng,"Ng, Celeste",,"=""0735224293""","=""9780735224292""",4.0,Penguin Press,Hardcover,338,2017,2017,,2017/11/19,,,read,,,,1,0
15798782,Tapestry of Fortunes,Elizabeth Berg,"Berg, Elizabeth",,"=""0812993144""","=""9780812993141""",4.0,Random House,Hardcover,219,2013,2013,,2017/11/19,,,read,,,,1,0
18404247,How to Tell Toledo from the Night Sky,Lydia Netzer,"Netzer, Lydia",,"=""1250047021""","=""9781250047021""",3.0,St. Martin's Press,Hardcover,339,2014,2014,,2017/11/19,,,read,,,,1,0
30555488,The Underground Railroad,Colson Whitehead,"Whitehead, Colson",,"=""0385542364""","=""9780385542364""",4.0,Doubleday,Hardcover,306,2016,2016,,2016/12/27,,,read,,,,1,0
27071490,Homegoing,Yaa Gyasi,"Gyasi, Yaa",,"=""""","=""""",4.0,Alfred A. Knopf,Hardcover,305,2016,2016,,2016/12/27,,,read,,,,1,0
234225,"Dune (Dune, #1)",Frank Herbert,"Herbert, Frank",,"=""0340839937""","=""9780340839935""",5.0,Hodder,Paperback,604,2006,1965,,2016/12/27,,,read,,,,1,0
29236564,Harmony,Carolyn Parkhurst,"Parkhurst, Carolyn",,"=""0399562605""","=""9780399562600""",0,Pamela Dorman Books,Hardcover,288,2016,2016,,2016/12/27,,,read,,,,1,0
3711,White Teeth,Zadie Smith,"Smith, Zadie",,"=""0375703861""","=""9780375703867""",4.0,Vintage,Paperback,448,2001,2000,,2016/12/27,,,read,,,,1,0
25814219,Sunday's on the Phone to Monday,Christine  Reilly,"Reilly, Christine",,"=""1501116878""","=""9781501116872""",4.0,Touchstone,Hardcover,323,2016,2016,,2016/09/04,,,read,,,,1,0
15797715,A Constellation of Vital Phenomena,Anthony Marra,"Marra, Anthony",,"=""0770436404""","=""9780770436407""",4.0,Hogarth,Hardcover,384,2013,2013,,2013/12/11,,,read,,,,1,0
18039963,A House in the Sky,Amanda Lindhout,"Lindhout, Amanda",Sara Corbett,"=""1451651694""","=""9781451651690""",4.0,Scribner,Hardcover,373,2013,2013,,2013/12/09,,,read,,,,1,0
6366437,Half Broke Horses,Jeannette Walls,"Walls, Jeannette",,"=""1416586288""","=""9781416586289""",4.0,Scribner,Hardcover,272,2009,2009,,2013/12/06,,,read,,,,1,0
15818107,Orphan Train,Christina Baker Kline,"Kline, Christina Baker",,"=""""","=""""",3.0,William Morrow Paperbacks,Paperback,278,2013,2013,,2013/07/25,,,read,,,,1,0
26114644,The Children,Ann Leary,"Leary, Ann",,"=""1250045371""","=""9781250045379""",4.0,St. Martin's Press,Hardcover,246,2016,,,2016/09/03,,,read,,,,1,0
2156,Persuasion,Jane Austen,"Austen, Jane","Deidre Shauna Lynch, James Kinsley","=""0192802631""","=""9780192802637""",5.0,Oxford University Press,Paperback,249,2004,1817,,2014/02/13,,,read,,,,1,0
296302,The Last Summer of You and Me,Ann Brashares,"Brashares, Ann",,"=""1594489173""","=""9781594489174""",3.0,Riverhead Books,Hardcover,306,2007,2007,,2016/06/27,,,read,,,,1,0
201651,No Way to Treat a First Lady,Christopher Buckley,"Buckley, Christopher",,"=""0375758755""","=""9780375758751""",5.0,Random House Publishing Group,Paperback,288,2003,2002,,2016/06/27,,,read,,,,1,0
25776134,Burning Down the House,Jane Mendelsohn,"Mendelsohn, Jane",,"=""1101875453""","=""9781101875452""",1.0,Knopf,Hardcover,304,2016,2016,,2016/06/19,,,read,,,,1,0
26890725,Rich and Pretty,Rumaan Alam,"Alam, Rumaan",,"=""0062429930""","=""9780062429933""",4.0,Ecco,Hardcover,304,2016,2016,,2016/06/19,,,read,,,,1,0
25776196,I'm Glad About You,Theresa Rebeck,"Rebeck, Theresa",,"=""0399172882""","=""9780399172885""",2.0,G.P. Putnam's Sons,Hardcover,372,2016,2016,,2016/06/19,,,read,,,,1,0
26531477,The Miracle on Monhegan Island,Elizabeth  Kelly,"Kelly, Elizabeth",,"=""1631491792""","=""9781631491795""",1.0,Liveright,Hardcover,325,2016,2016,,2016/06/19,,,read,,,,1,0
25129624,The Decent Proposal,Kemper Donovan,"Donovan, Kemper",,"=""0062391623""","=""9780062391629""",1.0,HarperCollins,Hardcover,308,2016,2016,,2016/06/19,,,read,,,,1,0
10644930,11/22/63,Stephen  King,"King, Stephen",,"=""1451627289""","=""9781451627282""",2.0,Scribner,Hardcover,849,2011,2011,,2016/06/19,,,read,,,,1,0
9271896,The Tragedy of Arthur,Arthur Phillips,"Phillips, Arthur",,"=""1400066476""","=""9781400066476""",0,Random House,Hardcover,368,2011,2011,,2016/06/02,to-read,to-read (#6),to-read,,,,0,0
16158566,My Education,Susan Choi,"Choi, Susan",,"=""0670024902""","=""9780670024902""",3.0,Viking,Hardcover,304,2013,2013,,2016/06/02,,,read,,,,1,0
9592213,Faith,Jennifer Haigh,"Haigh, Jennifer",,"=""0060755806""","=""9780060755805""",0,Harper,Hardcover,322,2011,2011,,2016/06/02,to-read,to-read (#5),to-read,,,,0,0
2217682,America America,Ethan Canin,"Canin, Ethan",,"=""0679456805""","=""9780679456803""",0,Random House,Hardcover,458,2008,2008,,2016/05/30,to-read,to-read (#4),to-read,,,,0,0
22318513,A Doubter's Almanac,Ethan Canin,"Canin, Ethan",,"=""1400068266""","=""9781400068265""",5.0,Random House,Hardcover,558,2016,2016,,2016/05/30,,,read,,,,1,0
8306857,"Divergent (Divergent, #1)",Veronica Roth,"Roth, Veronica",,"=""0062024027""","=""9780062024022""",2.0,Katherine Tegen Books,Hardcover,487,2011,2011,,2013/01/06,,,read,,,,1,0
114447,The Impressionist,Hari Kunzru,"Kunzru, Hari",,"=""0141008288""","=""9780141008288""",5.0,Penguin,Paperback,482,2003,2002,,2016/05/13,,,read,,,,1,0
25781157,The Nest,Cynthia D'Aprix Sweeney,"Sweeney, Cynthia D'Aprix",,"=""0062414216""","=""9780062414212""",5.0,Ecco,Hardcover,353,2016,2016,,2016/04/24,,,read,,,,1,0
5872,"Regeneration (Regeneration, #1)",Pat Barker,"Barker, Pat",,"=""0140236236""","=""9780140236231""",3.0,Penguin Books Ltd,Paperback,256,2011,1991,,2016/04/15,,,read,,,,1,0
348632,The Blood of Flowers,Anita Amirrezvani,"Amirrezvani, Anita",,"=""0316065765""","=""9780316065764""",0,"Little, Brown and Company",Hardcover,368,2007,2007,,2016/04/15,to-read,to-read (#3),to-read,,,,0,0
22609317,Luckiest Girl Alive,Jessica Knoll,"Knoll, Jessica",,"=""1476789630""","=""9781476789637""",3.0,Simon & Schuster,Hardcover,338,2015,2015,,2016/01/14,,,read,,,,1,0
7117958,Mr. Rosenblum Dreams in English,Natasha Solomons,"Solomons, Natasha",,"=""0316077585""","=""9780316077583""",4.0,Reagan Arthur Books,Hardcover,357,2010,2008,,2016/01/14,,,read,,,,1,0
23398625,Kitchens of the Great Midwest,J. Ryan Stradal,"Stradal, J. Ryan",,"=""052542914X""","=""9780525429142""",4.0,Pamela Dorman Books/Viking,Paperback,310,2015,2015,,2016/01/14,,,read,,,,1,0
9361589,The Night Circus,Erin Morgenstern,"Morgenstern, Erin",,"=""""","=""9780385534635""",5.0,Doubleday,Hardcover,506,2011,2011,,2016/01/14,,,read,,,,1,0
95961,About Alice,Calvin Trillin,"Trillin, Calvin",,"=""1400066158""","=""9781400066155""",4.0,Random House,Hardcover,78,2006,2006,,2016/01/14,,,read,,,,1,0
13590049,Is Everyone Hanging Out Without Me? (And Other Concerns),Mindy Kaling,"Kaling, Mindy","B.J. Novak, Michael Schur, Brenda Withers","=""0307939820""","=""9780307939821""",4.0,Books on Tape,Audiobook,5,2011,2011,,2016/01/14,,,read,,,,1,0
18007533,One More Thing: Stories and Other Stories,B.J. Novak,"Novak, B.J.",,"=""0385351836""","=""9780385351836""",4.0,Knopf,Hardcover,288,2014,2014,,2016/01/14,,,read,,,,1,0
21412400,The First Bad Man,Miranda July,"July, Miranda",,"=""1439172560""","=""9781439172568""",3.0,Scribner,Hardcover,288,2015,2015,,2016/01/14,,,read,,,,1,0
23398961,The Sound of Glass,Karen   White,"White, Karen",,"=""0451470893""","=""9780451470898""",0,Berkley,Hardcover,432,2015,2015,,2015/12/25,to-read,to-read (#2),to-read,,,,0,0
16158542,The Boys in the Boat: Nine Americans and Their Epic Quest for Gold at the 1936 Berlin Olympics,Daniel James Brown,"Brown, Daniel James",,"=""067002581X""","=""9780670025817""",5.0,Viking,Hardcover,404,2013,2013,,2015/10/26,,,read,,,,1,0
13538873,"Mr. Penumbra's 24-Hour Bookstore (Mr. Penumbra's 24-Hour Bookstore, #1)",Robin Sloan,"Sloan, Robin",,"=""0374214913""","=""9780374214913""",3.0,"Farrar, Straus and Giroux",Hardcover,288,2012,2012,,2015/10/26,,,read,,,,1,0
1232,"The Shadow of the Wind (The Cemetery of Forgotten Books, #1)",Carlos Ruiz Zafón,"Zafón, Carlos Ruiz",Lucia Graves,"=""""","=""""",5.0,Penguin Books,Paperback,487,2005,2001,,2015/10/26,,,read,,,,1,0
2967752,The Elegance of the Hedgehog,Muriel Barbery,"Barbery, Muriel",Alison Anderson,"=""1933372605""","=""9781933372600""",5.0,Europa Editions,Paperback,325,2008,2006,,2015/10/26,,,read,,,,1,0
2187,Middlesex,Jeffrey Eugenides,"Eugenides, Jeffrey",,"=""0312422156""","=""9780312422158""",5.0,Picador USA,Paperback,529,2002,2002,,2015/10/26,,,read,,,,1,0
77203,The Kite Runner,Khaled Hosseini,"Hosseini, Khaled",,"=""159463193X""","=""9781594631931""",5.0,Riverhead Books,Paperback,371,2004,2003,,2015/10/26,,,read,,,,1,0
2429135,"The Girl With the Dragon Tattoo (Millennium, #1)",Stieg Larsson,"Larsson, Stieg",Reg Keeland,"=""0670069019""","=""9780670069019""",4.0,Viking Canada,Hardcover,480,2008,2005,,2015/10/26,,,read,,,,1,0
17333223,The Goldfinch,Donna Tartt,"Tartt, Donna",,"=""0316055433""","=""9780316055437""",4.0,"Little, Brown",Hardcover,771,2013,2013,,2015/10/26,,,read,,,,1,0
16181775,"The Rosie Project (Don Tillman, #1)",Graeme Simsion,"Simsion, Graeme",,"=""1476729085""","=""9781476729084""",4.0,Simon & Schuster,Hardcover,292,2013,2013,,2015/10/26,,,read,,,,1,0
12262741,Wild: From Lost to Found on the Pacific Crest Trail,Cheryl Strayed,"Strayed, Cheryl",,"=""0307592731""","=""9780307592736""",4.0,Knopf,Hardcover,336,2012,2012,,2015/10/26,,,read,,,,1,0
15507958,"Me Before You (Me Before You, #1)",Jojo Moyes,"Moyes, Jojo",,"=""""","=""""",4.0,Pamela Dorman Books/Viking,Hardcover,369,2012,2012,,2015/10/26,,,read,,,,1,0
18693716,One Plus One,Jojo Moyes,"Moyes, Jojo",,"=""0525426582""","=""9780525426585""",4.0,Pamela Dorman Books,Hardcover,368,2014,2014,,2015/07/24,,,read,,,,1,0
13325079,Billy Lynn's Long Halftime Walk,Ben Fountain,"Fountain, Ben",,"=""0060885599""","=""9780060885595""",5.0,Ecco,Hardcover,307,2012,2012,,2015/07/24,,,read,,,,1,0
5163984,Spoiled,Caitlin Macy,"Macy, Caitlin",,"=""1400061997""","=""9781400061990""",3.0,Random House,Hardcover,220,2009,2009,,2015/07/24,,,read,,,,1,0
13507212,"Bring Up the Bodies (Thomas Cromwell, #2)",Hilary Mantel,"Mantel, Hilary",,"=""""","=""""",4.0,"Henry Holt & Company, Inc.",Hardcover,412,2012,2012,,2015/06/20,,,read,,,,1,0
15790842,"Life After Life (Todd Family, #1)",Kate Atkinson,"Atkinson, Kate",,"=""0316176486""","=""9780316176484""",5.0,Reagan Arthur Books,Hardcover,544,2013,2013,,2015/06/20,,,read,,,,1,0
33722,The Undomestic Goddess,Sophie Kinsella,"Kinsella, Sophie",,"=""""","=""""",1.0,Dial Press Trade Paperback,Paperback,404,2006,2005,,2013/02/03,,,read,,,,1,0
11925514,"Code Name Verity (Code Name Verity, #1)",Elizabeth Wein,"Wein, Elizabeth",,"=""1405258217""","=""9781405258210""",3.0,Egmont Press,Paperback,448,2012,2012,,2015/03/27,,,read,,,,1,0
21535555,Plus One,Christopher Noxon,"Noxon, Christopher",,"=""1938849426""","=""9781938849428""",3.0,Prospect Park Books,Hardcover,304,2015,2014,,2015/03/26,,,read,,,,1,0
22015256,Man at the Helm,Nina Stibbe,"Stibbe, Nina",,"=""0241003156""","=""9780241003152""",4.0,Penguin Viking,Hardcover,313,2014,2014,,2015/03/26,,,read,,,,1,0
22367526,My Sunshine Away,M.O. Walsh,"Walsh, M.O.",,"=""0399169520""","=""9780399169526""",4.0,Amy Einhorn Books,Hardcover,306,2015,2015,,2015/03/20,,,read,,,,1,0
22749994,Funny Girl,Nick Hornby,"Hornby, Nick",,"=""1594205418""","=""9781594205415""",4.0,Riverhead Books,Hardcover,452,2015,2014,,2015/03/15,,,read,,,,1,0
13593564,The End of Men: And the Rise of Women,Hanna Rosin,"Rosin, Hanna",,"=""1594488045""","=""9781594488047""",5.0,Riverhead Books,Hardcover,310,2012,2012,,2015/03/15,,,read,,,,1,0
22557272,The Girl on the Train,Paula Hawkins,"Hawkins, Paula",,"=""1594633665""","=""9781594633669""",2.0,Riverhead Books,Hardcover,336,2015,2015,,2015/03/15,,,read,,,,1,0
15745753,Eleanor & Park,Rainbow Rowell,"Rowell, Rainbow",,"=""1250012570""","=""9781250012579""",5.0,St. Martin's Press,Hardcover,328,2013,2012,,2015/02/14,,,read,,,,1,0
18054175,The Good Luck of Right Now,Matthew Quick,"Quick, Matthew",,"=""006228553X""","=""9780062285539""",4.0,Harper,Hardcover,304,2014,2014,,2015/02/14,,,read,,,,1,0
21423525,Us,David Nicholls,"Nicholls, David",,"=""034089699X""","=""9780340896990""",4.0,Hodder & Stoughton,Hardcover,400,2014,2014,,2015/02/14,,,read,,,,1,0
10964693,The Marriage Plot,Jeffrey Eugenides,"Eugenides, Jeffrey",,"=""0374203059""","=""9780374203054""",3.0,"Farrar, Straus and Giroux",Hardcover,406,2011,2011,,2014/12/30,,,read,,,,1,0
18081809,Landline,Rainbow Rowell,"Rowell, Rainbow",,"=""1250049377""","=""9781250049377""",5.0,St. Martin's Press,Hardcover,320,2014,2014,,2014/12/30,,,read,,,,1,0
256566,Everything is Illuminated,Jonathan Safran Foer,"Foer, Jonathan Safran",,"=""0060529709""","=""9780060529703""",2.0,Harper Perennial,Paperback,276,2003,2002,,2014/12/28,,,read,,,,1,0
11275323,"Raising Steam (Discworld, #40; Moist von Lipwig, #3)",Terry Pratchett,"Pratchett, Terry",,"=""0857522272""","=""9780857522276""",2.0,Doubleday,Hardcover,377,2013,2013,2014/12/25,2014/03/28,,,read,,,,1,0
7331435,A Visit from the Goon Squad,Jennifer Egan,"Egan, Jennifer",,"=""0307592839""","=""9780307592835""",4.0,Knopf,Hardcover,274,2010,2010,,2014/12/25,,,read,,,,1,0
16068905,Fangirl,Rainbow Rowell,"Rowell, Rainbow",,"=""""","=""""",5.0,St. Martin's Griffin,ebook,483,2013,2013,,2014/12/25,,,read,,,,1,0
3805,The Corrections,Jonathan Franzen,"Franzen, Jonathan",,"=""1841156736""","=""9781841156736""",3.0,Fourth Estate Paperbacks,Paperback,653,2002,2001,,2014/12/25,,,read,,,,1,0
15794107,Autobiography of Us,Aria Beth Sloss,"Sloss, Aria Beth",,"=""0805094555""","=""9780805094558""",3.0,Henry Holt and Co.,Hardcover,304,2013,2013,,2014/12/25,,,read,,,,1,0
18693753,Dear Daughter,Elizabeth  Little,"Little, Elizabeth",,"=""0670016381""","=""9780670016389""",1.0,Viking,Hardcover,364,2014,2014,,2014/12/25,,,read,,,,1,0
8882001,Helen of Pasadena,Lian Dolan,"Dolan, Lian",,"=""0984410228""","=""9780984410224""",1.0,Prospect Park Books,Paperback,304,2010,2010,,2014/12/17,,,read,,,,1,0
15815333,The Interestings,Meg Wolitzer,"Wolitzer, Meg",,"=""1594488398""","=""9781594488399""",5.0,Riverhead Books,Hardcover,468,2013,2013,,2014/11/22,,,read,,,,1,0
20763881,Keep Your Friends Close,Paula Daly,"Daly, Paula",,"=""0802123201""","=""9780802123206""",2.0,Grove Press,Hardcover,335,2014,2014,,2014/09/16,,,read,,,,1,0
19104786,The Rise & Fall of Great Powers,Tom Rachman,"Rachman, Tom",,"=""0679643656""","=""9780679643654""",4.0,The Dial Press,Hardcover,384,2014,2014,,2014/09/11,,,read,,,,1,0
18656036,The Fever,Megan Abbott,"Abbott, Megan",,"=""0316231053""","=""9780316231053""",2.0,"Little, Brown and Company",Hardcover,307,2014,2014,,2014/09/06,,,read,,,,1,0
9791,A Walk in the Woods: Rediscovering America on the Appalachian Trail,Bill Bryson,"Bryson, Bill",,"=""0307279464""","=""9780307279460""",4.0,Vintage,Mass Market Paperback,397,2006,1998,,2014/09/03,,,read,,,,1,0
18316089,Lucky Us,Amy Bloom,"Bloom, Amy",,"=""1400067243""","=""9781400067244""",3.0,Random House,Hardcover,256,2014,2014,,2014/08/31,,,read,,,,1,0
16130486,The Gravity of Birds,Tracy Guzeman,"Guzeman, Tracy",,"=""1451689764""","=""9781451689761""",3.0,Simon & Schuster,Hardcover,295,2013,2013,,2014/08/25,,,read,,,,1,0
16130291,The Silver Star,Jeannette Walls,"Walls, Jeannette",,"=""1451661509""","=""9781451661507""",3.0,Scribner,Hardcover,267,2013,2013,,2014/08/25,,,read,,,,1,0
45376,Matters of Honor,Louis Begley,"Begley, Louis",,"=""0307265250""","=""9780307265258""",4.0,Knopf,Hardcover,320,2007,2007,,2014/08/25,,,read,,,,1,0
14781494,The Last Girlfriend on Earth: And Other Love Stories,Simon Rich,"Rich, Simon",,"=""0316219398""","=""9780316219396""",5.0,Reagan Arthur Books,Hardcover,213,2013,2013,,2014/08/25,,,read,,,,1,0
18667976,"The Secret Life of Violet Grant (Schuyler Sisters, #1)",Beatriz Williams,"Williams, Beatriz",,"=""0399162178""","=""9780399162176""",3.0,G.P. Putnam's Sons,Hardcover,432,2014,2014,,2014/08/25,,,read,,,,1,0
18404251,Cutting Teeth,Julia Fierro,"Fierro, Julia",,"=""125004202X""","=""9781250042026""",3.0,St. Martin's Press,Hardcover,322,2014,2014,,2014/08/25,,,read,,,,1,0
17910118,The Book of Jonah,Joshua Max Feldman,"Feldman, Joshua Max",,"=""0805097767""","=""9780805097764""",4.0,Henry Holt and Co.,Hardcover,337,2014,2014,,2014/08/25,,,read,,,,1,0
18667991,What Has Become of You,Jan Elizabeth Watson,"Watson, Jan Elizabeth",,"=""0525954376""","=""9780525954378""",2.0,Dutton,Hardcover,352,2014,2014,,2014/08/25,,,read,,,,1,0
18518285,The Girls from Corona del Mar,Rufi Thorpe,"Thorpe, Rufi",,"=""0385351968""","=""9780385351966""",3.0,Knopf,Hardcover,256,2014,2014,,2014/08/25,,,read,,,,1,0
18490557,"Monday, Monday",Elizabeth   Crook,"Crook, Elizabeth",,"=""0374228825""","=""9780374228828""",4.0,Sarah Crichton Books,Hardcover,352,2014,2014,,2014/08/25,,,read,,,,1,0
17910101,The Last Enchantments,Charles Finch,"Finch, Charles",,"=""1250018714""","=""9781250018717""",3.0,St. Martin's Press,Hardcover,323,2014,2014,,2014/08/25,,,read,,,,1,0
18693711,The Last Magazine,Michael Hastings,"Hastings, Michael",,"=""0399169946""","=""9780399169946""",3.0,Blue Rider Press,Hardcover,352,2014,2014,,2014/08/05,,,read,,,,1,0
9118135,State of Wonder,Ann Patchett,"Patchett, Ann",,"=""0062049801""","=""9780062049803""",5.0,HarperCollins Publishers,Hardcover,353,2011,2011,,2014/08/03,,,read,,,,1,0
51108,The Language of Threads (Women of the Silk #2),Gail Tsukiyama,"Tsukiyama, Gail",,"=""""","=""""",4.0,St. Martin's Griffin,Paperback,288,2000,1999,,2014/08/03,,,read,,,,1,0
6948436,Little Bee,Chris Cleave,"Cleave, Chris",,"=""1416589643""","=""9781416589648""",4.0,Simon & Schuster,Paperback,271,2010,2008,,2014/08/03,,,read,,,,1,0
3682,"A Great and Terrible Beauty (Gemma Doyle, #1)",Libba Bray,"Bray, Libba",,"=""0689875347""","=""9780689875342""",2.0,Simon and Schuster,Hardcover,403,2003,2003,,2014/08/03,,,read,,,,1,0
3591262,Cutting for Stone,Abraham   Verghese,"Verghese, Abraham",,"=""0375414495""","=""9780375414497""",4.0,Alfred A. Knopf,Hardcover,560,2009,2009,,2014/08/03,,,read,,,,1,0
3985,The Amazing Adventures of Kavalier & Clay,Michael Chabon,"Chabon, Michael",,"=""0312282990""","=""9780312282998""",4.0,Picador USA,Paperback,639,2001,2000,,2014/08/03,,,read,,,,1,0
11529868,The Orphan Master's Son,Adam  Johnson,"Johnson, Adam",,"=""0812992792""","=""9780812992793""",3.0,Random House,Hardcover,443,2012,2012,,2014/08/03,,,read,,,,1,0
18668008,Graduates in Wonderland: The International Misadventures of Two (Almost) Adults,Jessica Pan,"Pan, Jessica",Rachel Kapelke-Dale,"=""1592408605""","=""9781592408603""",4.0,Penguin Publishing Group,Paperback,304,2014,2014,,2014/08/03,,,read,,,,1,0
2694064,The Toss of a Lemon,Padma Viswanathan,"Viswanathan, Padma",,"=""0307356329""","=""9780307356321""",3.0,Random House Canada,Hardcover,640,2008,2008,,2014/08/03,,,read,,,,1,0
187020,Empire Falls,Richard Russo,"Russo, Richard",,"=""0375726403""","=""9780375726408""",4.0,Vintage Books,Paperback,483,2002,2001,,2014/08/03,,,read,,,,1,0
2964456,Playing the Enemy: Nelson Mandela and the Game That Made a Nation,John Carlin,"Carlin, John",,"=""1594201749""","=""9781594201745""",4.0,"Penguin Press HC, The",Hardcover,288,2008,2008,,2014/08/03,,,read,,,,1,0
10762469,The Leftovers,Tom Perrotta,"Perrotta, Tom",,"=""0312358342""","=""9780312358341""",4.0,St. Martin's Press,Hardcover,355,2011,2011,,2014/07/23,,,read,,,,1,0
4953,A Heartbreaking Work of Staggering Genius,Dave Eggers,"Eggers, Dave",,"=""0375725784""","=""9780375725784""",5.0,Vintage,Paperback,530,2001,2000,,2014/04/14,,,read,,,,1,0
16158535,A Hundred Summers,Beatriz Williams,"Williams, Beatriz",,"=""039916216X""","=""9780399162169""",3.0,G.P. Putnam's Sons,Hardcover,357,2013,2013,,2014/03/28,,,read,,,,1,0
16126596,The People in the Trees,Hanya Yanagihara,"Yanagihara, Hanya",,"=""0385536771""","=""9780385536776""",4.0,Doubleday,Hardcover,369,2013,2013,,2014/03/28,,,read,,,,1,0
17757954,Belle Cora,Phillip Margulies,"Margulies, Phillip",,"=""0385532768""","=""9780385532761""",2.0,Doubleday,Hardcover,608,2014,2014,,2014/03/24,,,read,,,,1,0
15818440,The Accursed,Joyce Carol Oates,"Oates, Joyce Carol",,"=""0062231707""","=""9780062231703""",3.0,Ecco,Hardcover,669,2013,2013,,2014/03/24,,,read,,,,1,0
6834410,The Imperfectionists,Tom Rachman,"Rachman, Tom",,"=""0385343663""","=""9780385343664""",3.0,The Dial Press,Hardcover,272,2010,2010,,2014/03/15,,,read,,,,1,0
7937843,Room,Emma Donoghue,"Donoghue, Emma",,"=""""","=""""",4.0,"Little, Brown and Company",Hardcover,321,2010,2010,,2014/03/15,,,read,,,,1,0
6892870,"The Girl Who Kicked the Hornet’s Nest (Millennium, #3)",Stieg Larsson,"Larsson, Stieg",Reg Keeland,"=""030726999X""","=""9780307269997""",3.0,Knopf,Hardcover,566,2010,2007,,2014/03/15,,,read,,,,1,0
6065629,Candor,Pam Bachorz,"Bachorz, Pam",,"=""1606840126""","=""9781606840122""",2.0,EgmontUSA,Hardcover,272,2009,2009,,2014/03/15,,,read,,,,1,0
635442,Acceptance,Susan Coll,"Coll, Susan",,"=""0374237190""","=""9780374237196""",3.0,"Farrar, Straus and Giroux",Hardcover,286,2007,2007,,2014/03/15,,,read,,,,1,0
51114,Women of the Silk (Women of the Silk #1),Gail Tsukiyama,"Tsukiyama, Gail",,"=""0312099436""","=""9780312099435""",4.0,St. Martin's Griffin,Paperback,278,1993,1991,,2014/03/15,,,read,,,,1,0
1379961,People of the Book,Geraldine Brooks,"Brooks, Geraldine",,"=""067001821X""","=""""",5.0,Viking Books,Hardcover,372,2008,2008,,2014/03/15,,,read,,,,1,0
3008,A Little Princess,Frances Hodgson Burnett,"Burnett, Frances Hodgson",U.C. Knoepflmacher,"=""0142437018""","=""9780142437018""",5.0,Penguin Books,Paperback,242,2002,1905,,2014/03/15,,,read,,,,1,0
17899948,Rebecca,Daphne du Maurier,"Maurier, Daphne du",,"=""0316323705""","=""9780316323703""",4.0,"Little, Brown and Company",Kindle Edition,449,2013,1938,,2014/03/15,,,read,,,,1,0
1103,Snow Flower and the Secret Fan,Lisa See,"See, Lisa",,"=""0812968069""","=""9780812968064""",4.0,Random House ,Paperback,269,2006,2005,,2014/03/15,,,read,,,,1,0
7445,The Glass Castle,Jeannette Walls,"Walls, Jeannette",,"=""074324754X""","=""9780743247542""",5.0,Scribner,Paperback,288,2006,2005,,2014/02/13,,,read,,,,1,0
37470,"The Other Boleyn Girl (The Plantagenet and Tudor Novels, #9)",Philippa Gregory,"Gregory, Philippa",,"=""""","=""""",3.0,Washington Square Press,Paperback,661,2003,2001,,2014/02/13,,,read,,,,1,0
43641,Water for Elephants,Sara Gruen,"Gruen, Sara",,"=""1565125606""","=""9781565125605""",4.0,Algonquin Books,Paperback,368,2007,2006,,2014/02/13,,,read,,,,1,0
17797253,Under the Wide and Starry Sky,Nancy Horan,"Horan, Nancy",,"=""0345516532""","=""9780345516534""",3.0,Ballantine Books,Hardcover,474,2014,2014,,2014/02/13,,,read,,,,1,0
17707462,From Scratch: Inside the Food Network,Allen Salkin,"Salkin, Allen",,"=""0399159320""","=""9780399159329""",3.0,G.P. Putnam's Sons,Hardcover,434,2013,2013,,2014/01/27,,,read,,,,1,0
16115612,And the Mountains Echoed,Khaled Hosseini,"Hosseini, Khaled",,"=""159463176X""","=""9781594631764""",5.0,Riverhead Books,Hardcover,404,2013,2012,,2014/01/27,,,read,,,,1,0
242583,Not Buying It: My Year Without Shopping,Judith Levine,"Levine, Judith",,"=""0743269365""","=""9780743269360""",2.0,Atria Books,Paperback,288,2007,2006,,2014/01/10,,,read,,,,1,0
17380041,Longbourn,Jo Baker,"Baker, Jo",,"=""0385351232""","=""9780385351232""",4.0,Knopf,Hardcover,332,2013,2013,,2013/12/19,,,read,,,,1,0
15819028,"The Golem and the Jinni (The Golem and the Jinni, #1)",Helene Wecker,"Wecker, Helene",,"=""0062110837""","=""9780062110831""",4.0,Harper,Hardcover,486,2013,2013,,2013/12/18,,,read,,,,1,0
430156,To Die For,Joyce Maynard,"Maynard, Joyce",,"=""0595269397""","=""9780595269396""",4.0,Backinprint.Com,Paperback,258,2003,1992,,2013/12/09,,,read,,,,1,0
10746542,The Sense of an Ending,Julian Barnes,"Barnes, Julian",,"=""0224094157""","=""9780224094153""",3.0,Jonathan Cape,Hardcover,150,2011,2011,,2013/11/30,,,read,,,,1,0
14568981,Life Among Giants,Bill Roorbach,"Roorbach, Bill",Alper Yesiltas,"=""1616200766""","=""9781616200763""",2.0,Algonquin Books,Hardcover,331,2012,2012,,2013/11/02,,,read,,,,1,0
16045140,The Love Affairs of Nathaniel P.,Adelle Waldman,"Waldman, Adelle",,"=""0805097457""","=""9780805097450""",3.0,Henry Holt and Co.,Hardcover,256,2013,2013,,2013/09/11,,,read,,,,1,0
16158508,The Yonahlossee Riding Camp for Girls,Anton DiSclafani,"DiSclafani, Anton",,"=""1594486409""","=""9781594486401""",3.0,Riverhead Books,Hardcover,390,2013,2013,,2013/06/06,,,read,,,,1,0
16077150,Instructions for a Heatwave,Maggie O'Farrell,"O'Farrell, Maggie",,"=""0755358783""","=""9780755358786""",4.0,Headline Book Publishing,Hardcover,352,2013,2013,,2013/08/05,,,read,,,,1,0
7932145,Pictures of You,Caroline Leavitt,"Leavitt, Caroline",,"=""1565126319""","=""9781565126312""",0,Algonquin Books of Chapel Hill,Paperback,335,2011,2011,,2013/05/31,,,read,,,,1,0
12157365,"Unraveling (Unraveling, #1)",Elizabeth Norris,"Norris, Elizabeth",,"=""0062103733""","=""9780062103734""",0,Balzer + Bray,Hardcover,464,2012,2012,,2013/06/05,,,read,,,,1,0
1472878,"Firefly Lane (Firefly Lane, #1)",Kristin Hannah,"Hannah, Kristin",,"=""0312364083""","=""9780312364083""",0,St. Martin's Press,Hardcover,479,2008,2008,,2013/05/21,,,read,,,,1,0
1722717,"The Declaration (The Declaration, #1)",Gemma Malley,"Malley, Gemma",,"=""1599901196""","=""9781599901190""",0,Bloomsbury USA Childrens,Hardcover,320,2007,2007,,2013/05/20,,,read,,,,1,0
11331421,"The Art of Hearing Heartbeats (The Art of Hearing Heartbeats, #1)",Jan-Philipp Sendker,"Sendker, Jan-Philipp",Kevin Wiliarty,"=""1590514637""","=""9781590514634""",0,Other Press,Paperback,325,2012,2002,,2013/05/31,,,read,,,,1,0
9565548,"Grave Mercy (His Fair Assassin, #1)",Robin LaFevers,"LaFevers, Robin",,"=""054762834X""","=""9780547628349""",0,Houghton Mifflin Harcourt,Hardcover,549,2012,2012,,2013/05/31,,,read,,,,1,0
10194157,"Shadow and Bone (Shadow and Bone, #1)",Leigh Bardugo,"Bardugo, Leigh",,"=""1250048117""","=""9781250048110""",5.0,Henry Holt & Company,Hardcover,358,2012,2012,,2013/05/22,,,read,,,,1,0
16248311,The Perfume Collector,Kathleen Tessaro,"Tessaro, Kathleen",,"=""0062257838""","=""9780062257833""",0,Harper,Hardcover,456,2013,2013,,2013/05/31,,,read,,,,1,0
38447,"The Handmaid’s Tale (The Handmaid's Tale, #1)",Margaret Atwood,"Atwood, Margaret",,"=""038549081X""","=""9780385490818""",0,Anchor Books,Paperback,311,1998,1985,,2013/05/20,,,read,,,,1,0
3236307,"Graceling (Graceling Realm, #1)",Kristin Cashore,"Cashore, Kristin",,"=""015206396X""","=""9780152063962""",5.0,Harcourt,Hardcover,471,2008,2008,,2013/05/12,,,read,,,,1,0
6137154,"Fire (Graceling Realm, #2)",Kristin Cashore,"Cashore, Kristin",,"=""0803734611""","=""9780803734616""",0,Dial Books,Hardcover,480,2009,2009,,2013/05/19,,,read,,,,1,0
12680907,"Bitterblue (Graceling Realm, #3)",Kristin Cashore,"Cashore, Kristin",Ian Schoenherr,"=""0803734735""","=""9780803734739""",0,Dial,Hardcover,576,2012,2012,,2013/05/19,,,read,,,,1,0
12000020,"Aristotle and Dante Discover the Secrets of the Universe (Aristotle and Dante, #1)",Benjamin Alire Sáenz,"Sáenz, Benjamin Alire",,"=""1442408928""","=""9781442408920""",0,Simon & Schuster Books for Young Readers,Hardcover,390,2012,2012,,2013/05/04,,,read,,,,1,0
13547428,Chanel Bonfire,Wendy Lawless,"Lawless, Wendy",,"=""1451675364""","=""9781451675368""",0,Gallery Books,Hardcover,304,2013,2013,,2013/05/04,,,read,,,,1,0
6969,Emma,Jane Austen,"Austen, Jane",Fiona Stafford,"=""""","=""""",0,Penguin Books,Paperback,474,2003,1815,,2013/01/06,,,read,,,,1,0
11870085,The Fault in Our Stars,John  Green,"Green, John",,"=""""","=""""",4.0,Dutton Books,Hardcover,313,2012,2012,,2013/01/06,,,read,,,,1,0
16275321,Is This Tomorrow,Caroline Leavitt,"Leavitt, Caroline",,"=""""","=""""",0,Algonquin Books,Paperback,384,2013,2013,,2013/05/04,,,read,,,,1,0
16045062,"The Caretaker (Ranjit Singh, #1)",A.X. Ahmad,"Ahmad, A.X.",,"=""1250016843""","=""9781250016843""",2.0,Minotaur Books,Hardcover,294,2013,2013,,2013/09/09,,,read,,,,1,0
8570787,Drop Dead Healthy: One Man's Humble Quest for Bodily Perfection,A.J. Jacobs,"Jacobs, A.J.",,"=""141659907X""","=""9781416599074""",3.0,Simon & Schuster,Hardcover,402,2012,2012,,2013/09/06,,,read,,,,1,0
13453029,"Wool Omnibus (Silo, #1)",Hugh Howey,"Howey, Hugh",,"=""""","=""""",3.0,Broad Reach Publishing,Paperback,509,2012,2012,,2013/09/05,,,read,,,,1,0
16066896,"Amy Falls Down  (Amy Gallup, #2)",Jincy Willett,"Willett, Jincy",,"=""1250028280""","=""9781250028280""",4.0,Thomas Dunne Books,ebook,336,2013,2013,,2013/09/01,,,read,,,,1,0
16248223,The Ghost Bride,Yangsze Choo,"Choo, Yangsze",,"=""0062227327""","=""9780062227324""",3.0,William Morrow,Hardcover,368,2013,2013,,2013/08/27,,,read,,,,1,0
6101138,"Wolf Hall (Thomas Cromwell, #1)",Hilary Mantel,"Mantel, Hilary",,"=""""","=""""",5.0,HarperCollins Publishers Ltd,Paperback,653,2010,2009,,2013/08/24,,,read,,,,1,0
13093000,The Newlyweds,Nell Freudenberger,"Freudenberger, Nell",,"=""0307268845""","=""9780307268846""",3.0,Knopf,Hardcover,337,2012,2012,,2013/08/17,,,read,,,,1,0
128029,A Thousand Splendid Suns,Khaled Hosseini,"Hosseini, Khaled",,"=""1594489505""","=""9781594489501""",5.0,Riverhead Books,Hardcover,372,2007,2007,,2013/08/16,,,read,,,,1,0
3867,The History of Love,Nicole Krauss,"Krauss, Nicole",,"=""0393328627""","=""9780393328622""",5.0,W. W. Norton & Company,Paperback,255,2006,2005,,2013/08/16,,,read,,,,1,0
701738,Incendiary,Chris Cleave,"Cleave, Chris",,"=""1400096685""","=""9781400096688""",4.0,Anchor,Paperback,239,2006,2005,,2013/08/16,,,read,,,,1,0
1736739,"Olive Kitteridge (Olive Kitteridge, #1)",Elizabeth Strout,"Strout, Elizabeth",,"=""""","=""""",4.0,Random House,Hardcover,270,2008,2008,,2013/08/16,,,read,,,,2,0
27003,"The Eyre Affair (Thursday Next, #1)",Jasper Fforde,"Fforde, Jasper",,"=""0142001805""","=""9780142001806""",3.0,Penguin Books,Paperback,400,2003,2001,,2013/08/16,,,read,,,,1,0
10054335,Rules of Civility,Amor Towles,"Towles, Amor",,"=""""","=""""",4.0,Viking Adult,Hardcover,335,2011,2011,,2013/08/16,,,read,,,,1,0
6334,Never Let Me Go,Kazuo Ishiguro,"Ishiguro, Kazuo",,"=""1400078776""","=""9781400078776""",4.0,Vintage Books ,Paperback,288,2010,2005,,2013/08/16,,,read,,,,1,0
9938498,"In the Garden of Beasts: Love, Terror, and an American Family in Hitler's Berlin",Erik Larson,"Larson, Erik",,"=""0307408841""","=""9780307408846""",4.0,Crown,Hardcover,448,2011,2011,,2013/08/16,,,read,,,,1,0
13508607,The Secret Keeper,Kate Morton,"Morton, Kate",,"=""1439152802""","=""9781439152805""",3.0,Atria,Hardcover,484,2012,2012,,2013/08/16,,,read,,,,1,0
9684523,Caleb's Crossing,Geraldine Brooks,"Brooks, Geraldine",,"=""0670021040""","=""9780670021048""",4.0,Viking,Hardcover,306,2011,2011,,2013/08/16,,,read,,,,1,0
2381953,The God of War,Marisa Silver,"Silver, Marisa",,"=""1416563164""","=""9781416563167""",3.0,Simon & Schuster,Hardcover,288,2008,2008,,2013/08/16,,,read,,,,1,0
13158800,The Light Between Oceans,M.L. Stedman,"Stedman, M.L.",,"=""1451681739""","=""9781451681734""",4.0,Scribner,Hardcover,362,2012,2012,,2013/08/16,,,read,,,,1,0
33313,Kitchen Confidential: Adventures in the Culinary Underbelly,Anthony Bourdain,"Bourdain, Anthony",,"=""0060899220""","=""9780060899226""",3.0,Ecco/Harper Perennial,Paperback,312,2007,2000,,2013/08/16,,,read,,,,1,0
13436345,"Amber House (Amber House, #1)",Kelly  Moore,"Moore, Kelly","Tucker Reed, Larkin Reed","=""0545434165""","=""9780545434164""",3.0,Arthur A. Levine Books,Hardcover,368,2012,2012,,2013/08/16,,,read,,,,1,0
495395,The Year of Living Biblically: One Man's Humble Quest to Follow the Bible as Literally as Possible,A.J. Jacobs,"Jacobs, A.J.",,"=""0743291476""","=""9780743291477""",5.0,Simon & Schuster,Hardcover,388,2007,2007,,2013/08/16,,,read,,,,1,0
10996342,The Art of Fielding,Chad Harbach,"Harbach, Chad",,"=""0316126691""","=""9780316126694""",4.0,"Little, Brown and Company",Hardcover,512,2011,2011,,2013/08/16,,,read,,,,1,0
2767052,"The Hunger Games (The Hunger Games, #1)",Suzanne Collins,"Collins, Suzanne",,"=""0439023483""","=""9780439023481""",5.0,Scholastic Press,Hardcover,374,2008,2008,,2013/07/28,,,read,,,,1,0
8442457,Gone Girl,Gillian Flynn,"Flynn, Gillian",,"=""""","=""""",5.0,Weidenfeld & Nicolson,Hardcover,399,2012,2012,,2013/07/28,,,read,,,,1,0
4667024,The Help,Kathryn Stockett,"Stockett, Kathryn",,"=""0399155341""","=""9780399155345""",5.0,G.P. Putnam's Sons,Hardcover,451,2009,2009,,2013/07/28,,,read,,,,1,0
10579099,"Slayers (Slayers, #1)",C.J. Hill,"Hill, C.J.",,"=""0312614144""","=""9780312614140""",3.0,Feiwel & Friends,Hardcover,373,2011,2011,,2013/06/13,,,read,,,,1,0
6185,Wuthering Heights,Emily Brontë,"Brontë, Emily","Richard J. Dunn, Charlotte Brontë, John Bugg, Robert Heindel","=""""","=""""",4.0,Norton,Paperback,464,2002,1847,,2013/06/08,,,read,,,,1,0
29044,The Secret History,Donna Tartt,"Tartt, Donna",,"=""1400031702""","=""9781400031702""",4.0,Vintage Books,Paperback,559,2004,1992,,2013/06/08,,,read,,,,1,0
13062488,The Lost Girl,Sangu Mandanna,"Mandanna, Sangu",,"=""0062082310""","=""9780062082312""",3.0,Balzer + Bray,Hardcover,432,2012,2012,,2013/06/03,,,read,,,,1,0
12700790,"Spellcaster (Spellcaster, #1)",Claudia Gray,"Gray, Claudia",,"=""0061961205""","=""9780061961205""",5.0,HarperTeen,Hardcover,389,2013,2013,,2013/06/01,,,read,,,,1,0
15790873,"This Is What Happy Looks Like (This is What Happy Looks Like, #1)",Jennifer E. Smith,"Smith, Jennifer E.",,"=""0316212822""","=""9780316212823""",4.0,Headline,Hardcover,404,2013,2013,,2013/05/31,,,read,,,,1,0
150739,"Dealing with Dragons (Enchanted Forest Chronicles, #1)",Patricia C. Wrede,"Wrede, Patricia C.",,"=""015204566X""","=""9780152045661""",5.0,Harcourt Brace and Company,Paperback,240,2002,1990,,2013/05/29,,,read,,,,1,0
13517444,"Stung (Stung, #1)",Bethany Wiggins,"Wiggins, Bethany",,"=""0802734189""","=""9780802734181""",3.0,Walker Childrens,Hardcover,294,2013,2013,,2013/05/25,,,read,,,,1,0
10507293,"The Selection (The Selection, #1)",Kiera Cass,"Cass, Kiera",,"=""0062059939""","=""9780062059932""",1.0,HarperTeen,Hardcover,336,2012,2012,,2013/05/22,,,read,,,,1,0
2696181,"The Compound (The Compound, #1)",S.A. Bodeen,"Bodeen, S.A.",,"=""0312370156""","=""9780312370152""",5.0,Feiwel and Friends,Hardcover,256,2008,2008,,2013/05/04,,,read,,,,1,0
13831,"Alanna: The First Adventure (Song of the Lioness, #1)",Tamora Pierce,"Pierce, Tamora",,"=""0689878559""","=""9780689878558""",5.0,Simon Pulse,Mass Market Paperback,274,2005,1983,,2013/05/04,,,read,,,,1,0
2536134,"Gone (Gone, #1)",Michael  Grant,"Grant, Michael",,"=""0061448761""","=""9780061448768""",3.0,Katherine Tegen Books,Hardcover,560,2008,2008,,2013/05/04,,,read,,,,1,0
9275658,"Legend (Legend, #1)",Marie Lu,"Lu, Marie",,"=""""","=""""",5.0,Putnam Juvenile,Hardcover,305,2011,2011,,2013/05/04,,,read,,,,1,0
7137327,"Enclave (Razorland, #1)",Ann Aguirre,"Aguirre, Ann",,"=""0312650086""","=""9780312650087""",3.0,Feiwel & Friends,Hardcover,259,2011,2011,,2013/05/04,,,read,,,,1,0
10210,Jane Eyre,Charlotte Brontë,"Brontë, Charlotte",Michael Mason,"=""0142437204""","=""9780142437209""",5.0,Penguin,Paperback,532,2003,1847,,2013/05/04,,,read,,,,1,0
39963,"A Long Way from Chicago (A Long Way from Chicago, #1)",Richard Peck,"Peck, Richard",,"=""0142401102""","=""9780142401101""",5.0,Puffin Books,Paperback,148,2004,1998,,2013/05/04,,,read,,,,1,0
1162022,On the Jellicoe Road,Melina Marchetta,"Marchetta, Melina",,"=""0670070297""","=""9780670070299""",0,Penguin Australia,Paperback,290,2006,2006,,2013/05/04,,,read,,,,1,0
15015015,Lessons in French,Hilary Reyl,"Reyl, Hilary",,"=""1451655037""","=""9781451655032""",3.0,Simon & Schuster,Hardcover,352,2013,2012,,2013/05/04,,,read,,,,1,0
13604611,The Revised Fundamentals of Caregiving,Jonathan Evison,"Evison, Jonathan",,"=""1616200391""","=""9781616200398""",3.0,Algonquin Books of Chapel Hill,Hardcover,278,2012,2012,,2013/05/04,,,read,,,,1,0
1902241,"The Adoration of Jenna Fox (Jenna Fox Chronicles, #1)",Mary E. Pearson,"Pearson, Mary E.",,"=""0805076689""","=""9780805076684""",5.0,Henry Holt and Co.,Hardcover,266,2008,2008,,2013/04/28,,,read,,,,1,0
15818333,The Death of Bees,Lisa O'Donnell,"O'Donnell, Lisa",,"=""0062209841""","=""9780062209849""",5.0,Harper,Hardcover,312,2013,2012,,2013/04/27,,,read,,,,1,0
13526165,"Where'd You Go, Bernadette",Maria Semple,"Semple, Maria",,"=""0316204277""","=""9780316204279""",5.0,"Little, Brown and Company",Hardcover,330,2012,2012,,2013/04/13,,,read,,,,1,0
13449858,"The Lives We Lost (Fallen World, #2)",Megan Crewe,"Crewe, Megan",,"=""1423146174""","=""9781423146179""",5.0,Disney Hyperion,Hardcover,288,2013,2013,,2013/04/07,,,read,,,,1,0
9593913,"Requiem (Delirium, #3)",Lauren Oliver,"Oliver, Lauren",,"=""0062014536""","=""9780062014535""",5.0,HarperCollins Children's Books,Hardcover,391,2013,2013,,2013/04/07,,,read,,,,1,0
5826,Bel Canto,Ann Patchett,"Patchett, Ann",,"=""""","=""""",5.0,Harper Perennial,Paperback,318,2023,2001,,2013/03/31,,,read,,,,1,0
398651,The Ivy Chronicles,Karen Quinn,"Quinn, Karen",,"=""0452287227""","=""9780452287228""",1.0,Penguin Publishing Group,Paperback,342,2006,2005,,2013/03/16,,,read,,,,1,0
5886881,Dark Places,Gillian Flynn,"Flynn, Gillian",,"=""0307341569""","=""9780307341563""",3.0,Shaye Areheart Books,Hardcover,424,2009,2009,,2013/03/15,,,read,,,,1,0
500743,"The Wizard Heir (The Heir Chronicles, #2)",Cinda Williams Chima,"Chima, Cinda Williams",,"=""1423104870""","=""9781423104872""",4.0,"Little, Brown Books for Young Readers",Hardcover,458,2008,2007,,2013/03/14,,,read,,,,1,0
14798443,Hysteria,Megan Miranda,"Miranda, Megan",,"=""0802723101""","=""9780802723109""",2.0,Walker Childrens,Hardcover,336,2013,2013,,2013/02/24,,,read,,,,1,0
13072709,She's Never Coming Back,Hans Koppel,"Koppel, Hans",,"=""0751547824""","=""9780751547825""",3.0,Sphere,Paperback,393,2012,2011,,2013/02/12,,,read,,,,1,0
5633771,Admission,Jean Hanff Korelitz,"Korelitz, Jean Hanff",,"=""0446540706""","=""9780446540704""",4.0,Grand Central Publishing,Hardcover,452,2009,2009,,2013/02/07,,,read,,,,1,0
527055,"Rhymes with Witches (Crestview Academy, #2)",Lauren Myracle,"Myracle, Lauren",,"=""0810992159""","=""9780810992153""",2.0,Harry N. Abrams,Paperback,237,2006,2005,,2013/02/03,,,read,,,,1,0
14805480,"Shadowlands (Shadowlands, #1)",Kate Brian,"Brian, Kate",,"=""1423164830""","=""9781423164838""",4.0,Hyperion,Hardcover,336,2013,2013,,2013/02/03,,,read,,,,1,0
12981956,"Have a Nice Day (Anna Bloom, #2)",Julie Halpern,"Halpern, Julie",,"=""0312606605""","=""9780312606602""",2.0,Feiwel and Friends,Hardcover,336,2012,2012,,2013/01/25,,,read,"I read half of this book and then gave up. The premise was good: I liked that the author was exploring depression, a theme typically missing in the YA genre. Unfortunately, Anna is beyond annoying. She's always going off on tangents that did nothing to move the plot forward or add any interest. What's worse, she never stops moaning about how fat she was and how she's a little less fat now. <br/>I could see how Anna was going to make some significant progress with her issues, but I just didn't like her enough to watch it happen.",,,1,0
12987977,Where We Belong,Emily Giffin,"Giffin, Emily",,"=""0312554192""","=""9780312554194""",2.0,St. Martin's Press,Hardcover,372,2012,2004,,2013/01/25,,,read,"Where We Belong just didn't do it for me. The plot was generic (adopted kid tracks down long-lost parents, begins to love them, folds them into her life and makes ""one big happy family."") Vanilla plots can be redeemed by lovable characters, but that didn't really happen here. Marian is immature, weak, and completely overshadowed by all the other characters. Kirby is just okay; I didn't find her very realistic, and I'm exactly her age. Conrad is the one likable character but he's not present nearly enough.<br/>That said, I was glad the ending wasn't completely neat and tidy. Conrad and Marian will probably end up together, but it's left for the reader to imagine their future.",,,1,0
5623269,The Friday Society,Adrienne Kress,"Kress, Adrienne",,"=""0803737610""","=""9780803737617""",3.0,Dial,Hardcover,440,2012,2012,,2013/01/06,,,read,,,,1,0
1189878,My Most Excellent Year,Steve Kluger,"Kluger, Steve",,"=""0803732279""","=""9780803732278""",2.0,Dial,Hardcover,403,2008,2008,,2013/01/06,,,read,,,,1,0
1627267,"Audrey, Wait!",Robin Benway,"Benway, Robin",,"=""159514191X""","=""9781595141910""",4.0,Razorbill,Hardcover,313,2008,2008,,2013/01/06,,,read,,,,1,0
317282,Memoirs of a Teenage Amnesiac,Gabrielle Zevin,"Zevin, Gabrielle",,"=""0374349460""","=""9780374349462""",2.0,Farrar Straus Giroux,Hardcover,288,2007,2007,,2013/01/06,,,read,,,,1,0
1629601,The Disreputable History of Frankie Landau-Banks,E. Lockhart,"Lockhart, E.",,"=""0786838183""","=""9780786838189""",3.0,"Little, Brown Books for Young Readers",Hardcover,342,2008,2008,,2013/01/06,,,read,,,,1,0
7741325,"Dash & Lily's Book of Dares (Dash & Lily, #1)",Rachel Cohn,"Cohn, Rachel",David Levithan,"=""0375866590""","=""9780375866593""",2.0,Knopf Books for Young Readers,Hardcover,260,2010,2010,,2013/01/06,,,read,,,,1,0
248704,It's Kind of a Funny Story,Ned Vizzini,"Vizzini, Ned",,"=""078685197X""","=""9780786851973""",4.0,Disney Hyperion,Paperback,444,2007,2006,,2013/01/06,,,read,,,,1,0
99561,Looking for Alaska,John  Green,"Green, John",,"=""1435249151""","=""9781435249158""",4.0,Speak,Paperback,221,2006,2005,,2013/01/06,,,read,,,,1,0
310459,"Roll of Thunder, Hear My Cry (Logans, #4)",Mildred D. Taylor,"Taylor, Mildred D.",,"=""014034893X""","=""9780140348934""",1.0,Puffin Books,Paperback,288,1991,1976,,2013/01/06,,,read,,,,1,0
4052117,What I Saw and How I Lied,Judy Blundell,"Blundell, Judy",,"=""0439903467""","=""9780439903462""",4.0,Scholastic Press,Hardcover,284,2008,2008,,2013/01/06,,,read,,,,1,0
5152478,Wintergirls,Laurie Halse Anderson,"Anderson, Laurie Halse",,"=""067001110X""","=""9780670011100""",1.0,Viking Books for Young Readers,Hardcover,278,2009,2009,,2013/01/06,,,read,,,,1,0
1217100,Thirteen Reasons Why,Jay Asher,"Asher, Jay",,"=""1595141715""","=""9781595141712""",5.0,Razorbill,Hardcover,288,2007,2007,,2013/01/06,,,read,,,,1,0
24770,"Uglies (Uglies, #1)",Scott Westerfeld,"Westerfeld, Scott",,"=""0689865384""","=""9780689865381""",5.0,Simon Pulse,Paperback,425,2005,2005,,2013/01/06,,,read,,,,1,0
41865,"Twilight (Twilight Saga, #1)",Stephenie Meyer,"Meyer, Stephenie",,"=""0316015849""","=""9780316015844""",2.0,"Little, Brown and Company",Paperback,498,2006,2005,,2013/01/06,,,read,,,,1,0
7735333,"Matched (Matched, #1)",Ally Condie,"Condie, Ally",,"=""0525423648""","=""9780525423645""",2.0,Dutton Books for Young Readers,Hardcover,369,2010,2010,,2013/01/06,,,read,,,,1,0
3,"Harry Potter and the Sorcerer's Stone (Harry Potter, #1)",J.K. Rowling,"Rowling, J.K.",,"=""0439554934""","=""9780439554930""",5.0,Scholastic Inc,Hardcover,309,2003,1997,,2013/01/06,,,read,,,,1,0
14935,Sense and Sensibility,Jane Austen,"Austen, Jane","Ros Ballaster, Джейн Остин","=""0141439661""","=""9780141439662""",4.0,Penguin Books,Paperback,409,2003,1811,,2013/01/06,,,read,,,,1,0
1885,Pride and Prejudice,Jane Austen,"Austen, Jane",Anna Quindlen,"=""1441341706""","=""9781441341709""",4.0,Modern Library,Paperback,279,2023,1813,,2013/01/06,,,read,,,,1,0
